seq_id	resi	resi_seq_posi	metal_type	label
1a4v_A	D	86	CA	0
1a4v_A	D	87	CA	0
1a4v_A	D	83	CA	0
1a4v_A	D	81	CA	0
1a4v_A	D	82	CA	0
1a5t_A	C	58	ZN	1
1a5t_A	C	64	ZN	1
1a5t_A	C	49	ZN	1
1a5t_A	C	61	ZN	1
1a73_B	C	131	ZN	1
1a73_B	H	133	ZN	1
1a73_B	C	124	ZN	1
1a73_B	C	137	ZN	1
1a73_B	C	40	ZN	1
1a73_B	C	104	ZN	1
1a73_B	H	109	ZN	1
1a73_B	C	99	ZN	1
1a8v_B	H	2	CU	1
1a8v_B	E	49	CU	1
1af6_A	D	77	MG	0
1ag9_B	D	65	CA	0
1ag9_B	E	59	CA	0
1aks_A	E	58	CA	0
1aks_A	E	51	CA	0
1aks_A	E	61	CA	0
1ao0_D	C	381	SF4	2
1ao0_D	C	235	SF4	2
1ao0_D	C	439	SF4	2
1ao0_D	C	436	SF4	2
1aor_A	E	331	FE	1
1aor_A	H	382	FE	1
1aor_A	C	294	SF4	2
1aor_A	C	290	SF4	2
1aor_A	C	287	SF4	2
1aor_A	C	493	SF4	2
1aso_B	C	506	CU	1
1aso_B	H	511	CU	1
1aso_B	H	444	CU	1
1aso_B	H	505	CU	1
1aso_B	H	449	CU	1
1aso_B	H	105	CU	1
1aso_B	H	507	CU	1
1aso_B	H	103	CU	1
1aso_B	H	61	CU	1
1au1_B	H	92	ZN	1
1au1_B	H	120	ZN	1
1au1_B	H	96	ZN	1
1aui_A	D	117	ZN	1
1aui_A	H	198	ZN	1
1aui_A	H	280	ZN	1
1aui_A	H	91	FE	1
1aui_A	D	89	FE	1
1auk_A	D	262	MG	0
1auk_A	D	11	MG	0
1auk_A	D	10	MG	0
1axk_B	D	148	CA	0
1aye_A	E	163	ZN	1
1aye_A	H	287	ZN	1
1aye_A	H	160	ZN	1
1b0n_A	D	62	ZN	1
1b0n_A	H	65	ZN	1
1b0n_A	D	54	ZN	1
1b6a_A	E	363	CO	1
1b6a_A	E	458	CO	1
1b6a_A	D	261	CO	1
1b6a_A	H	330	CO	1
1b6a_A	D	250	CO	1
1bf2_A	D	258	CA	0
1bf2_A	D	127	CA	0
1bf2_A	E	228	CA	0
1bou_D	H	11	FE	1
1bou_D	H	60	FE	1
1bou_D	E	241	FE	1
1brw_B	E	254	CA	0
1c2e_A	E	61	CA	0
1c2e_A	E	51	CA	0
1c2e_A	D	175	MG	0
1c7k_A	H	86	ZN	1
1c7k_A	D	92	ZN	1
1c7k_A	H	82	ZN	1
1c8n_B	D	162	CA	0
1c8n_B	D	159	CA	0
1cb8_A	D	393	CA	0
1cb8_A	D	384	CA	0
1cb8_A	E	382	CA	0
1cg2_D	E	153	ZN	1
1cg2_D	H	362	ZN	1
1cg2_D	D	118	ZN	1
1cg2_D	E	177	ZN	1
1cg2_D	H	89	ZN	1
1cjv_C	E	208	ZN	1
1cjv_C	H	219	ZN	1
1ck7_A	H	373	ZN	1
1ck7_A	H	377	ZN	1
1ck7_A	C	72	ZN	1
1ck7_A	H	383	ZN	1
1ck7_A	H	148	ZN	1
1ck7_A	H	176	ZN	1
1ck7_A	H	163	ZN	1
1ck7_A	D	150	ZN	1
1ck7_A	E	181	CA	0
1ck7_A	D	178	CA	0
1ck7_A	D	155	CA	0
1ck7_A	D	158	CA	0
1ck7_A	D	138	CA	0
1ck7_A	D	446	CA	0
1ck7_A	D	588	CA	0
1ck7_A	D	491	CA	0
1ck7_A	D	539	CA	0
1cmc_B	E	18	MG	0
1cmc_B	H	13	MG	0
1cp7_A	D	159	ZN	1
1cp7_A	H	84	ZN	1
1cp7_A	D	96	ZN	1
1cp7_A	H	246	ZN	1
1cp7_A	E	131	ZN	1
1cp7_A	D	265	CA	0
1cp7_A	D	261	CA	0
1cp7_A	D	2	CA	0
1cru_B	D	272	CA	0
1cru_B	E	308	CA	0
1cvr_A	E	160	CA	0
1cvr_A	D	291	CA	0
1cvr_A	H	165	CA	0
1cvr_A	D	77	CA	0
1cvr_A	E	257	CA	0
1cvr_A	E	106	CA	0
1cvr_A	D	102	CA	0
1cvr_A	E	292	CA	0
1cvr_A	H	301	CA	0
1cvr_A	E	295	CA	0
1cyx_A	C	96	CU	1
1cyx_A	C	100	CU	1
1cyx_A	H	104	CU	1
1cyx_A	E	98	CU	1
1cyx_A	H	61	CU	1
1d0c_A	C	57	ZN	1
1d0c_A	C	62	ZN	1
1d0q_B	C	60	ZN	1
1d0q_B	C	63	ZN	1
1d0q_B	H	42	ZN	1
1d0q_B	C	39	ZN	1
1d2v_B	D	95	CA	0
1d8h_C	E	66	MN	1
1d8h_C	E	257	MN	1
1d8h_C	E	68	MN	1
1de6_C	H	292	ZN	1
1de6_C	D	265	ZN	1
1de6_C	D	332	ZN	1
1de6_C	E	232	ZN	1
1de6_C	D	300	MN	1
1de6_C	D	302	MN	1
1de6_C	H	268	MN	1
1dek_B	E	107	MG	0
1djw_B	D	520	CA	0
1djw_B	D	575	CA	0
1djw_B	D	573	CA	0
1doi_A	C	67	FES	2
1doi_A	C	101	FES	2
1doi_A	C	70	FES	2
1doi_A	C	62	FES	2
1du3_K	C	116	ZN	1
1dva_M	D	21	CA	0
1dx5_L	D	78	CA	0
1dx5_L	E	81	CA	0
1dxg_B	C	27	FE	1
1dxg_B	C	11	FE	1
1dxg_B	C	28	FE	1
1dxg_B	C	8	FE	1
1dy1_A	D	79	ZN	1
1dy1_A	H	6	ZN	1
1dy1_A	H	4	ZN	1
1dy1_A	H	14	ZN	1
1dyo_B	E	15	CA	0
1dyo_B	D	148	CA	0
1dyo_B	E	41	CA	0
1e1h_C	H	259	ZN	1
1e1h_C	H	263	ZN	1
1e5s_B	H	157	FE	1
1e5s_B	D	108	FE	1
1e5s_B	H	106	FE	1
1eb6_A	H	127	ZN	1
1eb6_A	D	142	ZN	1
1eb6_A	H	131	ZN	1
1eo4_A	E	44	MN	1
1eo4_A	D	73	MN	1
1ep3_B	C	230	FES	2
1ep3_B	C	248	FES	2
1ep3_B	C	233	FES	2
1ep3_B	C	225	FES	2
1ept_B	E	8	CA	0
1ept_B	E	15	CA	0
1ept_B	E	18	CA	0
1eu4_A	D	159	ZN	1
1eu4_A	D	199	ZN	1
1eu4_A	H	197	ZN	1
1ezm_A	E	163	ZN	1
1ezm_A	H	143	ZN	1
1ezm_A	H	139	ZN	1
1ezm_A	D	182	CA	0
1ezm_A	E	174	CA	0
1ezm_A	E	171	CA	0
1ezm_A	D	135	CA	0
1f2i_L	H	39	ZN	1
1f2i_L	C	21	ZN	1
1f2i_L	C	26	ZN	1
1f2i_L	H	43	ZN	1
1f2i_L	H	71	ZN	1
1f2i_L	H	67	ZN	1
1f2i_L	C	54	ZN	1
1f2i_L	C	51	ZN	1
1f35_B	E	145	ZN	1
1f35_B	D	16	ZN	1
1f35_B	D	18	ZN	1
1f5f_A	E	51	CA	0
1f5f_A	D	49	CA	0
1f5f_A	D	64	ZN	1
1f5f_A	H	135	ZN	1
1f5f_A	H	82	ZN	1
1f5t_D	D	101	NI	1
1f5t_D	E	104	NI	1
1f5t_D	H	105	NI	1
1f5t_D	E	82	NI	1
1f5t_D	H	97	NI	1
1f5t_D	H	78	NI	1
1f9z_A	H	73	NI	1
1f9z_A	H	4	NI	1
1f9z_A	E	55	NI	1
1f9z_A	E	121	NI	1
1fi2_A	H	89	MN	1
1fi2_A	E	94	MN	1
1fi2_A	H	136	MN	1
1fi2_A	H	87	MN	1
1flg_B	D	16	CA	0
1flg_B	D	10	CA	0
1fmj_B	E	117	CA	0
1fmj_B	D	121	CA	0
1frf_L	C	542	NI	1
1frf_L	C	74	NI	1
1frf_L	C	545	NI	1
1frf_L	C	71	NI	1
1frf_L	E	52	MG	0
1frf_L	H	548	MG	0
1fx7_D	E	82	CO	1
1fx7_D	H	78	CO	1
1fx7_D	H	97	CO	1
1fx7_D	E	171	CO	1
1fx7_D	E	104	CO	1
1fx7_D	C	101	CO	1
1fx7_D	H	105	CO	1
1fzh_B	E	113	FE	1
1fzh_B	E	143	FE	1
1fzh_B	H	146	FE	1
1fzh_B	H	245	FE	1
1fzh_B	E	242	FE	1
1fzh_B	E	208	FE	1
1fzh_B	D	333	CA	0
1fzh_B	D	337	CA	0
1g0u_Z	H	213	MG	0
1g12_A	H	116	ZN	1
1g12_A	D	129	ZN	1
1g12_A	H	120	ZN	1
1g1i_A	E	25	CA	0
1g29_2	D	355	MG	0
1g29_2	D	292	MG	0
1g33_A	D	14	CA	0
1g33_A	D	16	CA	0
1g33_A	E	25	CA	0
1g33_A	E	22	CA	0
1g33_A	E	64	CA	0
1g33_A	D	53	CA	0
1g33_A	D	55	CA	0
1g33_A	D	57	CA	0
1g5b_B	H	21	MN	1
1g5b_B	D	19	MN	1
1g5b_B	D	48	MN	1
1g5c_F	C	31	ZN	1
1g5c_F	C	89	ZN	1
1g5c_F	H	86	ZN	1
1g5c_F	E	96	CA	0
1g73_D	C	65	ZN	1
1g73_D	H	82	ZN	1
1g73_D	C	62	ZN	1
1g73_D	C	89	ZN	1
1g8k_G	D	128	CA	0
1g8k_G	D	782	CA	0
1g8k_G	C	23	F3S	2
1g8k_G	C	20	F3S	2
1g8k_G	C	27	F3S	2
1ga6_A	D	327	CA	0
1ga6_A	D	347	CA	0
1gax_B	C	175	ZN	1
1gax_B	C	178	ZN	1
1gax_B	C	346	ZN	1
1gax_B	C	343	ZN	1
1gax_B	C	416	ZN	1
1gax_B	C	437	ZN	1
1gax_B	C	440	ZN	1
1gl4_A	H	160	ZN	1
1gl4_A	D	158	ZN	1
1gl4_A	H	162	ZN	1
1glc_F	H	74	ZN	1
1glc_F	H	89	ZN	1
1gn1_H	E	127	CA	0
1gn1_H	E	149	CA	0
1gtt_D	E	277	CA	0
1gtt_D	E	275	CA	0
1gtt_D	D	306	CA	0
1gud_A	D	34	ZN	1
1gud_A	E	2	ZN	1
1gud_A	D	17	ZN	1
1gui_A	D	147	CA	0
1gut_D	D	62	MG	0
1h0h_K	C	19	SF4	2
1h0h_K	C	53	SF4	2
1h0h_K	C	23	SF4	2
1h0h_K	C	16	SF4	2
1h1v_G	D	75	CA	0
1h1v_G	E	63	CA	0
1h1v_G	D	33	CA	0
1h1v_G	D	153	CA	0
1h1v_G	E	175	CA	0
1h1v_G	D	258	CA	0
1h1v_G	D	257	CA	0
1h1v_G	E	280	CA	0
1h30_A	D	72	CA	0
1h30_A	D	399	CA	0
1h30_A	E	74	CA	0
1h80_B	D	37	CA	0
1h80_B	D	33	CA	0
1h80_B	D	417	CA	0
1h80_B	D	419	CA	0
1h98_A	C	19	SF4	2
1h98_A	C	38	SF4	2
1h98_A	C	44	SF4	2
1h98_A	C	41	SF4	2
1h98_A	C	7	F3S	2
1h98_A	C	15	F3S	2
1h98_A	C	48	F3S	2
1h9r_B	D	16	NI	1
1h9r_B	D	18	NI	1
1h9r_B	H	23	NI	1
1hdf_B	D	44	CA	0
1hdf_B	D	88	CA	0
1hfe_S	D	85	ZN	1
1hfe_S	H	81	ZN	1
1hk8_A	C	545	ZN	1
1hk8_A	C	542	ZN	1
1hk8_A	C	563	ZN	1
1hk8_A	C	560	ZN	1
1hlq_C	C	53	SF4	2
1hlq_C	C	37	SF4	2
1hlq_C	C	67	SF4	2
1hlq_C	C	40	SF4	2
1hp7_A	E	88	ZN	1
1hp7_A	H	92	ZN	1
1hp7_A	H	72	ZN	1
1hp7_A	H	286	ZN	1
1hp7_A	E	362	ZN	1
1ht6_A	D	148	CA	0
1ht6_A	D	138	CA	0
1ht6_A	E	108	CA	0
1ht6_A	D	117	CA	0
1ht6_A	D	113	CA	0
1ht6_A	D	127	CA	0
1ht6_A	D	142	CA	0
1htn_A	D	116	CA	0
1htn_A	E	150	CA	0
1htn_A	E	120	CA	0
1htn_A	D	165	CA	0
1htn_A	D	145	CA	0
1htv_B	H	9	ZN	1
1hwt_D	H	36	ZN	1
1hwt_D	H	25	ZN	1
1hxr_B	C	88	ZN	1
1hxr_B	C	17	ZN	1
1hxr_B	C	14	ZN	1
1hxr_B	C	85	ZN	1
1hyo_B	D	234	MG	0
1i3o_F	C	83	ZN	1
1i3o_F	H	100	ZN	1
1i3o_F	C	107	ZN	1
1i3o_F	C	80	ZN	1
1i6n_A	E	245	ZN	1
1i6n_A	H	199	ZN	1
1i6n_A	D	173	ZN	1
1i6n_A	E	141	ZN	1
1i8u_A	D	94	CA	0
1i8u_A	E	91	CA	0
1i8u_A	D	93	CA	0
1i8u_A	D	81	CA	0
1i8u_A	D	16	CA	0
1i8u_A	E	130	CA	0
1i8u_A	E	14	CA	0
1i8u_A	D	12	CA	0
1i8u_A	D	154	CA	0
1i8u_A	D	74	CA	0
1i8u_A	D	60	CA	0
1i9b_B	D	181	CA	0
1i9b_B	D	167	CA	0
1ia6_A	D	210	CA	0
1ia6_A	D	211	CA	0
1ia6_A	D	256	CA	0
1ia6_A	H	38	ZN	1
1ia6_A	C	37	ZN	1
1ia6_A	H	54	ZN	1
1ia6_A	C	21	ZN	1
1ia6_A	H	3	NI	1
1ia6_A	D	342	NI	1
1iby_D	E	59	CU	1
1iby_D	H	102	CU	1
1iby_D	C	94	CU	1
1iby_D	H	97	CU	1
1id2_C	H	95	CU	1
1id2_C	C	92	CU	1
1id2_C	H	53	CU	1
1iid_A	D	3	NI	1
1iid_A	H	4	NI	1
1ile_A	C	391	ZN	1
1ile_A	C	388	ZN	1
1ile_A	C	183	ZN	1
1ile_A	C	180	ZN	1
1ile_A	C	460	ZN	1
1ile_A	C	501	ZN	1
1ile_A	C	463	ZN	1
1ile_A	C	503	ZN	1
1ips_B	H	269	MN	1
1ips_B	H	213	MN	1
1ips_B	D	215	MN	1
1iq8_B	H	306	ZN	1
1iq8_B	C	280	ZN	1
1iq8_B	C	278	ZN	1
1iq8_B	C	283	ZN	1
1ir6_A	H	120	MN	1
1ir6_A	D	96	MN	1
1ir6_A	D	181	MN	1
1ir6_A	D	44	MN	1
1isu_B	C	24	SF4	2
1isu_B	C	54	SF4	2
1isu_B	C	21	SF4	2
1isu_B	C	39	SF4	2
1ix9_B	H	80	MN	1
1ix9_B	H	25	MN	1
1ix9_B	D	166	MN	1
1ix9_B	H	170	MN	1
1j24_A	E	47	CA	0
1j24_A	D	37	CA	0
1j2t_F	H	35	ZN	1
1j2t_F	E	182	ZN	1
1j2t_F	D	44	ZN	1
1j2t_F	H	119	MN	1
1j2t_F	E	33	MN	1
1j5u_A	D	134	CA	0
1j5u_A	H	18	CA	0
1j5u_A	D	21	CA	0
1j7n_B	H	689	ZN	1
1j7n_B	E	734	ZN	1
1j7n_B	H	685	ZN	1
1j83_B	D	13	CA	0
1j83_B	D	173	CA	0
1j8u_A	E	227	FE	1
1j8u_A	H	187	FE	1
1j8u_A	H	182	FE	1
1j98_A	H	57	ZN	1
1j98_A	H	53	ZN	1
1j98_A	C	125	ZN	1
1jd5_A	C	62	ZN	1
1jd5_A	C	65	ZN	1
1jd5_A	C	89	ZN	1
1jd5_A	H	82	ZN	1
1je5_B	E	192	CA	0
1je5_B	D	191	CA	0
1je5_B	D	188	CA	0
1jer_A	H	94	CU	1
1jer_A	C	89	CU	1
1jer_A	H	46	CU	1
1jfz_D	E	40	MN	1
1jfz_D	E	110	MN	1
1jfz_D	D	107	MN	1
1jhn_A	D	73	CA	0
1jhn_A	D	392	CA	0
1jke_C	E	102	ZN	1
1jke_C	D	106	ZN	1
1jke_C	E	17	ZN	1
1jnr_D	C	52	SF4	2
1jnr_D	C	49	SF4	2
1jnr_D	C	46	SF4	2
1jnr_D	C	24	SF4	2
1jnr_D	C	56	SF4	2
1jnr_D	C	9	SF4	2
1jnr_D	C	20	SF4	2
1jnr_D	C	12	SF4	2
1joc_B	C	90	ZN	1
1joc_B	C	115	ZN	1
1joc_B	C	118	ZN	1
1joc_B	C	87	ZN	1
1joc_B	C	98	ZN	1
1joc_B	C	95	ZN	1
1joc_B	C	74	ZN	1
1joc_B	C	71	ZN	1
1jq5_A	H	273	ZN	1
1jq5_A	H	255	ZN	1
1jq5_A	D	172	ZN	1
1jr3_C	C	72	ZN	1
1jr3_C	C	63	ZN	1
1jr3_C	C	75	ZN	1
1jr3_C	C	78	ZN	1
1jtd_B	D	67	CA	0
1jtd_B	D	81	CA	0
1jtg_D	D	132	CA	0
1jtg_D	D	134	CA	0
1juh_D	H	111	CU	1
1juh_D	H	67	CU	1
1juh_D	H	65	CU	1
1jvn_B	H	2	NI	1
1jw9_B	C	174	ZN	1
1jw9_B	C	246	ZN	1
1jw9_B	C	243	ZN	1
1jw9_B	C	171	ZN	1
1jz8_D	E	460	MG	0
1jz8_D	H	417	MG	0
1jz8_D	E	415	MG	0
1jz8_D	D	14	MG	0
1jz8_D	D	192	MG	0
1k0w_F	H	96	ZN	1
1k0w_F	H	170	ZN	1
1k0w_F	H	94	ZN	1
1k12_A	C	145	CA	0
1k12_A	E	146	CA	0
1k12_A	D	37	CA	0
1k1y_B	E	399	CA	0
1k1y_B	D	391	CA	0
1k1y_B	D	393	CA	0
1k1y_B	D	395	CA	0
1k24_A	H	12	ZN	1
1k24_A	D	14	ZN	1
1k24_A	H	34	ZN	1
1k24_A	D	68	ZN	1
1k24_A	H	127	ZN	1
1k2f_A	C	35	ZN	1
1k2f_A	C	42	ZN	1
1k2f_A	H	54	ZN	1
1k2f_A	H	59	ZN	1
1k2f_A	H	109	ZN	1
1k2f_A	D	107	ZN	1
1k2f_A	C	12	ZN	1
1k2f_A	C	28	ZN	1
1k2f_A	H	24	ZN	1
1k2f_A	C	5	ZN	1
1k6y_A	H	11	ZN	1
1k6y_A	H	15	ZN	1
1k6y_A	C	39	ZN	1
1k6y_A	C	42	ZN	1
1k7h_B	H	318	ZN	1
1k7h_B	D	314	ZN	1
1k7h_B	H	431	ZN	1
1k7h_B	D	36	ZN	1
1k7h_B	H	356	ZN	1
1k7h_B	D	355	ZN	1
1k7h_B	E	309	ZN	1
1k7h_B	H	148	ZN	1
1k8t_A	H	286	NI	1
1k8t_A	D	202	NI	1
1k8t_A	D	200	NI	1
1k9z_A	D	141	ZN	1
1k9z_A	E	71	ZN	1
1k9z_A	D	293	ZN	1
1k9z_A	D	144	ZN	1
1k9z_A	H	260	ZN	1
1k9z_A	E	234	ZN	1
1k9z_A	H	243	ZN	1
1kap_P	H	188	ZN	1
1kap_P	H	184	ZN	1
1kap_P	H	194	ZN	1
1kap_P	D	298	CA	0
1kap_P	D	293	CA	0
1kap_P	E	337	CA	0
1kap_P	D	346	CA	0
1kap_P	D	364	CA	0
1kap_P	D	408	CA	0
1kap_P	D	382	CA	0
1kap_P	D	373	CA	0
1kap_P	E	391	CA	0
1kap_P	D	398	CA	0
1kap_P	D	454	CA	0
1kap_P	H	460	CA	0
1kap_P	D	458	CA	0
1kap_P	D	462	CA	0
1kea_A	C	206	SF4	2
1kea_A	C	203	SF4	2
1kea_A	C	212	SF4	2
1kea_A	C	196	SF4	2
1keb_B	D	9	CU	1
1keb_B	D	1	CU	1
1kg2_A	C	201	SF4	2
1kg2_A	C	198	SF4	2
1kg2_A	C	191	SF4	2
1kg2_A	C	207	SF4	2
1khw_A	D	353	MN	1
1khw_A	D	249	MN	1
1kk1_A	C	62	ZN	1
1kk1_A	C	74	ZN	1
1kk1_A	C	59	ZN	1
1kk1_A	C	71	ZN	1
1kol_B	D	168	ZN	1
1kol_B	C	45	ZN	1
1kol_B	H	66	ZN	1
1kol_B	C	110	ZN	1
1kol_B	C	96	ZN	1
1kol_B	C	99	ZN	1
1kol_B	C	102	ZN	1
1kp4_A	D	64	CA	0
1kp4_A	D	42	CA	0
1kqf_B	C	44	SF4	2
1kqf_B	C	38	SF4	2
1kqf_B	C	41	SF4	2
1kqf_B	C	178	SF4	2
1kqf_B	C	162	SF4	2
1kqf_B	C	48	SF4	2
1kqf_B	C	159	SF4	2
1kqf_B	C	174	SF4	2
1kqf_B	C	142	SF4	2
1kqf_B	C	102	SF4	2
1kqf_B	C	99	SF4	2
1kqf_B	C	107	SF4	2
1kqf_B	C	132	SF4	2
1kqf_B	C	111	SF4	2
1kqf_B	C	135	SF4	2
1kqf_B	C	138	SF4	2
1ksi_B	H	597	CU	1
1ksi_B	H	438	CU	1
1ksi_B	H	436	CU	1
1ksi_B	D	447	MN	1
1ksi_B	D	586	MN	1
1ksi_B	D	445	MN	1
1kw3_B	H	208	FE	1
1kw3_B	H	144	FE	1
1kw3_B	E	259	FE	1
1kwg_A	C	149	ZN	1
1kwg_A	C	154	ZN	1
1kwg_A	C	105	ZN	1
1kwg_A	C	151	ZN	1
1l1o_F	C	50	ZN	1
1l1o_F	C	45	ZN	1
1l1o_F	C	67	ZN	1
1l1o_F	C	64	ZN	1
1l5j_B	C	709	F3S	2
1l5j_B	C	771	F3S	2
1l5j_B	C	768	F3S	2
1l5p_C	C	77	FES	2
1l5p_C	C	46	FES	2
1l5p_C	C	37	FES	2
1l5p_C	C	43	FES	2
1l6j_A	H	381	ZN	1
1l6j_A	H	385	ZN	1
1l6j_A	H	391	ZN	1
1l6j_A	C	79	ZN	1
1l6j_A	D	157	ZN	1
1l6j_A	H	155	ZN	1
1l6j_A	H	183	ZN	1
1l6j_A	H	170	ZN	1
1l6j_A	E	188	CA	0
1l6j_A	D	185	CA	0
1l6j_A	D	162	CA	0
1l6j_A	D	186	CA	0
1l6j_A	D	111	CA	0
1l6j_A	D	145	CA	0
1l6j_A	D	181	CA	0
1l6r_B	D	10	CA	0
1l6r_B	D	12	CA	0
1l6r_B	D	176	CA	0
1l6r_B	D	180	CA	0
1l7l_A	D	99	CA	0
1l7o_B	E	198	ZN	1
1l7o_B	C	196	ZN	1
1lam_A	D	254	ZN	1
1lam_A	D	331	ZN	1
1lam_A	E	333	ZN	1
1lam_A	D	272	ZN	1
1lba_A	C	125	ZN	1
1lba_A	H	117	ZN	1
1lba_A	H	12	ZN	1
1lbu_A	H	153	ZN	1
1lbu_A	H	196	ZN	1
1lbu_A	D	160	ZN	1
1le6_C	D	46	CA	0
1lev_F	D	117	MN	1
1lev_F	E	279	MN	1
1lev_F	D	120	MN	1
1lev_F	E	96	MN	1
1llm_D	H	21	ZN	1
1llm_D	H	25	ZN	1
1llm_D	C	8	ZN	1
1llm_D	C	5	ZN	1
1llm_D	C	33	ZN	1
1llm_D	H	54	ZN	1
1llm_D	C	36	ZN	1
1llm_D	H	49	ZN	1
1lml_A	H	164	ZN	1
1lml_A	H	168	ZN	1
1lml_A	H	234	ZN	1
1lnd_E	H	141	ZN	1
1lnd_E	H	145	ZN	1
1lnd_E	E	165	ZN	1
1lnd_E	H	230	ZN	1
1lnd_E	E	189	CA	0
1lnd_E	D	184	CA	0
1lnd_E	D	137	CA	0
1lnd_E	E	176	CA	0
1lnd_E	E	186	CA	0
1lnd_E	D	56	CA	0
1lnd_E	D	58	CA	0
1lnd_E	D	199	CA	0
1lr5_D	H	105	ZN	1
1lr5_D	H	56	ZN	1
1lr5_D	E	62	ZN	1
1lr5_D	H	58	ZN	1
1lvu_F	E	57	CA	0
1m0d_D	E	53	MN	1
1m0d_D	D	43	MN	1
1m2d_B	C	21	FES	2
1m2d_B	C	8	FES	2
1m2d_B	C	54	FES	2
1m4l_A	E	71	ZN	1
1m4l_A	H	195	ZN	1
1m4l_A	H	68	ZN	1
1m55_B	E	81	ZN	1
1m55_B	H	90	ZN	1
1m55_B	H	88	ZN	1
1mjn_A	D	111	MG	0
1mpx_D	D	302	CA	0
1mpx_D	E	299	CA	0
1mr1_D	H	47	ZN	1
1mr1_D	C	32	ZN	1
1mr1_D	H	49	ZN	1
1mr1_D	C	35	ZN	1
1mvo_A	D	10	MN	1
1mvo_A	D	53	MN	1
1mxg_A	C	165	ZN	1
1mxg_A	H	146	ZN	1
1mxg_A	H	151	ZN	1
1mxg_A	D	154	CA	0
1mxg_A	D	163	CA	0
1mxg_A	D	251	MG	0
1mxg_A	D	255	MG	0
1mxg_A	D	346	MG	0
1mxg_A	D	348	MG	0
1mxg_A	E	349	MG	0
1mxg_A	E	79	MG	0
1mxg_A	E	87	MG	0
1mxr_B	H	117	FE	1
1mxr_B	D	83	FE	1
1mxr_B	E	114	FE	1
1mxr_B	E	237	FE	1
1mxr_B	H	240	FE	1
1mxr_B	E	203	FE	1
1n62_D	C	136	FES	2
1n62_D	C	104	FES	2
1n62_D	C	138	FES	2
1n62_D	C	101	FES	2
1n62_D	C	46	FES	2
1n62_D	C	49	FES	2
1n62_D	C	61	FES	2
1n62_D	C	41	FES	2
1n7v_A	D	423	CA	0
1nfv_P	E	55	FE	1
1nfv_P	E	131	FE	1
1nfv_P	H	58	FE	1
1nfv_P	E	22	FE	1
1nfv_P	H	134	FE	1
1nfv_P	E	98	FE	1
1ng0_C	D	138	CA	0
1ng0_C	D	135	CA	0
1nit_A	C	423	SF4	2
1nit_A	C	420	SF4	2
1nit_A	C	357	SF4	2
1njg_B	C	70	ZN	1
1njg_B	C	79	ZN	1
1njg_B	C	85	ZN	1
1njg_B	C	82	ZN	1
1njx_A	D	533	MG	0
1njx_A	D	356	MG	0
1nkg_A	E	346	CA	0
1nkg_A	D	348	CA	0
1nkg_A	D	501	CA	0
1nlt_A	C	101	ZN	1
1nlt_A	C	98	ZN	1
1nlt_A	C	43	ZN	1
1nlt_A	C	40	ZN	1
1nlt_A	C	56	ZN	1
1nlt_A	C	59	ZN	1
1nlt_A	C	85	ZN	1
1nlt_A	C	82	ZN	1
1nlx_N	D	75	ZN	1
1nlx_N	H	76	ZN	1
1nlx_N	E	102	ZN	1
1nlx_N	H	89	ZN	1
1nlx_N	E	92	ZN	1
1nlx_N	H	104	ZN	1
1nmo_F	H	63	FE	1
1nmo_F	H	214	FE	1
1nmo_F	E	218	FE	1
1nmo_F	D	100	FE	1
1nmo_F	H	62	FE	1
1nn7_A	H	63	ZN	1
1nn7_A	C	91	ZN	1
1nn7_A	C	90	ZN	1
1nnl_B	D	19	CA	0
1nnl_B	D	21	CA	0
1nnl_B	D	178	CA	0
1no5_A	D	47	ZN	1
1no5_A	D	45	ZN	1
1no5_A	D	78	ZN	1
1no5_A	E	91	ZN	1
1no5_A	D	7	ZN	1
1no5_A	E	87	ZN	1
1nr9_D	E	71	MG	0
1nr9_D	D	102	MG	0
1nr9_D	E	73	MG	0
1nui_B	C	16	ZN	1
1nui_B	C	35	ZN	1
1nui_B	C	19	ZN	1
1nui_B	C	38	ZN	1
1nw1_B	E	319	CA	0
1nw1_B	E	257	CA	0
1nyk_B	H	88	FES	2
1nyk_B	C	105	FES	2
1nyk_B	H	108	FES	2
1nyk_B	C	86	FES	2
1nzi_B	D	115	CA	0
1nzi_B	E	118	CA	0
1nzi_B	D	52	MG	0
1nzi_B	D	97	MG	0
1nzi_B	E	44	MG	0
1o8s_A	E	48	CA	0
1o8s_A	D	158	CA	0
1o94_B	C	347	SF4	2
1o94_B	C	363	SF4	2
1o94_B	C	350	SF4	2
1o94_B	C	344	SF4	2
1o9i_F	D	56	CA	0
1o9i_F	D	60	CA	0
1obg_A	D	237	MG	0
1obg_A	D	257	MG	0
1odh_A	H	153	ZN	1
1odh_A	C	75	ZN	1
1odh_A	H	151	ZN	1
1odh_A	C	124	ZN	1
1odh_A	C	81	ZN	1
1odh_A	C	115	ZN	1
1odh_A	C	112	ZN	1
1odh_A	C	85	ZN	1
1of8_B	C	75	CO	1
1of8_B	H	281	CO	1
1of8_B	D	341	CO	1
1of8_B	E	315	CO	1
1oh4_A	D	14	CA	0
1oh4_A	D	167	CA	0
1ohf_B	D	206	MG	0
1ohf_B	D	181	MG	0
1oi0_C	D	82	ZN	1
1oi0_C	H	69	ZN	1
1oi0_C	H	71	ZN	1
1on1_B	H	76	MN	1
1on1_B	E	98	MN	1
1on1_B	E	101	MN	1
1on1_B	E	10	MN	1
1on1_B	D	7	MN	1
1on1_B	H	102	MN	1
1ons_A	H	121	ZN	1
1ons_A	E	89	ZN	1
1ons_A	H	84	ZN	1
1oqj_B	C	92	ZN	1
1oqj_B	H	84	ZN	1
1oqj_B	C	88	ZN	1
1oqj_B	C	27	ZN	1
1orn_A	C	191	SF4	2
1orn_A	C	207	SF4	2
1orn_A	C	201	SF4	2
1orn_A	C	198	SF4	2
1ou9_A	E	80	CA	0
1ovs_D	E	94	CA	0
1ovs_D	D	98	CA	0
1ovs_D	D	103	CA	0
1ox7_B	C	96	ZN	1
1ox7_B	H	64	ZN	1
1ox7_B	C	93	ZN	1
1oyg_A	D	312	CA	0
1oyg_A	D	214	CA	0
1oyw_A	C	379	ZN	1
1oyw_A	C	399	ZN	1
1oyw_A	C	402	ZN	1
1oyw_A	C	396	ZN	1
1oyw_A	D	34	MN	1
1oyw_A	E	30	MN	1
1oyw_A	E	9	MN	1
1ozb_J	C	7	ZN	1
1ozb_J	C	9	ZN	1
1ozb_J	C	18	ZN	1
1ozb_J	H	19	ZN	1
1p91_B	C	7	ZN	1
1p91_B	C	20	ZN	1
1p91_B	C	4	ZN	1
1p91_B	H	24	ZN	1
1pb0_C	H	14	ZN	1
1pb0_C	H	39	ZN	1
1pb0_C	H	163	ZN	1
1pb0_C	H	193	ZN	1
1pb0_C	H	6	ZN	1
1pb0_C	D	191	ZN	1
1pb0_C	H	8	ZN	1
1pb0_C	E	72	ZN	1
1pb0_C	H	130	ZN	1
1pb0_C	H	100	ZN	1
1pgu_B	D	369	ZN	1
1pgu_B	E	329	ZN	1
1pgu_B	H	367	ZN	1
1phm_A	H	127	CU	1
1phm_A	H	63	CU	1
1phm_A	H	62	CU	1
1phm_A	H	199	CU	1
1phm_A	H	197	CU	1
1pi1_A	C	52	ZN	1
1pi1_A	H	134	ZN	1
1pi1_A	H	129	ZN	1
1pi1_A	C	47	ZN	1
1pmh_X	D	175	CA	0
1pmh_X	E	11	CA	0
1pmh_X	D	9	CA	0
1pmi_A	H	283	ZN	1
1pmi_A	H	111	ZN	1
1pmi_A	E	136	ZN	1
1ppv_B	H	31	MN	1
1ppv_B	E	113	MN	1
1ppv_B	H	68	MN	1
1ppv_B	H	24	MN	1
1ppv_B	E	115	MN	1
1pq4_B	H	132	ZN	1
1pq4_B	H	36	ZN	1
1pq4_B	H	196	ZN	1
1pw9_A	E	150	CA	0
1pw9_A	D	163	CA	0
1pw9_A	E	142	CA	0
1pw9_A	D	151	CA	0
1pw9_A	D	118	CA	0
1pw9_A	E	122	CA	0
1pw9_A	D	145	CA	0
1pw9_A	E	53	CA	0
1pzw_A	C	5	ZN	1
1pzw_A	C	54	ZN	1
1pzw_A	C	2	ZN	1
1pzw_A	C	51	ZN	1
1q0g_L	C	1	NI	1
1q0g_L	C	5	NI	1
1q0g_L	H	0	NI	1
1q5y_D	C	46	NI	1
1q5y_D	H	38	NI	1
1q5y_D	H	40	NI	1
1q5y_D	H	27	NI	1
1q74_D	H	146	ZN	1
1q74_D	H	12	ZN	1
1q74_D	D	15	ZN	1
1q92_A	D	144	MG	0
1q92_A	D	11	MG	0
1q92_A	D	9	MG	0
1q99_B	H	96	NI	1
1q99_B	H	7	NI	1
1q99_B	E	13	NI	1
1qf8_B	C	139	ZN	1
1qf8_B	C	108	ZN	1
1qf8_B	C	136	ZN	1
1qf8_B	C	113	ZN	1
1qhq_A	H	126	CU	1
1qhq_A	H	56	CU	1
1qhq_A	C	121	CU	1
1qlb_D	E	392	CA	0
1qle_B	C	219	CU	1
1qle_B	C	215	CU	1
1qle_B	H	180	CU	1
1qle_B	H	223	CU	1
1qle_B	E	217	MN	1
1qls_A	D	25	CA	0
1qls_A	E	35	CA	0
1qls_A	D	69	CA	0
1qls_A	D	65	CA	0
1qls_A	E	76	CA	0
1qls_A	D	67	CA	0
1qmd_B	H	10	ZN	1
1qmd_B	D	129	ZN	1
1qmd_B	H	67	ZN	1
1qmd_B	D	55	ZN	1
1qmd_B	H	125	ZN	1
1qmd_B	D	292	CA	0
1qmd_B	D	297	CA	0
1qmd_B	D	335	CA	0
1qmd_B	D	268	CA	0
1qmd_B	D	272	CA	0
1qmu_A	H	70	ZN	1
1qmu_A	E	73	ZN	1
1qmu_A	H	177	ZN	1
1qwr_A	H	175	ZN	1
1qwr_A	H	100	ZN	1
1qwr_A	E	118	ZN	1
1qwy_A	H	184	ZN	1
1qwy_A	D	188	ZN	1
1qwy_A	H	267	ZN	1
1qx2_B	E	65	CA	0
1qx2_B	E	60	CA	0
1qx2_B	D	58	CA	0
1qx2_B	D	54	CA	0
1qx2_B	E	27	CA	0
1qx2_B	D	19	CA	0
1qxj_B	H	135	NI	1
1qxj_B	H	87	NI	1
1qxj_B	E	96	NI	1
1qxj_B	H	89	NI	1
1r23_B	E	119	ZN	1
1r23_B	H	105	ZN	1
1r23_B	D	103	ZN	1
1r23_B	H	116	ZN	1
1r44_F	H	115	ZN	1
1r44_F	D	122	ZN	1
1r44_F	H	183	ZN	1
1r61_A	H	156	ZN	1
1r61_A	E	168	ZN	1
1r61_A	D	52	ZN	1
1r6b_X	D	519	MG	0
1r6b_X	E	564	MG	0
1r6o_B	H	21	ZN	1
1r6o_B	E	62	ZN	1
1r6o_B	H	19	ZN	1
1r6v_A	D	212	CA	0
1r6v_A	D	170	CA	0
1r6v_A	E	128	CA	0
1r7o_A	E	92	ZN	1
1r7o_A	H	50	ZN	1
1r7o_A	D	82	ZN	1
1r7o_A	D	254	ZN	1
1r7o_A	H	182	ZN	1
1r7o_A	E	291	ZN	1
1r8c_A	D	109	MN	1
1r8c_A	D	60	MN	1
1r8c_A	E	58	MN	1
1r9z_A	H	66	FE	1
1r9z_A	H	217	FE	1
1r9z_A	H	64	FE	1
1rcw_C	E	80	FE	1
1rcw_C	H	87	FE	1
1rcw_C	H	173	FE	1
1rcw_C	E	141	FE	1
1rcw_C	D	177	FE	1
1rcw_C	H	180	FE	1
1rdo_2	E	56	CA	0
1rdo_2	D	52	CA	0
1rdo_2	E	84	CA	0
1rdo_2	D	97	CA	0
1rdo_2	E	76	CA	0
1rkq_B	D	221	MG	0
1rkq_B	D	12	MG	0
1rkq_B	D	10	MG	0
1rku_B	D	152	MG	0
1rku_B	D	7	MG	0
1rku_B	E	9	MG	0
1rlm_D	D	8	MG	0
1rlm_D	D	214	MG	0
1rlm_D	D	10	MG	0
1rm6_E	C	154	SF4	2
1rm6_E	C	137	SF4	2
1rm6_E	C	145	SF4	2
1rm6_E	C	121	SF4	2
1rmd_A	C	1	ZN	1
1rmd_A	H	5	ZN	1
1rmd_A	H	30	ZN	1
1rmd_A	C	28	ZN	1
1rmd_A	C	45	ZN	1
1rmd_A	C	25	ZN	1
1rmd_A	C	48	ZN	1
1rmd_A	C	40	ZN	1
1rmd_A	H	42	ZN	1
1rmd_A	C	60	ZN	1
1rmd_A	C	63	ZN	1
1rmd_A	C	90	ZN	1
1rmd_A	H	111	ZN	1
1rmd_A	H	107	ZN	1
1rmd_A	C	95	ZN	1
1rmt_D	D	166	MG	0
1rmt_D	D	45	MG	0
1rmt_D	D	43	MG	0
1ro0_A	C	151	ZN	1
1ro0_A	H	148	ZN	1
1ro0_A	C	156	ZN	1
1ro0_A	H	101	ZN	1
1ro5_A	H	2	ZN	1
1rq5_A	D	349	CA	0
1rq5_A	E	355	CA	0
1rq5_A	D	354	CA	0
1rq5_A	E	220	CA	0
1rq5_A	D	227	CA	0
1rq5_A	D	213	CA	0
1rq5_A	D	230	CA	0
1rrc_A	D	166	CA	0
1rrc_A	D	164	CA	0
1rrc_A	D	277	CA	0
1rtg_A	D	25	CA	0
1rtg_A	D	167	CA	0
1rtg_A	D	70	CA	0
1rtg_A	D	118	CA	0
1rtq_A	D	116	ZN	1
1rtq_A	E	151	ZN	1
1rtq_A	H	255	ZN	1
1rtq_A	H	96	ZN	1
1rtq_A	D	178	ZN	1
1ru4_A	D	207	CA	0
1ru4_A	D	183	CA	0
1ru4_A	D	211	CA	0
1ru4_A	D	208	CA	0
1ru4_A	D	392	CA	0
1ru4_A	E	397	CA	0
1rut_X	C	7	ZN	1
1rut_X	C	31	ZN	1
1rut_X	C	10	ZN	1
1rut_X	H	28	ZN	1
1rut_X	D	60	ZN	1
1rut_X	C	57	ZN	1
1rut_X	C	37	ZN	1
1rut_X	C	34	ZN	1
1rut_X	C	121	ZN	1
1rut_X	C	99	ZN	1
1rut_X	D	124	ZN	1
1rut_X	C	102	ZN	1
1rut_X	H	93	ZN	1
1rut_X	C	74	ZN	1
1rut_X	C	96	ZN	1
1rut_X	C	71	ZN	1
1rwy_C	D	52	CA	0
1rwy_C	E	58	CA	0
1rwy_C	E	61	CA	0
1rwy_C	D	50	CA	0
1rwy_C	D	93	CA	0
1rwy_C	E	100	CA	0
1rwy_C	D	91	CA	0
1rwy_C	D	89	CA	0
1rxf_A	D	184	FE	1
1rxf_A	H	242	FE	1
1rxf_A	H	182	FE	1
1ryq_A	C	28	ZN	1
1ryq_A	C	13	ZN	1
1ryq_A	C	25	ZN	1
1ryq_A	C	16	ZN	1
1s1d_B	E	144	CA	0
1s1d_B	E	213	CA	0
1s3x_A	D	231	CA	0
1s3x_A	H	226	CA	0
1s3x_A	E	230	CA	0
1s4c_D	H	129	CU	1
1s4c_D	H	64	CU	1
1s4c_D	D	69	CU	1
1s5j_A	D	195	MG	0
1s5j_A	E	197	MG	0
1s5j_A	D	377	MG	0
1s7g_D	C	152	ZN	1
1s7g_D	C	149	ZN	1
1s7g_D	C	128	ZN	1
1s7g_D	C	125	ZN	1
1s7g_D	E	179	ZN	1
1s7g_D	H	16	ZN	1
1s7g_D	H	182	ZN	1
1sdd_A	E	107	CA	0
1sdd_A	D	110	CA	0
1sdd_A	D	111	CA	0
1sdd_B	D	307	CU	1
1sdd_B	H	267	CU	1
1sdd_B	H	265	CU	1
1se0_A	C	77	ZN	1
1se0_A	C	50	ZN	1
1se0_A	C	53	ZN	1
1se0_A	H	70	ZN	1
1sf8_G	D	74	NI	1
1sf8_G	H	6	NI	1
1sf8_G	H	31	NI	1
1sf8_G	H	8	NI	1
1sg6_B	H	270	ZN	1
1sg6_B	H	286	ZN	1
1sg6_B	E	193	ZN	1
1sj1_B	C	10	F3S	2
1sj1_B	C	55	F3S	2
1sj1_B	C	16	F3S	2
1sl6_F	D	116	CA	0
1sl6_F	E	120	CA	0
1sl6_F	E	150	CA	0
1sl6_F	D	151	CA	0
1sl6_F	D	168	CA	0
1smv_A	D	143	CA	0
1smv_A	D	146	CA	0
1spu_B	H	525	CU	1
1spu_B	H	523	CU	1
1spu_B	H	688	CU	1
1spu_B	D	532	CA	0
1spu_B	D	677	CA	0
1spu_B	D	534	CA	0
1spu_B	E	572	CA	0
1spu_B	E	671	CA	0
1sra_A	D	86	CA	0
1sra_A	E	98	CA	0
1sra_A	D	91	CA	0
1sra_A	D	121	CA	0
1sra_A	E	132	CA	0
1sra_A	D	123	CA	0
1sra_A	D	125	CA	0
1sra_A	E	110	CA	0
1su3_B	D	138	CA	0
1su3_B	D	174	CA	0
1su3_B	D	178	CA	0
1su3_B	D	155	CA	0
1su3_B	E	181	CA	0
1su3_B	E	179	CA	0
1su3_B	D	104	CA	0
1su3_B	D	265	CA	0
1su3_B	D	358	CA	0
1su3_B	D	407	CA	0
1su3_B	E	309	CA	0
1su3_B	H	208	ZN	1
1su3_B	C	72	ZN	1
1su3_B	H	202	ZN	1
1su3_B	H	198	ZN	1
1su3_B	H	176	ZN	1
1su3_B	H	163	ZN	1
1su3_B	H	148	ZN	1
1su3_B	D	150	ZN	1
1sum_B	E	87	FE	1
1sum_B	E	90	FE	1
1sum_B	E	55	FE	1
1sum_B	D	52	NI	1
1sum_B	E	49	NI	1
1sum_B	E	48	NI	1
1svm_F	C	51	ZN	1
1svm_F	C	54	ZN	1
1svm_F	H	62	ZN	1
1svm_F	H	66	ZN	1
1svv_B	D	36	ZN	1
1svv_B	H	41	ZN	1
1svv_B	H	49	ZN	1
1sw4_B	D	238	ZN	1
1sw4_B	E	237	ZN	1
1sw4_B	D	241	ZN	1
1sw4_B	D	243	ZN	1
1sw4_B	D	80	ZN	1
1syy_A	E	119	FE	1
1syy_A	H	229	FE	1
1syy_A	E	192	FE	1
1syy_A	E	226	FE	1
1syy_A	E	88	FE	1
1syy_A	H	122	FE	1
1t0b_H	E	155	ZN	1
1t0b_H	H	103	ZN	1
1t0b_H	H	201	ZN	1
1t0f_B	D	116	MG	0
1t1e_A	D	525	CA	0
1t1e_A	D	503	CA	0
1t6c_A	E	150	CA	0
1t6c_A	D	143	CA	0
1t9h_A	C	273	ZN	1
1t9h_A	H	267	ZN	1
1t9h_A	C	265	ZN	1
1t9h_A	C	260	ZN	1
1taq_A	D	17	ZN	1
1taq_A	D	141	ZN	1
1taq_A	D	118	ZN	1
1tbf_A	D	141	ZN	1
1tbf_A	H	140	ZN	1
1tbf_A	H	104	ZN	1
1tbf_A	D	252	ZN	1
1tcf_A	E	37	CA	0
1tcf_A	D	28	CA	0
1tcf_A	D	32	CA	0
1tcf_A	D	26	CA	0
1tcf_A	E	73	CA	0
1tcf_A	D	64	CA	0
1tcf_A	D	62	CA	0
1tcf_A	D	102	CA	0
1tcf_A	E	113	CA	0
1tcf_A	D	106	CA	0
1tcf_A	E	149	CA	0
1tcf_A	D	142	CA	0
1tcf_A	D	138	CA	0
1tjl_J	C	137	ZN	1
1tjl_J	C	116	ZN	1
1tjl_J	C	113	ZN	1
1tjl_J	C	134	ZN	1
1tkp_D	D	78	FE	1
1tkp_D	H	51	FE	1
1tkp_D	E	82	FE	1
1tkp_D	H	167	FE	1
1tkp_D	E	55	FE	1
1tn3_A	E	75	CA	0
1tn3_A	E	105	CA	0
1tn3_A	D	71	CA	0
1tn3_A	D	120	CA	0
1toa_B	H	137	ZN	1
1toa_B	H	72	ZN	1
1toa_B	D	283	ZN	1
1toa_B	H	203	ZN	1
1tt4_B	E	260	MG	0
1tt4_B	E	40	MG	0
1tt4_B	H	159	MG	0
1tv7_B	C	27	SF4	2
1tv7_B	C	23	SF4	2
1tv7_B	C	30	SF4	2
1tv7_B	C	263	SF4	2
1tv7_B	C	260	SF4	2
1tv7_B	C	277	SF4	2
1tvg_A	D	41	CA	0
1tvg_A	H	138	CA	0
1twf_C	C	85	ZN	1
1twf_C	C	91	ZN	1
1twf_C	C	94	ZN	1
1twf_C	C	87	ZN	1
1twf_I	C	6	ZN	1
1twf_I	C	28	ZN	1
1twf_I	C	31	ZN	1
1twf_I	C	9	ZN	1
1twf_I	C	74	ZN	1
1twf_I	C	77	ZN	1
1twf_I	C	102	ZN	1
1twf_I	C	105	ZN	1
1twf_J	C	45	ZN	1
1twf_J	C	6	ZN	1
1twf_J	C	44	ZN	1
1twf_J	C	9	ZN	1
1twf_L	C	33	ZN	1
1twf_L	C	47	ZN	1
1twf_L	C	30	ZN	1
1txo_B	D	225	MN	1
1txo_B	D	187	MN	1
1txo_B	D	34	MN	1
1txo_B	D	114	MN	1
1tzz_B	E	267	MG	0
1tzz_B	D	215	MG	0
1tzz_B	E	241	MG	0
1u02_A	D	8	MG	0
1u02_A	D	6	MG	0
1u02_A	D	178	MG	0
1u0a_B	D	206	CA	0
1u0a_B	D	160	ZN	1
1u0a_B	H	144	ZN	1
1u10_E	H	90	ZN	1
1u10_E	D	100	ZN	1
1u10_E	H	191	ZN	1
1u10_E	H	93	ZN	1
1u10_E	D	127	ZN	1
1u10_E	H	130	ZN	1
1u19_A	H	100	ZN	1
1u19_A	D	330	ZN	1
1u19_A	E	122	ZN	1
1u19_A	H	211	ZN	1
1u2w_C	E	116	ZN	1
1u2w_C	D	100	ZN	1
1u2w_C	H	102	ZN	1
1u2w_C	H	113	ZN	1
1u5k_B	C	172	ZN	1
1u5k_B	C	152	ZN	1
1u5k_B	C	175	ZN	1
1u5k_B	C	155	ZN	1
1u8v_D	C	298	SF4	2
1u8v_D	C	102	SF4	2
1u8v_D	H	291	SF4	2
1u8v_D	C	98	SF4	2
1ua7_A	H	176	CA	0
1ua7_A	D	142	CA	0
1ud9_B	E	57	ZN	1
1ud9_B	H	1	ZN	1
1ud9_B	D	89	ZN	1
1ud9_B	D	91	ZN	1
1ud9_B	D	150	ZN	1
1ud9_B	D	196	ZN	1
1ud9_B	E	198	ZN	1
1udv_A	D	17	ZN	1
1udv_A	D	21	ZN	1
1ui7_B	H	430	CU	1
1ui7_B	H	591	CU	1
1ui7_B	D	164	CU	1
1ui7_B	H	200	CU	1
1ui7_B	H	169	CU	1
1uli_B	H	23	FE	1
1ulv_A	D	158	CA	0
1ulv_A	D	145	CA	0
1ulv_A	E	408	CA	0
1ulv_A	D	135	CA	0
1ulv_A	D	981	CA	0
1ulv_A	D	984	CA	0
1ulv_A	D	979	CA	0
1ulv_A	D	989	CA	0
1ulv_A	D	781	CA	0
1ulv_A	D	806	CA	0
1ulv_A	D	785	CA	0
1umy_D	C	216	ZN	1
1umy_D	C	298	ZN	1
1umy_D	C	299	ZN	1
1ups_B	D	271	CA	0
1ups_B	E	36	CA	0
1uv4_A	D	256	CA	0
1uv4_A	E	134	CA	0
1uv4_A	D	76	CA	0
1uvj_C	D	453	MN	1
1uvj_C	E	490	MN	1
1uwv_A	C	80	SF4	2
1uwv_A	C	161	SF4	2
1uwv_A	C	86	SF4	2
1uwv_A	C	89	SF4	2
1ux6_A	D	114	CA	0
1ux6_A	D	123	CA	0
1ux6_A	C	125	CA	0
1ux6_A	D	116	CA	0
1ux6_A	D	112	CA	0
1ux6_A	D	101	CA	0
1ux6_A	D	99	CA	0
1ux6_A	D	103	CA	0
1ux6_A	D	87	CA	0
1ux6_A	D	80	CA	0
1ux6_A	D	78	CA	0
1ux6_A	D	76	CA	0
1ux6_A	C	89	CA	0
1ux6_A	D	65	CA	0
1ux6_A	D	74	CA	0
1ux6_A	D	67	CA	0
1ux6_A	D	63	CA	0
1ux6_A	D	84	CA	0
1ux6_A	D	71	CA	0
1ux6_A	D	77	CA	0
1ux6_A	D	44	CA	0
1ux6_A	C	53	CA	0
1ux6_A	D	42	CA	0
1ux6_A	D	51	CA	0
1ux6_A	H	46	CA	0
1ux6_A	D	40	CA	0
1ux6_A	D	27	CA	0
1ux6_A	D	36	CA	0
1ux6_A	D	29	CA	0
1ux6_A	D	25	CA	0
1ux6_A	D	200	CA	0
1ux6_A	D	198	CA	0
1ux6_A	E	196	CA	0
1ux6_A	D	283	CA	0
1ux6_A	D	199	CA	0
1ux6_A	D	153	CA	0
1ux6_A	D	172	CA	0
1ux6_A	D	145	CA	0
1uyy_B	E	8	CA	0
1uyy_B	D	37	CA	0
1uyy_B	D	34	CA	0
1v0d_A	C	228	ZN	1
1v0d_A	C	306	ZN	1
1v0d_A	C	237	ZN	1
1v0d_A	H	241	ZN	1
1v33_A	C	136	ZN	1
1v33_A	C	133	ZN	1
1v33_A	C	125	ZN	1
1v33_A	H	127	ZN	1
1v4p_C	H	12	ZN	1
1v4p_C	C	115	ZN	1
1v4p_C	H	119	ZN	1
1v4p_C	H	8	ZN	1
1v6c_B	E	1	CA	0
1v6c_B	D	38	CA	0
1v6c_B	E	79	CA	0
1v6c_B	D	403	CA	0
1v6c_B	D	410	CA	0
1v7w_A	D	185	CA	0
1vcl_B	D	42	CA	0
1vcl_B	D	22	CA	0
1vcl_B	D	140	CA	0
1vcl_B	D	120	CA	0
1vcl_B	D	167	CA	0
1vcl_B	D	187	CA	0
1vcl_B	D	228	CA	0
1vcl_B	D	208	CA	0
1vcl_B	D	275	CA	0
1vcl_B	D	255	CA	0
1vcl_B	D	264	MG	0
1ve0_A	H	86	ZN	1
1ve0_A	H	76	ZN	1
1vem_A	E	143	CA	0
1vem_A	E	55	CA	0
1vem_A	D	59	CA	0
1vem_A	E	140	CA	0
1vfy_A	C	59	ZN	1
1vfy_A	C	62	ZN	1
1vfy_A	C	29	ZN	1
1vfy_A	C	32	ZN	1
1vfy_A	H	40	ZN	1
1vfy_A	C	16	ZN	1
1vfy_A	C	13	ZN	1
1vfy_A	C	37	ZN	1
1vj7_B	H	76	MN	1
1vj7_B	D	143	MN	1
1vj7_B	D	77	MN	1
1vj7_B	H	52	MN	1
1vk9_A	H	7	ZN	1
1vk9_A	E	61	ZN	1
1vk9_A	H	9	ZN	1
1vkm_C	H	7	MN	1
1vkm_C	E	215	MN	1
1vkm_C	E	217	MN	1
1vkm_C	H	9	MN	1
1vkm_C	H	6	MN	1
1vkm_C	E	79	MN	1
1vkm_C	E	76	MN	1
1vkm_C	E	75	MN	1
1vl9_A	D	48	CA	0
1vl9_A	E	91	CA	0
1vq2_A	E	101	ZN	1
1vq2_A	C	48	ZN	1
1vq2_A	H	93	ZN	1
1vq2_A	C	18	ZN	1
1vqo_A	D	26	MG	0
1vqo_Y	H	133	MG	0
1vr0_B	D	37	MG	0
1vr0_B	D	166	MG	0
1vrb_D	H	156	FE	1
1vrb_D	H	235	FE	1
1vrb_D	D	158	FE	1
1vsr_A	C	45	ZN	1
1vsr_A	C	52	ZN	1
1vsr_A	H	50	ZN	1
1vsr_A	C	96	ZN	1
1vyk_A	D	66	ZN	1
1vyk_A	E	130	ZN	1
1vzi_A	C	87	CA	0
1vzi_A	C	29	FE	1
1vzi_A	C	28	FE	1
1vzi_A	C	9	FE	1
1vzi_A	C	12	FE	1
1vzi_A	H	48	FE	1
1vzi_A	C	115	FE	1
1vzi_A	H	118	FE	1
1vzi_A	H	68	FE	1
1vzi_A	H	74	FE	1
1vzy_B	C	234	ZN	1
1vzy_B	C	270	ZN	1
1vzy_B	C	236	ZN	1
1vzy_B	C	267	ZN	1
1w0n_A	D	124	CA	0
1w0n_A	E	17	CA	0
1w0n_A	E	15	CA	0
1w0n_A	D	34	CA	0
1w0p_A	D	288	CA	0
1w0p_A	D	620	CA	0
1w0p_A	D	681	CA	0
1w5q_B	C	130	ZN	1
1w5q_B	C	128	ZN	1
1w5q_B	C	138	ZN	1
1w79_A	E	187	MG	0
1w79_A	E	250	MG	0
1w79_A	H	246	MG	0
1wcz_A	D	6	ZN	1
1wcz_A	H	8	ZN	1
1wdc_B	D	27	MG	0
1wdc_B	D	38	MG	0
1wdc_B	D	29	MG	0
1wdc_B	D	31	MG	0
1wkq_B	C	93	ZN	1
1wkq_B	H	60	ZN	1
1wkq_B	C	90	ZN	1
1wog_F	D	228	MN	1
1wog_F	D	146	MN	1
1wog_F	H	120	MN	1
1wog_F	D	142	MN	1
1wog_F	D	230	MN	1
1wog_F	H	144	MN	1
1wqa_D	D	242	MG	0
1wqa_D	D	244	MG	0
1wqa_D	D	246	MG	0
1wra_B	D	35	CA	0
1wra_B	E	34	CA	0
1wra_B	D	37	CA	0
1wra_B	D	93	CA	0
1wra_B	E	94	CA	0
1ws0_A	C	89	NI	1
1ws0_A	H	131	NI	1
1ws0_A	H	135	NI	1
1ws8_D	H	44	CU	1
1ws8_D	H	90	CU	1
1ws8_D	C	85	CU	1
1x0g_C	C	102	FES	2
1x0g_C	C	36	FES	2
1x0g_C	C	100	FES	2
1x0t_A	C	96	ZN	1
1x0t_A	C	70	ZN	1
1x0t_A	C	67	ZN	1
1x0t_A	C	99	ZN	1
1x1j_A	E	491	CA	0
1x1j_A	D	489	CA	0
1x1j_A	E	650	CA	0
1x1j_A	D	490	CA	0
1x6m_D	C	103	ZN	1
1x6m_D	C	34	ZN	1
1x6m_D	C	100	ZN	1
1x6m_D	C	32	ZN	1
1x6m_D	C	55	ZN	1
1x6m_D	C	53	ZN	1
1x6m_D	C	58	ZN	1
1xb0_F	H	94	ZN	1
1xb0_F	E	17	ZN	1
1xb0_F	C	54	ZN	1
1xb0_F	C	78	ZN	1
1xb0_F	C	51	ZN	1
1xb0_F	H	71	ZN	1
1xed_A	H	111	MG	0
1xed_A	H	114	MG	0
1xer_A	H	33	ZN	1
1xer_A	H	18	ZN	1
1xer_A	D	75	ZN	1
1xer_A	H	15	ZN	1
1xer_A	C	44	F3S	2
1xer_A	C	50	F3S	2
1xer_A	C	92	F3S	2
1xer_A	C	54	F3S	2
1xer_A	C	82	F3S	2
1xer_A	C	88	F3S	2
1xhb_A	H	256	MN	1
1xhb_A	D	121	MN	1
1xhb_A	H	123	MN	1
1xlq_C	C	47	FES	2
1xlq_C	C	44	FES	2
1xlq_C	C	85	FES	2
1xlq_C	C	38	FES	2
1xm5_D	H	117	NI	1
1xm5_D	H	123	NI	1
1xm5_D	H	113	NI	1
1xmk_A	H	2	NI	1
1xmv_A	E	21	MG	0
1xoc_A	D	353	ZN	1
1xoc_A	D	349	ZN	1
1xrj_B	D	61	MG	0
1xrj_B	E	134	MG	0
1xru_B	H	200	ZN	1
1xru_B	E	205	ZN	1
1xru_B	H	198	ZN	1
1xru_B	H	247	ZN	1
1xu1_A	H	2	NI	1
1xvx_A	H	13	FE	1
1xvx_A	E	61	FE	1
1xvx_A	D	143	FE	1
1xvx_A	D	3	ZN	1
1xvx_A	H	240	ZN	1
1xvx_A	E	243	ZN	1
1xx7_F	H	40	NI	1
1xx7_F	H	74	NI	1
1xx7_F	D	131	NI	1
1xx7_F	D	75	NI	1
1y02_A	C	37	ZN	1
1y02_A	C	62	ZN	1
1y02_A	C	40	ZN	1
1y02_A	C	59	ZN	1
1y02_A	C	45	ZN	1
1y02_A	C	48	ZN	1
1y02_A	C	24	ZN	1
1y02_A	C	21	ZN	1
1y10_D	D	264	CA	0
1y10_D	D	221	CA	0
1y63_A	H	85	MN	1
1y7b_D	D	527	CA	0
1y8a_A	D	228	MG	0
1y8a_A	E	28	MG	0
1y8a_A	D	26	MG	0
1y9i_D	D	97	CA	0
1y9i_D	E	98	CA	0
1y9i_D	D	144	MG	0
1y9i_D	D	143	MG	0
1yax_D	E	110	CA	0
1yax_D	E	79	CA	0
1yg9_A	D	309	ZN	1
1yg9_A	H	157	ZN	1
1yg9_A	D	305	ZN	1
1yg9_A	H	165	ZN	1
1yio_A	D	11	MG	0
1yio_A	D	54	MG	0
1yix_B	H	8	ZN	1
1yix_B	H	6	ZN	1
1yix_B	D	204	ZN	1
1yix_B	E	93	ZN	1
1yix_B	H	154	ZN	1
1yix_B	H	129	ZN	1
1ym3_A	C	58	ZN	1
1ym3_A	D	60	ZN	1
1ym3_A	H	111	ZN	1
1ym3_A	C	114	ZN	1
1yo7_A	D	45	ZN	1
1yo7_A	H	41	ZN	1
1yo8_A	D	398	CA	0
1yo8_A	D	389	CA	0
1yo8_A	D	391	CA	0
1yo8_A	C	400	CA	0
1yo8_A	D	387	CA	0
1yo8_A	D	382	CA	0
1yo8_A	D	378	CA	0
1yo8_A	D	376	CA	0
1yo8_A	D	374	CA	0
1yo8_A	D	351	CA	0
1yo8_A	D	353	CA	0
1yo8_A	D	362	CA	0
1yo8_A	D	355	CA	0
1yo8_A	C	364	CA	0
1yo8_A	D	349	CA	0
1yo8_A	D	340	CA	0
1yo8_A	D	342	CA	0
1yo8_A	D	338	CA	0
1yo8_A	D	352	CA	0
1yo8_A	D	359	CA	0
1yo8_A	D	346	CA	0
1yo8_A	D	317	CA	0
1yo8_A	C	328	CA	0
1yo8_A	D	326	CA	0
1yo8_A	D	319	CA	0
1yo8_A	D	315	CA	0
1yo8_A	H	321	CA	0
1yo8_A	D	311	CA	0
1yo8_A	D	304	CA	0
1yo8_A	D	302	CA	0
1yo8_A	D	300	CA	0
1yo8_A	D	473	CA	0
1yo8_A	D	475	CA	0
1yo8_A	D	558	CA	0
1yo8_A	D	471	CA	0
1yo8_A	D	474	CA	0
1yo8_A	D	241	CA	0
1yo8_A	E	247	CA	0
1yo8_A	D	243	CA	0
1yo8_A	D	279	CA	0
1yo8_A	C	290	CA	0
1yo8_A	D	288	CA	0
1yo8_A	D	281	CA	0
1yo8_A	D	277	CA	0
1yo8_A	D	265	CA	0
1yo8_A	D	256	CA	0
1yo8_A	C	267	CA	0
1yo8_A	D	258	CA	0
1yo8_A	D	254	CA	0
1yo8_A	D	229	CA	0
1yo8_A	D	222	CA	0
1yo8_A	C	231	CA	0
1yo8_A	D	220	CA	0
1yo8_A	D	218	CA	0
1yo8_A	D	197	CA	0
1yo8_A	D	199	CA	0
1yo8_A	C	208	CA	0
1yo8_A	D	206	CA	0
1yo8_A	D	195	CA	0
1yo8_A	D	186	CA	0
1yo8_A	D	193	CA	0
1yo8_A	D	184	CA	0
1yo8_A	D	182	CA	0
1yo8_A	D	190	CA	0
1yo8_A	D	196	CA	0
1yo8_A	D	203	CA	0
1yo8_A	D	148	CA	0
1yo8_A	D	170	CA	0
1yo8_A	D	150	CA	0
1yo8_A	D	146	CA	0
1yo8_A	C	172	CA	0
1yo8_A	E	45	CA	0
1yo8_A	D	42	CA	0
1yov_D	C	347	ZN	1
1yov_D	C	344	ZN	1
1yov_D	C	203	ZN	1
1yov_D	C	200	ZN	1
1ys7_B	D	57	MG	0
1ys7_B	D	14	MG	0
1yu4_A	E	311	MG	0
1z05_A	C	285	ZN	1
1z05_A	H	268	ZN	1
1z05_A	C	280	ZN	1
1z05_A	C	278	ZN	1
1z25_A	D	558	MN	1
1z25_A	H	745	MN	1
1z25_A	D	628	MN	1
1z2w_B	H	19	MN	1
1z2w_B	D	17	MN	1
1z2w_B	H	126	MN	1
1z2w_B	H	95	MN	1
1z2w_B	D	71	MN	1
1z2w_B	H	124	MN	1
1z3i_X	H	610	ZN	1
1z3i_X	H	578	ZN	1
1z3i_X	C	583	ZN	1
1z3i_X	C	586	ZN	1
1z83_B	E	70	ZN	1
1z83_B	E	104	ZN	1
1z83_B	D	74	ZN	1
1za0_A	H	191	MN	1
1za0_A	E	158	MN	1
1za0_A	E	188	MN	1
1za0_A	E	106	MN	1
1zbd_B	C	77	ZN	1
1zbd_B	C	103	ZN	1
1zbd_B	C	74	ZN	1
1zbd_B	C	100	ZN	1
1zbd_B	C	57	ZN	1
1zbd_B	C	60	ZN	1
1zbd_B	C	85	ZN	1
1zbd_B	C	82	ZN	1
1zbu_C	D	233	MG	0
1zbu_C	D	133	MG	0
1zen_A	E	171	ZN	1
1zen_A	H	263	ZN	1
1zen_A	D	108	ZN	1
1zen_A	E	173	ZN	1
1zen_A	H	225	ZN	1
1zen_A	H	109	ZN	1
1zm8_A	E	253	MN	1
1zm8_A	E	233	MN	1
1zm8_A	D	230	MN	1
1zm8_A	D	239	MN	1
1zr6_A	E	2	ZN	1
1zr6_A	E	21	ZN	1
1zr6_A	E	4	ZN	1
1zs9_A	D	15	MG	0
1zs9_A	E	17	MG	0
1zs9_A	D	211	MG	0
1ztc_D	H	85	NI	1
1ztc_D	D	84	NI	1
1ztc_D	D	173	NI	1
1ztc_D	H	210	NI	1
1ztc_D	H	82	NI	1
1ztc_D	H	80	NI	1
1ztc_D	H	151	NI	1
1zy7_B	C	217	ZN	1
1zy7_B	H	95	ZN	1
1zy7_B	C	152	ZN	1
1zzm_A	E	96	ZN	1
1zzm_A	H	10	ZN	1
1zzm_A	H	8	ZN	1
1zzm_A	D	206	ZN	1
1zzm_A	H	156	ZN	1
1zzm_A	H	132	ZN	1
1zzm_A	H	143	ZN	1
1zzm_A	D	116	ZN	1
1zzm_A	H	147	ZN	1
258l_A	H	141	ZN	1
258l_A	H	20	ZN	1
258l_A	E	21	ZN	1
2a07_K	H	57	MG	0
2a1k_B	C	66	ZN	1
2a1k_B	C	56	ZN	1
2a1k_B	H	43	ZN	1
2a1k_B	C	69	ZN	1
2a5h_D	C	267	ZN	1
2a5h_D	C	379	ZN	1
2a5h_D	C	376	ZN	1
2a5h_D	C	374	ZN	1
2a5z_C	D	246	MG	0
2a5z_C	D	53	MG	0
2a69_A	E	153	MG	0
2a69_A	H	155	MG	0
2a69_A	E	28	MG	0
2a69_A	D	190	MG	0
2a69_E	E	66	MG	0
2a69_E	E	42	MG	0
2a69_E	E	40	MG	0
2a69_E	E	43	MG	0
2a84_A	D	88	MG	0
2a84_A	D	87	MG	0
2a8k_D	E	23	CA	0
2a8n_B	C	82	ZN	1
2a8n_B	C	85	ZN	1
2a8n_B	H	52	ZN	1
2a8p_B	E	149	MN	1
2a8p_B	E	88	MN	1
2a8p_B	E	92	MN	1
2ajr_B	H	266	MG	0
2ajr_B	E	308	MG	0
2alm_A	E	365	MG	0
2amx_B	H	56	CO	1
2amx_B	H	238	CO	1
2amx_B	H	54	CO	1
2amx_B	D	322	CO	1
2amx_B	E	369	CO	1
2amx_B	H	176	CO	1
2anu_A	E	108	ZN	1
2anu_A	H	24	ZN	1
2anu_A	H	26	ZN	1
2anu_A	D	204	ZN	1
2anu_A	H	56	ZN	1
2anu_A	D	31	ZN	1
2anu_A	H	206	ZN	1
2ap1_A	C	200	ZN	1
2ap1_A	C	207	ZN	1
2ap1_A	H	180	ZN	1
2ap1_A	C	202	ZN	1
2ap9_A	D	229	MG	0
2ap9_A	H	298	MG	0
2ap9_A	H	295	MG	0
2aqn_A	H	137	CU	1
2aqn_A	H	58	CU	1
2aqn_A	H	56	CU	1
2aqn_A	H	99	ZN	1
2aqn_A	D	102	ZN	1
2aqn_A	H	90	ZN	1
2aqn_A	H	81	ZN	1
2aqn_A	E	50	CU	1
2aqn_A	H	110	CU	1
2ars_A	D	137	MG	0
2au3_A	H	39	ZN	1
2au3_A	C	60	ZN	1
2au3_A	C	36	ZN	1
2au3_A	C	57	ZN	1
2aus_D	C	10	ZN	1
2aus_D	C	7	ZN	1
2aus_D	C	19	ZN	1
2avu_F	C	156	ZN	1
2avu_F	C	136	ZN	1
2avu_F	C	139	ZN	1
2avu_F	C	159	ZN	1
2ayd_A	H	70	ZN	1
2ayd_A	C	44	ZN	1
2ayd_A	C	39	ZN	1
2ayd_A	H	68	ZN	1
2az4_B	H	93	ZN	1
2az4_B	D	188	ZN	1
2az4_B	H	166	ZN	1
2az4_B	H	91	ZN	1
2az4_B	H	403	ZN	1
2az4_B	D	95	ZN	1
2az4_B	H	96	ZN	1
2azx_B	D	353	MG	0
2b0o_H	C	44	ZN	1
2b0o_H	C	47	ZN	1
2b0o_H	C	64	ZN	1
2b0o_H	C	67	ZN	1
2b0t_A	D	345	MG	0
2b0t_A	D	547	MG	0
2b0t_A	D	543	MG	0
2b3y_A	C	435	SF4	2
2b3y_A	C	501	SF4	2
2b3y_A	C	504	SF4	2
2b5l_D	C	210	ZN	1
2b5l_D	C	205	ZN	1
2b5l_D	C	193	ZN	1
2b5l_D	C	207	ZN	1
2b5l_D	C	189	ZN	1
2b5l_D	C	214	ZN	1
2b5l_D	C	217	ZN	1
2b8t_D	C	155	ZN	1
2b8t_D	C	190	ZN	1
2b8t_D	C	152	ZN	1
2b8t_D	H	193	ZN	1
2b9d_B	C	10	ZN	1
2b9d_B	C	13	ZN	1
2b9d_B	C	46	ZN	1
2b9d_B	C	43	ZN	1
2b9l_A	D	198	CA	0
2b9l_A	E	204	CA	0
2b9l_A	E	196	CA	0
2bgw_A	D	41	MG	0
2bgw_A	E	51	MG	0
2bib_A	D	36	CA	0
2bib_A	D	38	CA	0
2bib_A	E	35	CA	0
2bib_A	D	94	CA	0
2bib_A	E	95	CA	0
2bji_B	D	89	MG	0
2bji_B	E	69	MG	0
2bji_B	D	219	MG	0
2bji_B	D	92	MG	0
2bjr_B	H	85	ZN	1
2bjr_B	C	175	ZN	1
2bjr_B	C	178	ZN	1
2bjr_B	C	173	ZN	1
2bmr_B	H	13	NI	1
2bmr_B	E	159	NI	1
2bmr_B	E	17	NI	1
2bng_B	D	113	CA	0
2bng_B	D	41	CA	0
2bng_B	E	12	CA	0
2bnm_B	H	179	ZN	1
2bnm_B	H	137	ZN	1
2bnm_B	E	141	ZN	1
2bo2_B	D	94	CA	0
2bo2_B	E	97	CA	0
2bo2_B	D	42	CA	0
2bo2_B	E	45	CA	0
2bq8_X	D	144	FE	1
2bq8_X	D	49	FE	1
2bq8_X	D	11	FE	1
2bq8_X	H	220	FE	1
2bq8_X	H	218	FE	1
2bq8_X	H	183	FE	1
2br0_A	D	110	CA	0
2br0_A	D	12	CA	0
2bv2_B	E	6	CA	0
2bv2_B	D	74	CA	0
2bv2_B	E	75	CA	0
2bv2_B	D	47	CA	0
2bv2_B	D	31	CA	0
2bz1_A	C	66	ZN	1
2bz1_A	C	53	ZN	1
2bz1_A	C	64	ZN	1
2c2u_A	H	49	ZN	1
2c2u_A	D	35	ZN	1
2c2u_A	H	38	ZN	1
2c2u_A	E	54	ZN	1
2c36_A	D	192	ZN	1
2c36_A	H	16	ZN	1
2c4x_A	D	35	CA	0
2c4x_A	D	78	CA	0
2c4x_A	D	37	CA	0
2c4x_A	D	98	CA	0
2c4x_A	E	105	CA	0
2c4x_A	D	247	CA	0
2c5u_B	D	212	CA	0
2c7n_K	C	34	ZN	1
2c7n_K	C	22	ZN	1
2c7n_K	C	18	ZN	1
2c7n_K	C	37	ZN	1
2c8s_A	D	82	CA	0
2c9e_A	D	222	MG	0
2c9e_A	D	74	MG	0
2cal_A	H	83	CU	1
2cal_A	C	136	CU	1
2cb8_B	E	22	ZN	1
2cb8_B	E	10	ZN	1
2cb8_B	H	14	ZN	1
2cbn_A	H	141	ZN	1
2cbn_A	H	66	ZN	1
2cbn_A	D	212	ZN	1
2cbn_A	H	270	ZN	1
2cbn_A	D	68	ZN	1
2cbn_A	H	69	ZN	1
2cbp_A	C	78	CU	1
2cbp_A	H	83	CU	1
2cbp_A	H	38	CU	1
2ccm_B	D	26	CA	0
2ccm_B	D	33	CA	0
2ccm_B	D	22	CA	0
2ccm_B	E	84	CA	0
2ccm_B	D	73	CA	0
2ccm_B	D	77	CA	0
2ccm_B	D	122	CA	0
2ccm_B	E	129	CA	0
2ccm_B	D	118	CA	0
2cdp_D	D	153	CA	0
2cdp_D	E	29	CA	0
2cdp_D	E	31	CA	0
2cdp_D	D	66	CA	0
2ce7_F	H	281	ZN	1
2ce7_F	D	354	ZN	1
2ce7_F	H	277	ZN	1
2cho_B	E	31	CA	0
2cho_B	E	60	CA	0
2cho_B	D	63	CA	0
2cja_B	C	480	ZN	1
2cja_B	C	325	ZN	1
2cja_B	E	374	ZN	1
2cjs_C	C	14	ZN	1
2cjs_C	C	11	ZN	1
2cjs_C	C	38	ZN	1
2cjs_C	C	35	ZN	1
2cjs_C	C	30	ZN	1
2cjs_C	C	53	ZN	1
2cjs_C	C	56	ZN	1
2cjs_C	C	27	ZN	1
2ckl_B	C	92	ZN	1
2ckl_B	C	72	ZN	1
2ckl_B	C	95	ZN	1
2ckl_B	H	74	ZN	1
2ckl_B	C	77	ZN	1
2ckl_B	C	80	ZN	1
2ckl_B	C	59	ZN	1
2ckl_B	C	56	ZN	1
2clb_P	E	36	ZN	1
2clb_P	E	155	ZN	1
2clb_P	H	72	ZN	1
2clb_P	D	69	ZN	1
2clb_P	E	123	FE	1
2clb_P	H	158	FE	1
2cs7_C	D	7	ZN	1
2cs7_C	H	31	ZN	1
2cs7_C	H	28	ZN	1
2cs7_C	H	33	ZN	1
2cw3_B	D	240	FE	1
2cw3_B	H	102	FE	1
2cw3_B	H	244	FE	1
2cw3_B	H	152	FE	1
2czr_A	C	159	ZN	1
2czr_A	H	171	ZN	1
2czr_A	H	175	ZN	1
2czr_A	C	156	ZN	1
2d00_B	D	71	CA	0
2d00_B	E	32	CA	0
2d0b_A	D	201	MG	0
2d0b_A	D	96	MG	0
2d0b_A	E	97	MG	0
2d0o_C	D	182	MG	0
2d0o_C	D	165	MG	0
2d3y_A	C	12	SF4	2
2d3y_A	C	15	SF4	2
2d3y_A	C	114	SF4	2
2d3y_A	C	129	SF4	2
2d74_B	C	109	ZN	1
2d74_B	C	106	ZN	1
2d74_B	C	127	ZN	1
2d74_B	C	130	ZN	1
2dck_A	D	348	CA	0
2dck_A	E	241	CA	0
2dck_A	E	239	CA	0
2dck_A	D	339	CA	0
2dck_A	D	344	CA	0
2ddf_A	D	124	CA	0
2dg1_F	D	235	CA	0
2dg1_F	E	47	CA	0
2dg1_F	D	137	CA	0
2dg1_F	D	129	CA	0
2dg5_D	D	184	CA	0
2dg5_D	D	178	CA	0
2dge_B	E	88	ZN	1
2dge_B	D	3	ZN	1
2dh3_A	D	333	ZN	1
2dh3_A	H	349	ZN	1
2dh3_A	H	335	ZN	1
2dho_A	H	47	MN	1
2dho_A	H	95	MN	1
2dho_A	E	155	MN	1
2dho_A	E	153	MN	1
2dho_A	H	58	MN	1
2dho_A	D	157	MN	1
2di3_B	H	195	ZN	1
2di3_B	D	143	ZN	1
2di3_B	H	147	ZN	1
2di3_B	H	217	ZN	1
2dqb_F	H	107	MG	0
2dqb_F	E	169	MG	0
2dqb_F	H	168	MG	0
2drp_D	C	12	ZN	1
2drp_D	H	28	ZN	1
2drp_D	H	33	ZN	1
2drp_D	C	15	ZN	1
2drp_D	C	45	ZN	1
2drp_D	H	58	ZN	1
2drp_D	C	42	ZN	1
2drp_D	H	63	ZN	1
2ds5_B	C	35	ZN	1
2ds5_B	C	38	ZN	1
2ds5_B	C	13	ZN	1
2ds5_B	C	16	ZN	1
2e26_A	D	711	CA	0
2e26_A	E	229	CA	0
2e26_A	D	364	CA	0
2e26_A	D	227	CA	0
2e26_A	E	451	ZN	1
2e26_A	E	453	ZN	1
2e26_A	H	514	ZN	1
2e26_A	E	47	CA	0
2e26_A	D	179	CA	0
2e26_A	D	17	CA	0
2e26_A	E	318	ZN	1
2e26_A	H	115	ZN	1
2e26_A	H	128	ZN	1
2e4t_A	D	34	ZN	1
2e4t_A	E	400	ZN	1
2e4t_A	E	53	CA	0
2e4t_A	D	149	CA	0
2e4t_A	D	152	CA	0
2e7f_B	D	223	CA	0
2e7y_B	D	51	ZN	1
2e7y_B	D	189	ZN	1
2e7y_B	H	52	ZN	1
2e7y_B	H	243	ZN	1
2e7y_B	H	49	ZN	1
2e7y_B	H	47	ZN	1
2e7z_A	C	5	SF4	2
2e7z_A	C	12	SF4	2
2e7z_A	C	8	SF4	2
2e7z_A	C	42	SF4	2
2e84_A	E	539	ZN	1
2e84_A	H	533	ZN	1
2e84_A	E	548	ZN	1
2e84_A	D	324	ZN	1
2e84_A	H	319	ZN	1
2e85_B	D	48	CA	0
2e85_B	D	64	CA	0
2e85_B	D	18	CA	0
2e85_B	D	101	CA	0
2e85_B	E	105	CA	0
2ea7_B	E	382	CA	0
2ea7_B	D	127	CA	0
2eb1_C	E	154	MG	0
2eb1_C	D	151	MG	0
2eb1_C	E	46	MG	0
2eb6_E	E	107	MG	0
2eb6_E	E	105	MG	0
2eb6_E	E	138	MG	0
2eg4_B	H	191	ZN	1
2eg4_B	H	218	ZN	1
2eg4_B	C	151	ZN	1
2eg4_B	C	150	ZN	1
2egd_B	E	36	CA	0
2egd_B	E	26	CA	0
2egd_B	D	67	CA	0
2egd_B	E	69	CA	0
2egd_B	E	74	CA	0
2egd_B	D	63	CA	0
2eih_B	C	106	ZN	1
2eih_B	C	92	ZN	1
2eih_B	C	95	ZN	1
2eih_B	C	98	ZN	1
2ein_F	C	84	ZN	1
2ein_F	C	81	ZN	1
2ein_F	C	61	ZN	1
2ein_F	C	59	ZN	1
2ein_F	E	16	ZN	1
2ein_F	D	8	ZN	1
2ein_L	H	1	ZN	1
2ein_L	E	4	ZN	1
2ein_P	E	235	ZN	1
2ein_P	H	147	ZN	1
2ein_P	H	231	ZN	1
2ein_P	H	230	ZN	1
2ejn_A	D	130	CA	0
2ejw_F	E	120	MG	0
2eo4_A	C	3	ZN	1
2eo4_A	H	42	ZN	1
2eo4_A	C	0	ZN	1
2eo4_A	H	93	ZN	1
2esl_D	D	70	CA	0
2esl_D	H	151	ZN	1
2eu8_B	C	129	ZN	1
2eu8_B	D	152	ZN	1
2eu8_B	C	149	ZN	1
2eu8_B	C	132	ZN	1
2exu_A	C	6	ZN	1
2exu_A	C	9	ZN	1
2exu_A	C	26	ZN	1
2exu_A	C	23	ZN	1
2ez6_B	D	106	MG	0
2ez6_B	E	109	MG	0
2ez6_B	E	39	MG	0
2ezv_B	D	99	CA	0
2ezv_B	D	78	CA	0
2f0a_B	H	95	CO	1
2f0a_B	H	93	CO	1
2f22_B	H	114	NI	1
2f22_B	H	42	NI	1
2f22_B	H	118	NI	1
2f4o_A	C	116	ZN	1
2f4o_A	C	86	ZN	1
2f4o_A	C	83	ZN	1
2f4o_A	C	119	ZN	1
2f4o_A	H	291	ZN	1
2f4o_A	H	290	ZN	1
2f4o_A	H	293	ZN	1
2f6k_B	H	8	MN	1
2f6k_B	H	6	MN	1
2f6k_B	H	153	MN	1
2f6k_B	D	265	MN	1
2f7v_A	E	157	CO	1
2f7v_A	D	105	CO	1
2f7v_A	H	74	CO	1
2f9i_D	C	35	ZN	1
2f9i_D	C	51	ZN	1
2f9i_D	C	54	ZN	1
2f9i_D	C	32	ZN	1
2far_B	D	139	MN	1
2far_B	D	227	MN	1
2far_B	D	137	MN	1
2fc0_A	E	52	MN	1
2fc0_A	D	184	MN	1
2fc0_A	D	50	MN	1
2fco_B	D	85	MG	0
2fcw_B	D	32	CA	0
2fcw_B	D	26	CA	0
2fcw_B	D	22	CA	0
2fcw_B	E	33	CA	0
2fcw_B	D	24	CA	0
2fcw_B	E	72	CA	0
2fcw_B	D	71	CA	0
2fcw_B	D	65	CA	0
2fcw_B	D	61	CA	0
2fcw_B	D	63	CA	0
2fea_B	D	11	MG	0
2fea_B	D	13	MG	0
2fea_B	D	170	MG	0
2fea_B	C	139	ZN	1
2fea_B	C	150	ZN	1
2fea_B	C	147	ZN	1
2fea_B	C	143	ZN	1
2fge_B	H	76	ZN	1
2fge_B	H	80	ZN	1
2fge_B	E	176	ZN	1
2fgq_X	D	63	CA	0
2fi1_A	D	11	CA	0
2fi1_A	D	159	CA	0
2fiy_B	C	210	FE	1
2fiy_B	C	184	FE	1
2fiy_B	C	187	FE	1
2fiy_B	C	213	FE	1
2fiy_B	C	227	FE	1
2fiy_B	C	258	FE	1
2fiy_B	C	255	FE	1
2fiy_B	C	224	FE	1
2fiy_B	H	21	FE	1
2fiy_B	H	218	FE	1
2fiy_B	H	19	FE	1
2fk3_E	H	6	CU	1
2fk3_E	E	0	CU	1
2fk3_E	E	8	CU	1
2fk3_E	H	35	CU	1
2foz_A	D	299	MG	0
2foz_A	D	60	MG	0
2foz_A	D	61	MG	0
2foz_A	E	24	MG	0
2foz_A	D	297	MG	0
2fq1_A	D	228	MG	0
2fq1_A	D	245	MG	0
2frh_B	D	10	CA	0
2frh_B	E	13	CA	0
2fue_A	D	20	MG	0
2fue_A	D	18	MG	0
2fue_A	D	231	MG	0
2fvy_A	E	204	CA	0
2fvy_A	D	137	CA	0
2fvy_A	D	133	CA	0
2fwe_A	D	64	NI	1
2fwe_A	H	129	NI	1
2fwe_A	H	128	NI	1
2g0w_B	E	259	MG	0
2g0w_B	D	183	MG	0
2g0w_B	E	153	MG	0
2g2n_D	H	95	ZN	1
2g2n_D	H	97	ZN	1
2g36_A	C	270	SF4	2
2g36_A	C	277	SF4	2
2g36_A	C	247	SF4	2
2g36_A	C	280	SF4	2
2g64_A	H	18	ZN	1
2g64_A	H	43	ZN	1
2g64_A	H	45	ZN	1
2g84_B	C	113	ZN	1
2g84_B	C	116	ZN	1
2g84_B	H	78	ZN	1
2g8j_A	D	80	CA	0
2g8j_A	E	159	CA	0
2g8j_A	E	276	CA	0
2g8j_A	D	283	CA	0
2g8j_A	D	305	CA	0
2g8j_A	E	307	CA	0
2gag_D	C	5	ZN	1
2gag_D	H	58	ZN	1
2gag_D	C	8	ZN	1
2gag_D	C	62	ZN	1
2gcu_D	H	116	FE	1
2gcu_D	D	141	FE	1
2gcu_D	H	60	FE	1
2gge_H	E	242	MG	0
2gge_H	H	292	MG	0
2gge_H	E	216	MG	0
2gih_A	D	125	CA	0
2gih_A	D	112	CA	0
2glf_D	D	248	MN	1
2glf_D	D	325	MN	1
2glf_D	H	91	MN	1
2glf_D	H	424	MN	1
2glf_D	E	278	MN	1
2gmh_B	C	558	SF4	2
2gmh_B	C	552	SF4	2
2gmh_B	C	555	SF4	2
2gmh_B	C	527	SF4	2
2goy_H	C	139	SF4	2
2goy_H	C	230	SF4	2
2goy_H	C	138	SF4	2
2goy_H	C	227	SF4	2
2gpy_B	H	96	ZN	1
2gpy_B	E	92	ZN	1
2gpy_B	E	28	ZN	1
2gsk_A	D	188	CA	0
2gsk_A	D	174	CA	0
2gsk_A	D	225	CA	0
2gsk_A	D	190	CA	0
2gsy_O	D	173	CA	0
2gsy_O	D	30	CA	0
2gvi_A	H	16	ZN	1
2gvi_A	C	61	ZN	1
2gvi_A	C	20	ZN	1
2gvi_A	H	18	ZN	1
2gvi_A	C	195	ZN	1
2gvi_A	D	198	ZN	1
2gvi_A	C	177	ZN	1
2gvi_A	C	174	ZN	1
2gwg_B	H	7	ZN	1
2gwg_B	H	5	ZN	1
2gwg_B	H	177	ZN	1
2gwg_B	E	283	ZN	1
2gxs_A	E	163	CA	0
2gxs_A	E	162	CA	0
2gyq_B	E	118	FE	1
2gyq_B	E	148	FE	1
2gyq_B	E	27	FE	1
2gyq_B	E	115	FE	1
2gyq_B	H	53	FE	1
2h1i_C	D	176	ZN	1
2h1i_C	H	150	ZN	1
2h1i_C	H	207	ZN	1
2h1i_C	C	179	ZN	1
2h5n_C	D	31	MG	0
2h6f_B	C	298	ZN	1
2h6f_B	H	361	ZN	1
2h6f_B	D	296	ZN	1
2h88_O	C	72	FES	2
2h88_O	C	64	FES	2
2h88_O	C	69	FES	2
2h88_O	C	84	FES	2
2h88_O	C	157	SF4	2
2h88_O	C	160	SF4	2
2h88_O	C	163	SF4	2
2h88_O	C	224	SF4	2
2h88_O	C	220	F3S	2
2h88_O	C	167	F3S	2
2h88_O	C	214	F3S	2
2hbv_B	H	8	ZN	1
2hbv_B	H	10	ZN	1
2hbv_B	D	293	ZN	1
2hc9_A	D	256	ZN	1
2hc9_A	E	335	ZN	1
2hc9_A	D	333	ZN	1
2hc9_A	D	274	ZN	1
2hcf_A	D	177	MG	0
2hcf_A	D	9	MG	0
2hcf_A	D	11	MG	0
2hf1_B	C	13	ZN	1
2hf1_B	D	31	ZN	1
2hf1_B	C	10	ZN	1
2hf1_B	C	28	ZN	1
2hh9_B	D	90	MG	0
2hh9_B	D	127	MG	0
2hh9_B	D	154	MG	0
2hh9_B	D	125	MG	0
2hmc_A	D	204	MG	0
2hq8_B	E	158	CA	0
2hq8_B	D	147	CA	0
2hq8_B	D	34	CA	0
2hq8_B	D	23	CA	0
2hq8_B	D	27	CA	0
2hq8_B	E	122	CA	0
2hq8_B	D	115	CA	0
2hq8_B	D	111	CA	0
2hq8_B	D	113	CA	0
2hqh_H	C	8	ZN	1
2hqh_H	C	5	ZN	1
2hqh_H	H	13	ZN	1
2hqh_H	C	18	ZN	1
2hsi_B	H	258	ZN	1
2hsi_B	H	260	ZN	1
2hsi_B	H	179	ZN	1
2hsi_B	D	183	ZN	1
2hu9_B	C	42	ZN	1
2hu9_B	C	3	ZN	1
2hu9_B	C	6	ZN	1
2hu9_B	C	37	ZN	1
2hu9_B	C	118	FES	2
2hu9_B	C	108	FES	2
2hu9_B	C	76	FES	2
2hu9_B	C	74	FES	2
2huc_A	H	68	ZN	1
2huc_A	D	54	ZN	1
2huc_A	D	121	ZN	1
2huc_A	H	117	ZN	1
2huc_A	E	145	ZN	1
2huc_A	H	127	ZN	1
2huc_A	H	141	ZN	1
2huc_A	H	13	ZN	1
2hx0_A	H	90	MG	0
2hx0_A	H	106	MG	0
2hx0_A	H	92	MG	0
2hx1_D	D	232	MG	0
2hx1_D	D	19	MG	0
2hyo_A	H	24	FE	1
2hyo_A	D	22	FE	1
2hyo_A	D	64	FE	1
2hyo_A	H	210	FE	1
2hyo_A	H	208	MN	1
2hyo_A	H	170	MN	1
2i0m_A	D	194	ZN	1
2i0m_A	D	155	ZN	1
2i0m_A	D	151	ZN	1
2i0m_A	E	190	ZN	1
2i1o_A	C	355	ZN	1
2i1o_A	C	338	ZN	1
2i1o_A	C	335	ZN	1
2i1o_A	C	353	ZN	1
2i2x_M	E	163	ZN	1
2i2x_M	C	268	ZN	1
2i2x_M	C	219	ZN	1
2i2x_M	E	319	ZN	1
2i2x_M	H	317	ZN	1
2i3h_B	C	84	ZN	1
2i3h_B	H	104	ZN	1
2i3h_B	C	111	ZN	1
2i3h_B	C	87	ZN	1
2i44_C	D	265	CA	0
2i44_C	D	59	CA	0
2i44_C	D	310	CA	0
2i5r_A	D	62	MG	0
2i5r_A	D	60	MG	0
2i5r_A	E	90	MG	0
2i7a_A	E	55	CA	0
2i7a_A	E	66	CA	0
2i9w_A	C	10	ZN	1
2i9w_A	C	29	ZN	1
2i9w_A	C	28	ZN	1
2i9w_A	C	8	ZN	1
2i9w_A	C	169	ZN	1
2i9w_A	C	167	ZN	1
2i9w_A	C	179	ZN	1
2i9w_A	C	178	ZN	1
2iaf_A	D	82	MG	0
2iav_A	E	18	CA	0
2iav_A	D	226	CA	0
2iav_A	D	229	CA	0
2iav_A	H	271	CA	0
2ibn_B	H	87	FE	1
2ibn_B	D	88	FE	1
2ibn_B	H	62	FE	1
2ibn_B	D	217	FE	1
2id0_D	D	200	MN	1
2id0_D	D	208	MN	1
2id0_D	D	209	MN	1
2iii_A	D	25	MG	0
2iii_A	D	18	MG	0
2iii_A	D	21	MG	0
2imr_A	H	100	ZN	1
2imr_A	H	98	ZN	1
2imr_A	H	239	ZN	1
2inp_B	E	132	FE	1
2inp_B	E	102	FE	1
2inp_B	H	135	FE	1
2inp_B	E	193	FE	1
2inp_B	E	227	FE	1
2inp_B	H	230	FE	1
2inp_B	C	396	ZN	1
2inp_B	C	430	ZN	1
2inp_B	C	426	ZN	1
2inp_B	C	393	ZN	1
2isg_B	E	260	ZN	1
2isg_B	H	225	ZN	1
2isg_B	H	221	ZN	1
2isg_B	E	62	NI	1
2isg_B	H	267	NI	1
2isz_D	E	82	NI	1
2isz_D	H	97	NI	1
2isz_D	H	78	NI	1
2isz_D	H	105	NI	1
2isz_D	C	101	NI	1
2isz_D	E	104	NI	1
2iuc_B	D	258	ZN	1
2iuc_B	H	336	ZN	1
2iuc_B	H	262	ZN	1
2iuc_B	D	42	ZN	1
2iuc_B	D	300	ZN	1
2iuc_B	H	301	ZN	1
2iuc_B	E	253	MG	0
2iuc_B	E	152	MG	0
2iuc_B	D	156	MG	0
2iuc_B	H	143	MG	0
2iuw_A	D	205	FE	1
2iwk_A	D	277	CA	0
2iwk_A	E	263	CA	0
2iwk_A	H	128	CA	0
2iwk_A	H	108	CA	0
2iwv_D	D	25	CA	0
2iwv_D	E	229	CA	0
2iwv_D	E	227	CA	0
2iwv_D	D	225	CA	0
2iwv_D	D	221	CA	0
2iwv_D	E	263	CA	0
2iyb_H	H	26	ZN	1
2iyb_H	C	7	ZN	1
2iyb_H	C	4	ZN	1
2iyb_H	C	31	ZN	1
2iyb_H	C	59	ZN	1
2iyb_H	C	34	ZN	1
2iyb_H	C	55	ZN	1
2iyb_H	C	37	ZN	1
2iyk_B	C	34	ZN	1
2iyk_B	C	15	ZN	1
2iyk_B	C	12	ZN	1
2iyk_B	H	44	ZN	1
2iyk_B	H	48	ZN	1
2iyk_B	C	26	ZN	1
2iyk_B	C	54	ZN	1
2iyk_B	C	98	ZN	1
2iyk_B	C	72	ZN	1
2iyk_B	C	75	ZN	1
2iyk_B	C	102	ZN	1
2j1a_A	D	32	CA	0
2j1a_A	D	34	CA	0
2j1a_A	E	144	CA	0
2j1m_A	D	337	ZN	1
2j1m_A	D	22	ZN	1
2j1m_A	E	347	ZN	1
2j1v_B	D	39	CA	0
2j1v_B	E	143	CA	0
2j3z_B	H	242	CO	1
2j4j_B	H	103	CO	1
2j6a_A	C	15	ZN	1
2j6a_A	C	111	ZN	1
2j6a_A	C	10	ZN	1
2j6a_A	C	114	ZN	1
2j7j_A	C	8	ZN	1
2j7j_A	H	21	ZN	1
2j7j_A	H	25	ZN	1
2j7j_A	C	3	ZN	1
2j7j_A	H	51	ZN	1
2j7j_A	H	55	ZN	1
2j7j_A	C	38	ZN	1
2j7j_A	C	33	ZN	1
2j7j_A	H	79	ZN	1
2j7j_A	C	60	ZN	1
2j7j_A	H	84	ZN	1
2j7j_A	C	66	ZN	1
2j7n_B	D	628	MG	0
2j7n_B	D	630	MG	0
2j7n_B	D	626	MG	0
2j7q_A	D	43	MG	0
2j9u_D	C	42	ZN	1
2j9u_D	C	19	ZN	1
2j9u_D	C	22	ZN	1
2j9u_D	C	45	ZN	1
2jc9_A	D	70	MG	0
2jc9_A	D	369	MG	0
2jc9_A	D	72	MG	0
2jda_B	D	32	CA	0
2jda_B	D	30	CA	0
2jda_B	E	129	CA	0
2jh3_D	C	421	SF4	2
2jh3_D	C	449	SF4	2
2jh3_D	C	424	SF4	2
2jh3_D	C	453	SF4	2
2jk8_B	H	230	NI	1
2jk8_B	H	44	NI	1
2jks_A	H	312	ZN	1
2jks_A	E	189	ZN	1
2jks_A	H	310	ZN	1
2jlb_A	H	276	MN	1
2jlb_A	H	280	MN	1
2jlb_A	H	263	MN	1
2jlp_D	H	162	CU	1
2jlp_D	H	97	CU	1
2jlp_D	H	95	CU	1
2jlp_D	D	126	ZN	1
2jlp_D	H	123	ZN	1
2jlp_D	H	112	ZN	1
2jlp_D	H	120	ZN	1
2ltn_C	E	118	MN	1
2ltn_C	H	135	MN	1
2ltn_C	D	120	MN	1
2ltn_C	D	128	MN	1
2nly_A	H	57	ZN	1
2nly_A	D	11	ZN	1
2nly_A	H	104	ZN	1
2nom_A	D	87	MG	0
2nom_A	D	155	MG	0
2nom_A	D	85	MG	0
2nq6_A	E	302	CO	1
2nq6_A	D	164	CO	1
2nq6_A	D	175	CO	1
2nq6_A	H	238	CO	1
2nq6_A	E	271	CO	1
2ns6_A	H	118	MN	1
2ns6_A	H	110	MN	1
2ns6_A	H	120	MN	1
2nut_A	C	88	ZN	1
2nut_A	C	64	ZN	1
2nut_A	C	91	ZN	1
2nut_A	C	69	ZN	1
2nvo_A	E	466	CA	0
2nvu_B	C	561	ZN	1
2nvu_B	C	564	ZN	1
2nvu_B	C	708	ZN	1
2nvu_B	C	705	ZN	1
2nvv_E	E	415	ZN	1
2nvv_E	D	412	ZN	1
2nvv_E	H	416	ZN	1
2nvv_E	H	410	ZN	1
2nwf_A	H	84	FES	2
2nwf_A	C	102	FES	2
2nwf_A	H	105	FES	2
2nwf_A	C	82	FES	2
2nx9_B	H	208	ZN	1
2nx9_B	H	206	ZN	1
2nx9_B	D	16	ZN	1
2nxp_H	D	89	CA	0
2nxp_H	D	90	CA	0
2nxq_B	D	9	CA	0
2nxq_B	E	20	CA	0
2nxq_B	D	13	CA	0
2nxq_B	E	51	CA	0
2nxq_B	E	56	CA	0
2nxq_B	D	45	CA	0
2nxq_B	D	47	CA	0
2o36_A	H	461	ZN	1
2o36_A	E	486	ZN	1
2o36_A	H	457	ZN	1
2o4v_C	D	234	CA	0
2o4v_C	D	53	CA	0
2o8q_B	H	58	NI	1
2o8q_B	H	100	NI	1
2o8q_B	H	60	NI	1
2oai_A	D	78	CA	0
2oai_A	D	85	CA	0
2oai_A	D	80	CA	0
2obb_A	D	10	MG	0
2obb_A	D	96	MG	0
2obb_A	D	8	MG	0
2ocg_A	H	14	MN	1
2ocg_A	E	36	MN	1
2ocg_A	H	63	MN	1
2ocg_A	D	57	MN	1
2ofk_B	C	3	ZN	1
2ofk_B	C	178	ZN	1
2ofk_B	H	174	ZN	1
2ofk_B	H	16	ZN	1
2og6_A	H	178	FE	1
2og6_A	H	310	FE	1
2og6_A	E	180	FE	1
2oik_D	C	11	ZN	1
2oik_D	H	49	ZN	1
2oik_D	H	95	ZN	1
2oik_D	C	14	ZN	1
2okv_C	C	27	MG	0
2olm_A	C	47	ZN	1
2olm_A	C	30	ZN	1
2olm_A	C	50	ZN	1
2olm_A	C	27	ZN	1
2oo4_A	D	18	CA	0
2oo4_A	D	29	CA	0
2oo4_A	D	32	CA	0
2oo4_A	D	14	CA	0
2oo4_A	D	70	CA	0
2oo4_A	E	73	CA	0
2oo4_A	D	59	CA	0
2oo4_A	H	95	CA	0
2oo4_A	D	108	CA	0
2oo4_A	D	111	CA	0
2oo4_A	D	93	CA	0
2oo4_A	H	90	CA	0
2oo4_A	H	152	ZN	1
2oo4_A	H	194	ZN	1
2oo4_A	E	103	ZN	1
2opo_D	D	24	CA	0
2opo_D	E	31	CA	0
2opo_D	D	20	CA	0
2opo_D	D	55	CA	0
2opo_D	E	66	CA	0
2opo_D	D	59	CA	0
2opo_D	D	57	CA	0
2oso_A	C	150	ZN	1
2oso_A	C	142	ZN	1
2oso_A	E	139	ZN	1
2oso_A	H	116	ZN	1
2ou3_B	E	114	ZN	1
2ou3_B	D	107	ZN	1
2ou3_B	E	49	ZN	1
2owa_B	C	38	ZN	1
2owa_B	C	41	ZN	1
2owa_B	C	61	ZN	1
2owa_B	C	58	ZN	1
2ox9_D	D	104	CA	0
2ox9_D	D	67	CA	0
2ox9_D	E	71	CA	0
2ox9_D	E	103	CA	0
2ox9_D	E	47	CA	0
2ox9_D	E	128	CA	0
2ozn_B	E	121	CA	0
2ozn_B	D	110	CA	0
2ozn_B	D	114	CA	0
2ozn_B	D	93	CA	0
2ozn_B	D	82	CA	0
2p06_B	E	67	MG	0
2p06_B	D	89	MG	0
2p06_B	E	86	MG	0
2p06_B	E	70	MG	0
2p09_A	C	50	ZN	1
2p09_A	C	47	ZN	1
2p09_A	C	27	ZN	1
2p09_A	C	24	ZN	1
2p0u_B	H	2	NI	1
2p0u_B	H	5	NI	1
2p0u_B	H	7	NI	1
2p1r_D	D	242	CA	0
2p2l_A	D	66	ZN	1
2p2l_A	H	107	ZN	1
2p2l_A	E	103	ZN	1
2p2l_A	D	41	ZN	1
2p4z_B	H	75	FE	1
2p4z_B	H	77	FE	1
2p4z_B	H	199	FE	1
2p4z_B	H	254	FE	1
2p4z_B	H	80	FE	1
2p4z_B	D	79	FE	1
2p51_A	D	50	MG	0
2p51_A	E	52	MG	0
2p51_A	D	240	MG	0
2p57_A	C	59	ZN	1
2p57_A	C	62	ZN	1
2p57_A	C	42	ZN	1
2p57_A	C	39	ZN	1
2p5r_A	H	12	CA	0
2p5r_A	D	25	CA	0
2p5v_C	E	106	CA	0
2p5v_C	D	108	CA	0
2p5v_C	D	137	CA	0
2p72_A	D	81	MN	1
2p72_A	H	194	MN	1
2p72_A	D	79	MN	1
2p7o_B	E	117	MN	1
2p7o_B	H	6	MN	1
2p7o_B	E	125	MN	1
2p7o_B	H	68	MN	1
2pa8_D	C	182	F3S	2
2pa8_D	C	208	F3S	2
2pa8_D	C	202	F3S	2
2pag_A	E	100	CA	0
2pag_A	D	102	CA	0
2pan_F	E	476	MG	0
2pdo_E	E	126	ZN	1
2pdo_E	H	127	ZN	1
2pg3_A	C	203	ZN	1
2pg3_A	C	200	ZN	1
2pg3_A	C	197	ZN	1
2pg3_A	C	188	ZN	1
2pgq_A	D	16	ZN	1
2pia_A	C	307	FES	2
2pia_A	C	271	FES	2
2pia_A	C	276	FES	2
2pia_A	C	279	FES	2
2pke_B	D	18	MG	0
2pke_B	D	20	MG	0
2pli_D	D	9	ZN	1
2pli_D	E	26	ZN	1
2pli_D	H	12	ZN	1
2pli_D	E	41	ZN	1
2pli_D	D	77	ZN	1
2pli_D	H	82	ZN	1
2pmy_B	D	36	CA	0
2pmy_B	E	44	CA	0
2pmy_B	E	47	CA	0
2pmy_B	D	72	CA	0
2pmy_B	D	70	CA	0
2pmy_B	E	81	CA	0
2pmy_B	D	74	CA	0
2pok_B	D	146	MN	1
2pok_B	E	207	MN	1
2pok_B	H	113	MN	1
2poo_A	D	312	CA	0
2poo_A	D	279	CA	0
2poo_A	E	14	CA	0
2poo_A	D	307	CA	0
2poo_A	E	309	CA	0
2poo_A	E	198	CA	0
2poo_A	E	231	CA	0
2poo_A	D	26	CA	0
2poo_A	E	182	CA	0
2poo_A	D	27	CA	0
2por_A	D	94	CA	0
2por_A	D	100	CA	0
2por_A	D	92	CA	0
2por_A	D	135	CA	0
2ppl_A	E	465	CA	0
2pq8_A	C	38	ZN	1
2pq8_A	H	54	ZN	1
2pq8_A	C	41	ZN	1
2pq8_A	C	58	ZN	1
2pqx_A	D	240	CA	0
2puy_B	C	30	ZN	1
2puy_B	C	7	ZN	1
2puy_B	C	10	ZN	1
2puy_B	H	27	ZN	1
2puy_B	C	19	ZN	1
2puy_B	C	48	ZN	1
2puy_B	C	22	ZN	1
2puy_B	C	45	ZN	1
2puz_B	H	85	FE	1
2puz_B	H	83	FE	1
2puz_B	D	328	FE	1
2puz_B	H	253	FE	1
2pw6_A	H	21	ZN	1
2pw6_A	H	233	ZN	1
2pw6_A	H	56	ZN	1
2pw8_L	D	1	NI	1
2pyb_D	D	54	FE	1
2pyb_D	H	27	FE	1
2pyb_D	E	58	FE	1
2q04_A	E	88	CA	0
2q1f_B	H	52	CA	0
2q1f_B	E	25	CA	0
2q1f_B	D	49	CA	0
2q40_A	D	255	MG	0
2q40_A	D	219	MG	0
2q4a_B	H	312	FE	1
2q4a_B	H	119	FE	1
2q4a_B	E	121	FE	1
2q4z_B	E	22	ZN	1
2q4z_B	H	19	ZN	1
2q73_D	E	57	MG	0
2q73_D	E	32	MG	0
2q73_D	E	29	MG	0
2q73_D	D	60	MG	0
2qb0_D	E	142	MN	1
2qb0_D	D	18	MN	1
2qb0_D	D	139	MN	1
2qb6_B	D	40	MN	1
2qb6_B	H	147	MN	1
2qb6_B	D	126	MN	1
2qdf_A	D	90	MG	0
2qea_A	D	10	CA	0
2qea_A	E	13	CA	0
2qea_A	D	37	CA	0
2qee_L	D	356	ZN	1
2qee_L	H	29	ZN	1
2qee_L	H	27	ZN	1
2qfa_A	H	76	ZN	1
2qfa_A	C	83	ZN	1
2qfa_A	C	56	ZN	1
2qfa_A	C	59	ZN	1
2qgi_A	H	80	MN	1
2qgi_A	D	82	MN	1
2qgi_A	H	200	MN	1
2qgy_B	E	225	MG	0
2qgy_B	D	199	MG	0
2qgy_B	E	251	MG	0
2qh1_B	C	188	FE	1
2qh1_B	C	168	FE	1
2qh1_B	C	193	FE	1
2qh1_B	C	165	FE	1
2qjv_B	H	170	NI	1
2qjv_B	H	172	NI	1
2qjv_B	E	185	NI	1
2qjv_B	H	228	NI	1
2qkd_A	C	43	ZN	1
2qkd_A	C	17	ZN	1
2qkd_A	C	14	ZN	1
2qkd_A	C	46	ZN	1
2qkd_A	C	225	ZN	1
2qkd_A	C	254	ZN	1
2qkd_A	C	222	ZN	1
2qkd_A	C	251	ZN	1
2qng_A	D	96	CA	0
2qnk_A	H	46	NI	1
2qnk_A	E	52	NI	1
2qnk_A	H	90	NI	1
2qq0_B	C	175	ZN	1
2qq0_B	C	139	ZN	1
2qq0_B	C	142	ZN	1
2qq0_B	C	172	ZN	1
2qqh_A	E	87	NI	1
2qqh_A	H	85	NI	1
2qqh_A	H	169	NI	1
2qqm_A	D	113	CA	0
2qqm_A	E	58	CA	0
2qqm_A	D	72	CA	0
2qqu_A	D	191	ZN	1
2qqu_A	H	189	ZN	1
2qsw_A	E	32	ZN	1
2qsw_A	H	30	ZN	1
2qsw_A	E	92	ZN	1
2qtw_B	D	207	CA	0
2qvm_A	E	18	CA	0
2qvm_A	E	185	CA	0
2qvm_A	E	82	CA	0
2qvm_A	D	80	CA	0
2qvw_A	D	721	MN	1
2qvw_A	E	650	MN	1
2qvw_A	E	724	MN	1
2qvw_A	H	669	MN	1
2qw5_B	D	215	ZN	1
2qw5_B	E	280	ZN	1
2qw5_B	E	182	ZN	1
2qyi_B	H	22	NI	1
2qyi_B	E	168	NI	1
2qyi_B	H	123	NI	1
2qyv_A	D	115	ZN	1
2qyv_A	H	76	ZN	1
2qyv_A	D	169	ZN	1
2qyv_A	E	146	ZN	1
2qyv_A	H	458	ZN	1
2r2i_A	E	72	CA	0
2r2i_A	D	65	CA	0
2r2i_A	D	61	CA	0
2r2i_A	D	99	CA	0
2r2i_A	C	103	CA	0
2r2i_A	E	108	CA	0
2r2i_A	D	97	CA	0
2r2i_A	E	151	CA	0
2r2i_A	D	140	CA	0
2r2i_A	D	144	CA	0
2r2i_A	E	146	CA	0
2rag_D	D	54	ZN	1
2rag_D	H	52	ZN	1
2rag_D	E	158	ZN	1
2ran_A	E	68	CA	0
2ran_A	E	74	CA	0
2ran_A	D	140	CA	0
2ran_A	E	224	CA	0
2ran_A	E	230	CA	0
2ran_A	D	222	CA	0
2ran_A	D	299	CA	0
2rb4_A	C	93	ZN	1
2rb4_A	H	125	ZN	1
2rc5_A	E	188	ZN	1
2rc5_A	E	123	ZN	1
2rc5_A	H	223	ZN	1
2rg4_B	H	186	FE	1
2rg4_B	H	120	FE	1
2rg4_B	H	118	FE	1
2rhk_D	H	64	ZN	1
2rhk_D	C	46	ZN	1
2rhk_D	C	60	ZN	1
2rhk_D	C	55	ZN	1
2rhk_D	C	18	ZN	1
2rhk_D	H	36	ZN	1
2rhk_D	C	32	ZN	1
2rhk_D	C	26	ZN	1
2rhs_C	C	209	ZN	1
2rhs_C	C	212	ZN	1
2rhs_C	C	217	ZN	1
2rhs_C	C	220	ZN	1
2ri7_A	C	12	ZN	1
2ri7_A	C	10	ZN	1
2ri7_A	C	36	ZN	1
2ri7_A	H	33	ZN	1
2ri7_A	C	25	ZN	1
2ri7_A	C	55	ZN	1
2ri7_A	C	52	ZN	1
2ri7_A	C	28	ZN	1
2riq_A	C	83	ZN	1
2riq_A	C	80	ZN	1
2riq_A	C	96	ZN	1
2riq_A	C	106	ZN	1
2rj2_A	H	2	NI	1
2rjq_A	D	98	CA	0
2rjq_A	C	209	CA	0
2rjq_A	E	8	CA	0
2rjq_A	D	212	CA	0
2rjq_A	E	136	CA	0
2rjq_A	D	107	CA	0
2rjq_A	C	114	CA	0
2rld_C	D	4	CA	0
2rld_C	D	7	CA	0
2sas_A	D	22	CA	0
2sas_A	D	29	CA	0
2sas_A	D	18	CA	0
2sas_A	E	80	CA	0
2sas_A	D	69	CA	0
2sas_A	D	73	CA	0
2sas_A	E	125	CA	0
2sas_A	D	118	CA	0
2sas_A	D	114	CA	0
2ush_A	D	40	ZN	1
2ush_A	H	42	ZN	1
2ush_A	D	83	ZN	1
2ush_A	H	216	ZN	1
2ush_A	H	251	ZN	1
2ush_A	D	375	ZN	1
2ush_A	D	373	ZN	1
2ush_A	E	325	ZN	1
2ush_A	H	288	ZN	1
2uu8_A	D	9	NI	1
2uu8_A	H	23	NI	1
2uu8_A	D	18	NI	1
2uu8_A	E	7	NI	1
2ux1_L	D	66	ZN	1
2ux1_L	H	39	ZN	1
2ux1_L	E	70	ZN	1
2uyd_X	D	155	ZN	1
2uyd_X	D	156	ZN	1
2v0c_A	C	483	ZN	1
2v0c_A	C	441	ZN	1
2v0c_A	C	438	ZN	1
2v0c_A	C	486	ZN	1
2v0c_A	C	161	ZN	1
2v0c_A	C	175	ZN	1
2v0c_A	C	158	ZN	1
2v0c_A	H	178	ZN	1
2v24_A	H	50	NI	1
2v24_A	H	52	NI	1
2v24_A	H	193	NI	1
2v27_B	E	166	FE	1
2v27_B	H	126	FE	1
2v27_B	H	121	FE	1
2v3z_A	D	270	MN	1
2v3z_A	E	405	MN	1
2v3z_A	H	353	MN	1
2v3z_A	D	259	MN	1
2v4b_A	H	148	ZN	1
2v4b_A	H	152	ZN	1
2v4b_A	H	158	ZN	1
2v4b_A	D	212	NI	1
2v4b_A	E	8	NI	1
2v4b_A	D	98	NI	1
2v4b_A	C	209	NI	1
2v4b_A	D	91	NI	1
2v4b_A	D	277	MG	0
2v4b_A	H	186	MG	0
2v4n_A	D	8	MG	0
2v4n_A	D	9	MG	0
2v5c_B	D	80	CA	0
2v5c_B	E	77	CA	0
2v5c_B	E	42	CA	0
2v9i_A	H	211	ZN	1
2v9i_A	H	142	ZN	1
2v9i_A	H	140	ZN	1
2v9i_A	H	45	ZN	1
2v9i_A	H	203	ZN	1
2v9i_A	E	199	ZN	1
2v9i_A	D	46	ZN	1
2v9k_A	C	21	ZN	1
2v9k_A	C	109	ZN	1
2v9k_A	C	24	ZN	1
2v9k_A	C	112	ZN	1
2vb2_X	H	35	CU	1
2ves_C	E	218	ZN	1
2ves_C	D	160	ZN	1
2ves_C	H	161	ZN	1
2ves_C	D	158	ZN	1
2ves_C	E	133	ZN	1
2vhf_B	C	234	ZN	1
2vhf_B	C	208	ZN	1
2vhf_B	C	237	ZN	1
2vhf_B	C	205	ZN	1
2vhf_B	H	250	ZN	1
2vhf_B	C	219	ZN	1
2vhf_B	H	242	ZN	1
2vhf_B	C	216	ZN	1
2vk5_A	D	55	CA	0
2vk5_A	D	76	CA	0
2vk5_A	D	53	CA	0
2vm5_A	C	58	ZN	1
2vm5_A	C	85	ZN	1
2vm5_A	C	61	ZN	1
2vm5_A	H	78	ZN	1
2vmh_A	D	140	CA	0
2vmh_A	D	132	CA	0
2vmh_A	D	135	CA	0
2vn7_A	D	235	CA	0
2vn7_A	E	242	CA	0
2vng_B	D	162	CA	0
2vo9_C	D	98	ZN	1
2vo9_C	H	91	ZN	1
2vo9_C	H	144	ZN	1
2vov_A	D	273	CA	0
2vov_A	D	251	CA	0
2vov_A	D	249	CA	0
2vpb_A	C	38	ZN	1
2vpb_A	C	13	ZN	1
2vpb_A	H	35	ZN	1
2vpb_A	C	10	ZN	1
2vpb_A	C	30	ZN	1
2vpb_A	C	62	ZN	1
2vpb_A	C	59	ZN	1
2vpb_A	C	26	ZN	1
2vpz_E	C	43	SF4	2
2vpz_E	C	46	SF4	2
2vpz_E	C	50	SF4	2
2vpz_E	C	78	SF4	2
2vqh_B	D	68	ZN	1
2vqh_B	E	45	ZN	1
2vqh_B	D	64	ZN	1
2vr2_A	D	347	ZN	1
2vr2_A	H	88	ZN	1
2vr2_A	H	90	ZN	1
2vr2_A	H	213	ZN	1
2vr2_A	H	269	ZN	1
2vrn_A	H	184	MG	0
2vrn_A	E	181	MG	0
2vrn_A	E	178	MG	0
2vrs_A	H	42	ZN	1
2vrw_B	C	379	ZN	1
2vrw_B	C	394	ZN	1
2vrw_B	C	376	ZN	1
2vrw_B	H	346	ZN	1
2vrw_B	H	384	ZN	1
2vrw_B	C	359	ZN	1
2vrw_B	C	387	ZN	1
2vrw_B	C	362	ZN	1
2vun_D	H	66	ZN	1
2vun_D	H	68	ZN	1
2vun_D	E	163	ZN	1
2vun_D	D	275	ZN	1
2vun_D	H	192	FE	1
2vun_D	H	219	FE	1
2vut_P	C	27	ZN	1
2vut_P	C	6	ZN	1
2vut_P	C	3	ZN	1
2vut_P	C	24	ZN	1
2vvd_A	D	134	CA	0
2vvd_A	D	136	CA	0
2vve_B	D	224	CA	0
2vve_B	D	221	CA	0
2vzb_D	E	53	MG	0
2vzb_D	H	57	MG	0
2vzb_D	D	151	MG	0
2vzb_D	E	28	FE	1
2vzb_D	H	64	FE	1
2vzb_D	E	61	FE	1
2vzb_D	E	145	FE	1
2vzb_D	E	113	FE	1
2vzb_D	H	148	FE	1
2vzp_B	E	8	CA	0
2vzp_B	D	122	CA	0
2w1s_B	E	156	CA	0
2w1s_B	D	46	CA	0
2w1s_B	D	44	CA	0
2w2n_E	D	44	CA	0
2w2n_E	E	30	CA	0
2w3s_G	C	102	FES	2
2w3s_G	C	133	FES	2
2w3s_G	C	135	FES	2
2w3s_G	C	105	FES	2
2w3s_G	C	38	FES	2
2w3s_G	C	43	FES	2
2w3s_G	C	46	FES	2
2w3s_G	C	62	FES	2
2w3s_H	H	172	CA	0
2w3s_H	E	171	CA	0
2w4l_F	H	80	ZN	1
2w4l_F	C	106	ZN	1
2w4l_F	C	109	ZN	1
2w4y_A	D	25	CA	0
2w5q_A	D	257	MN	1
2w5q_A	E	37	MN	1
2w5q_A	H	258	MN	1
2w69_A	E	65	MN	1
2w69_A	E	86	MN	1
2w69_A	D	114	MN	1
2w69_A	H	47	MN	1
2w69_A	E	125	MN	1
2w87_B	E	5	CA	0
2w87_B	D	123	CA	0
2w88_A	H	92	CU	1
2w88_A	H	39	CU	1
2w88_A	C	89	CU	1
2w88_A	D	44	ZN	1
2w88_A	H	61	ZN	1
2w88_A	D	45	ZN	1
2w88_A	H	24	ZN	1
2w88_A	D	27	ZN	1
2w88_A	E	1	ZN	1
2wb0_X	C	110	ZN	1
2wb0_X	H	112	ZN	1
2wb0_X	C	181	ZN	1
2wb0_X	C	165	ZN	1
2wb0_X	C	224	ZN	1
2wb0_X	C	276	ZN	1
2wb0_X	C	222	ZN	1
2wb0_X	C	293	ZN	1
2wbt_B	C	79	ZN	1
2wbt_B	C	76	ZN	1
2wbt_B	H	92	ZN	1
2wbt_B	E	97	ZN	1
2wbt_B	C	105	ZN	1
2wbt_B	C	102	ZN	1
2wbt_B	H	118	ZN	1
2wbt_B	H	123	ZN	1
2wdf_A	H	287	MN	1
2wdf_A	D	35	MN	1
2wdf_A	D	131	MN	1
2wdf_A	H	37	MN	1
2wdf_A	H	162	MN	1
2wdf_A	H	262	MN	1
2wdf_A	H	285	MN	1
2wfk_E	D	118	CA	0
2wfk_E	D	150	CA	0
2wfk_E	D	151	CA	0
2wg7_B	D	63	CA	0
2who_B	D	317	MN	1
2who_B	D	219	MN	1
2who_B	D	318	MN	1
2wje_A	E	83	MN	1
2wje_A	H	139	MN	1
2wje_A	E	111	MN	1
2wje_A	H	8	MN	1
2wje_A	H	10	MN	1
2wje_A	D	202	MN	1
2wje_A	H	45	MN	1
2wje_A	D	17	MN	1
2wje_A	H	204	MN	1
2wkn_H	D	249	ZN	1
2wkn_H	D	224	ZN	1
2wkn_H	E	266	ZN	1
2wkn_H	H	251	ZN	1
2wkp_A	E	51	CA	0
2wkp_A	D	189	CA	0
2wno_A	D	62	CA	0
2wno_A	E	54	CA	0
2wno_A	D	103	CA	0
2wnp_F	D	152	CA	0
2wnp_F	D	154	CA	0
2woj_C	C	284	ZN	1
2woj_C	C	287	ZN	1
2wvl_B	D	241	ZN	1
2wvl_B	H	7	ZN	1
2wvl_B	E	18	ZN	1
2wvl_B	H	310	ZN	1
2wvl_B	H	308	ZN	1
2wvl_B	E	250	ZN	1
2ww8_A	D	386	MG	0
2ww8_A	D	529	CA	0
2ww8_A	D	366	CA	0
2ww8_A	D	619	CA	0
2ww8_A	D	616	CA	0
2ww8_A	D	612	CA	0
2wyh_B	D	36	ZN	1
2wyh_B	H	34	ZN	1
2wyh_B	D	146	ZN	1
2wyh_B	H	372	ZN	1
2wza_A	D	93	CA	0
2wza_A	E	96	CA	0
2wza_A	D	268	CA	0
2wza_A	D	72	CA	0
2wza_A	D	70	CA	0
2wze_B	E	30	CA	0
2wze_B	D	161	CA	0
2x27_X	D	174	NI	1
2x27_X	D	197	NI	1
2x27_X	D	172	NI	1
2x3b_B	D	305	ZN	1
2x3b_B	H	292	ZN	1
2x3b_B	H	296	ZN	1
2x4h_B	C	102	ZN	1
2x4h_B	H	84	ZN	1
2x4h_B	E	88	ZN	1
2x4h_B	H	132	ZN	1
2x4h_B	C	130	ZN	1
2x4h_B	E	49	ZN	1
2x4h_B	E	14	ZN	1
2x4h_B	E	50	ZN	1
2x4h_B	H	53	ZN	1
2x5r_A	C	82	ZN	1
2x5r_A	C	79	ZN	1
2x5r_A	C	111	ZN	1
2x5r_A	C	108	ZN	1
2x7m_A	H	154	ZN	1
2x7m_A	H	148	ZN	1
2x7m_A	H	144	ZN	1
2x7m_A	C	179	ZN	1
2x7m_A	C	182	ZN	1
2x7m_A	C	160	ZN	1
2x7m_A	C	155	ZN	1
2x98_A	D	12	MG	0
2x98_A	E	255	MG	0
2x98_A	D	238	MG	0
2x98_A	D	195	MG	0
2xb3_A	D	35	ZN	1
2xb3_A	D	12	ZN	1
2xb3_A	D	15	ZN	1
2xb4_A	C	153	ZN	1
2xb4_A	C	150	ZN	1
2xb4_A	H	134	ZN	1
2xb4_A	C	128	ZN	1
2xbu_B	D	109	MG	0
2xbu_B	E	110	MG	0
2xcm_F	C	11	ZN	1
2xcm_F	C	30	ZN	1
2xcm_F	C	16	ZN	1
2xcm_F	H	70	ZN	1
2xcm_F	C	48	ZN	1
2xcm_F	C	49	ZN	1
2xcm_F	H	33	ZN	1
2xcm_F	C	65	ZN	1
2xeu_A	C	8	ZN	1
2xeu_A	C	5	ZN	1
2xeu_A	C	35	ZN	1
2xeu_A	C	32	ZN	1
2xeu_A	H	29	ZN	1
2xeu_A	C	46	ZN	1
2xeu_A	C	27	ZN	1
2xeu_A	C	49	ZN	1
2xev_A	E	58	ZN	1
2xev_A	E	93	ZN	1
2xev_A	E	88	ZN	1
2xfd_A	E	76	CA	0
2xfd_A	E	97	CA	0
2xfd_A	D	64	CA	0
2xfg_B	E	62	CA	0
2xfg_B	D	136	CA	0
2xgf_A	H	100	FE	1
2xgf_A	H	98	FE	1
2xgf_A	H	213	FE	1
2xgf_A	H	215	FE	1
2xgf_A	H	206	FE	1
2xgf_A	H	204	FE	1
2xgf_A	H	195	FE	1
2xgf_A	H	197	FE	1
2xgf_A	H	132	FE	1
2xgf_A	H	130	FE	1
2xgf_A	H	181	FE	1
2xgf_A	H	183	FE	1
2xgf_A	H	144	FE	1
2xgf_A	H	146	FE	1
2xig_D	C	144	ZN	1
2xig_D	C	141	ZN	1
2xig_D	C	104	ZN	1
2xig_D	C	101	ZN	1
2xig_D	E	116	ZN	1
2xig_D	H	95	ZN	1
2xig_D	D	97	ZN	1
2xig_D	H	133	ZN	1
2xig_D	E	89	ZN	1
2xig_D	H	98	ZN	1
2xig_D	H	96	ZN	1
2xig_D	H	41	ZN	1
2xjy_A	C	4	ZN	1
2xjy_A	C	28	ZN	1
2xjy_A	H	25	ZN	1
2xjy_A	C	7	ZN	1
2xjy_A	C	34	ZN	1
2xjy_A	C	54	ZN	1
2xjy_A	D	57	ZN	1
2xjy_A	C	31	ZN	1
2xjy_A	C	68	ZN	1
2xjy_A	H	90	ZN	1
2xjy_A	C	71	ZN	1
2xjy_A	C	93	ZN	1
2xjy_A	C	96	ZN	1
2xjy_A	C	118	ZN	1
2xjy_A	D	121	ZN	1
2xjy_A	C	99	ZN	1
2xlg_A	H	119	CU	1
2xlg_A	E	65	CU	1
2xlg_A	H	60	CU	1
2xlg_A	H	58	CU	1
2xnj_A	D	12	ZN	1
2xnj_A	H	34	ZN	1
2xnj_A	D	71	ZN	1
2xoc_B	C	24	ZN	1
2xoc_B	H	78	ZN	1
2xoc_B	C	27	ZN	1
2xoc_B	C	72	ZN	1
2xoc_B	C	81	ZN	1
2xoc_B	C	84	ZN	1
2xoc_B	C	120	ZN	1
2xoc_B	C	114	ZN	1
2xoc_B	C	128	ZN	1
2xoc_B	C	83	ZN	1
2xoc_B	C	125	ZN	1
2xoc_B	C	197	ZN	1
2xoc_B	C	106	ZN	1
2xoc_B	C	200	ZN	1
2xoc_B	C	109	ZN	1
2xoc_B	H	251	ZN	1
2xoc_B	C	231	ZN	1
2xoc_B	C	237	ZN	1
2xoc_B	H	245	ZN	1
2xom_A	D	143	CA	0
2xom_A	E	16	CA	0
2xqn_T	H	29	ZN	1
2xqn_T	H	26	ZN	1
2xqn_T	C	5	ZN	1
2xqn_T	C	8	ZN	1
2xqn_T	C	32	ZN	1
2xqn_T	C	35	ZN	1
2xqn_T	C	53	ZN	1
2xqn_T	C	56	ZN	1
2xqn_T	C	65	ZN	1
2xqn_T	C	92	ZN	1
2xqn_T	H	87	ZN	1
2xqn_T	C	68	ZN	1
2xqn_T	C	120	ZN	1
2xqn_T	C	98	ZN	1
2xqn_T	C	95	ZN	1
2xqn_T	C	116	ZN	1
2xqx_B	D	40	CA	0
2xr1_B	H	244	ZN	1
2xr1_B	H	246	ZN	1
2xr1_B	D	354	ZN	1
2xr1_B	H	331	ZN	1
2xr1_B	H	249	ZN	1
2xr1_B	H	606	ZN	1
2xr1_B	D	248	ZN	1
2xr5_A	D	81	CA	0
2xr5_A	E	115	CA	0
2xr5_A	D	116	CA	0
2xr5_A	E	85	CA	0
2xr5_A	E	114	CA	0
2xrc_D	E	262	CA	0
2xrc_D	E	271	CA	0
2xrc_D	D	270	CA	0
2xrc_D	D	264	CA	0
2xrc_D	D	227	CA	0
2xrc_D	D	223	CA	0
2xrc_D	D	233	CA	0
2xrc_D	E	234	CA	0
2xrf_C	C	73	MG	0
2xrf_C	D	71	MG	0
2xri_A	D	36	MG	0
2xri_A	E	38	MG	0
2xri_A	D	198	MG	0
2xsg_B	D	661	CA	0
2xsg_B	E	588	CA	0
2xsu_A	H	224	FE	1
2xsu_A	H	226	FE	1
2xts_C	E	218	CO	1
2xts_C	H	368	CO	1
2xvt_F	E	59	CA	0
2xvt_F	D	62	CA	0
2xvt_F	E	55	CA	0
2xwc_A	C	83	ZN	1
2xwc_A	C	147	ZN	1
2xwc_A	C	151	ZN	1
2xwc_A	H	86	ZN	1
2xwc_A	C	186	ZN	1
2xwc_A	C	184	ZN	1
2xwc_A	D	190	ZN	1
2xwg_A	E	79	CA	0
2xwg_A	E	57	CA	0
2xwg_A	D	96	CA	0
2xwg_A	H	93	CA	0
2xxl_B	E	178	CA	0
2xxl_B	D	186	CA	0
2xzl_A	C	35	ZN	1
2xzl_A	C	16	ZN	1
2xzl_A	C	13	ZN	1
2xzl_A	H	45	ZN	1
2xzl_A	C	30	ZN	1
2xzl_A	H	49	ZN	1
2xzl_A	H	55	ZN	1
2xzl_A	C	27	ZN	1
2xzl_A	C	73	ZN	1
2xzl_A	C	103	ZN	1
2xzl_A	C	76	ZN	1
2xzl_A	C	99	ZN	1
2y0o_A	H	70	ZN	1
2y0o_A	H	68	ZN	1
2y0o_A	E	81	ZN	1
2y0o_A	H	136	ZN	1
2y1e_B	D	159	MN	1
2y1e_B	E	161	MN	1
2y1e_B	E	230	MN	1
2y1n_C	C	337	ZN	1
2y1n_C	C	334	ZN	1
2y1n_C	C	357	ZN	1
2y1n_C	C	354	ZN	1
2y1n_C	C	349	ZN	1
2y1n_C	C	369	ZN	1
2y1n_C	C	372	ZN	1
2y1n_C	H	351	ZN	1
2y1n_C	E	193	CA	0
2y1n_C	D	182	CA	0
2y1v_C	D	409	NI	1
2y1v_C	D	290	NI	1
2y1v_C	E	412	NI	1
2y1v_C	D	279	NI	1
2y1v_C	E	460	NI	1
2y20_F	H	2	ZN	1
2y20_F	E	37	ZN	1
2y28_C	H	153	ZN	1
2y28_C	D	163	ZN	1
2y28_C	H	33	ZN	1
2y3n_D	D	18	CA	0
2y3n_D	D	7	CA	0
2y3n_D	D	11	CA	0
2y3n_D	D	44	CA	0
2y3n_D	D	51	CA	0
2y3y_D	H	41	NI	1
2y3y_D	H	43	NI	1
2y3y_D	H	30	NI	1
2y3y_D	C	49	NI	1
2y43_B	C	40	ZN	1
2y43_B	C	62	ZN	1
2y43_B	C	59	ZN	1
2y43_B	H	42	ZN	1
2y43_B	C	48	ZN	1
2y43_B	C	24	ZN	1
2y43_B	C	45	ZN	1
2y43_B	C	27	ZN	1
2y69_S	C	115	ZN	1
2y69_S	C	90	ZN	1
2y69_S	C	112	ZN	1
2y69_S	C	92	ZN	1
2y8n_D	C	18	SF4	2
2y8n_D	H	2	SF4	2
2y8n_D	C	5	SF4	2
2y8n_D	C	35	SF4	2
2y8n_D	C	47	SF4	2
2y8n_D	C	79	SF4	2
2y8n_D	C	44	SF4	2
2y8n_D	C	61	SF4	2
2y9w_B	H	92	CU	1
2y9w_B	H	83	CU	1
2y9w_B	H	59	CU	1
2y9w_B	H	257	CU	1
2y9w_B	H	261	CU	1
2y9w_B	H	294	CU	1
2yaz_A	E	78	MG	0
2yaz_A	D	81	MG	0
2yaz_A	E	50	MG	0
2yc4_C	H	148	MG	0
2ycl_A	C	24	SF4	2
2ycl_A	C	41	SF4	2
2ycl_A	C	16	SF4	2
2ycl_A	C	19	SF4	2
2ydp_C	D	17	CA	0
2yes_B	D	182	MN	1
2yes_B	D	104	MN	1
2yes_B	D	180	MN	1
2yev_D	H	299	CU	1
2yev_D	H	249	CU	1
2yev_D	H	298	CU	1
2yev_D	H	376	MG	0
2yev_D	D	377	MG	0
2yev_E	E	198	CU	1
2yev_E	H	204	CU	1
2yev_E	H	161	CU	1
2yev_E	C	200	CU	1
2yev_E	C	196	CU	1
2yfu_A	D	29	CA	0
2yfu_A	E	132	CA	0
2yfu_A	D	31	CA	0
2ygl_B	H	154	CA	0
2ygl_B	D	158	CA	0
2yhg_A	D	35	CA	0
2yhg_A	D	42	CA	0
2yhg_A	D	243	CA	0
2yhg_A	D	367	CA	0
2yhg_A	H	331	CA	0
2yhg_A	D	365	CA	0
2yhg_A	D	419	CA	0
2yhg_A	D	369	CA	0
2yhg_A	D	382	MG	0
2yhw_A	C	208	ZN	1
2yhw_A	C	201	ZN	1
2yhw_A	C	203	ZN	1
2yhw_A	H	191	ZN	1
2yik_A	E	343	CA	0
2yik_A	D	336	CA	0
2yik_A	D	279	CA	0
2yik_A	D	280	CA	0
2yik_A	D	100	CA	0
2yik_A	D	102	CA	0
2yik_A	D	104	CA	0
2yik_A	H	72	ZN	1
2yik_A	C	55	ZN	1
2yik_A	H	114	ZN	1
2yik_A	C	71	ZN	1
2yjg_A	E	127	MG	0
2yjg_A	E	125	MG	0
2yjp_C	E	184	ZN	1
2yjp_C	H	182	ZN	1
2yjp_C	E	221	ZN	1
2yk0_A	E	124	MG	0
2yn5_B	D	100	CA	0
2yn5_B	D	94	CA	0
2yn5_B	D	218	CA	0
2yn5_B	D	178	CA	0
2yn5_B	D	265	CA	0
2yn5_B	D	193	CA	0
2yn5_B	D	200	CA	0
2yn5_B	D	162	CA	0
2yn5_B	D	79	CA	0
2yn5_B	D	118	CA	0
2yn5_B	E	58	CA	0
2yvr_B	C	28	ZN	1
2yvr_B	H	11	ZN	1
2yvr_B	C	8	ZN	1
2yvr_B	C	31	ZN	1
2yvr_B	C	20	ZN	1
2yvr_B	H	39	ZN	1
2yvr_B	H	36	ZN	1
2yvr_B	C	23	ZN	1
2yw8_A	C	68	ZN	1
2yw8_A	C	37	ZN	1
2yw8_A	C	40	ZN	1
2yw8_A	C	65	ZN	1
2yw8_A	C	48	ZN	1
2yw8_A	C	45	ZN	1
2yw8_A	C	24	ZN	1
2yw8_A	C	21	ZN	1
2yxh_B	E	36	MG	0
2yxh_B	E	52	MG	0
2yxh_B	E	33	MG	0
2yxh_B	D	55	MG	0
2yye_B	C	225	CO	1
2yye_B	D	52	CO	1
2yye_B	D	51	CO	1
2yzv_A	D	252	MG	0
2yzv_A	D	250	MG	0
2yzv_A	D	57	MG	0
2z00_A	H	54	ZN	1
2z00_A	D	305	ZN	1
2z00_A	H	56	ZN	1
2z00_A	D	146	ZN	1
2z00_A	H	173	ZN	1
2z00_A	H	232	ZN	1
2z1d_B	C	344	SF4	2
2z1d_B	C	361	SF4	2
2z1d_B	C	337	SF4	2
2z1d_B	C	322	SF4	2
2z2y_C	D	43	CA	0
2z2y_C	D	127	CA	0
2z2y_C	D	145	CA	0
2z2y_C	D	144	CA	0
2z2y_C	D	135	CA	0
2z2y_C	D	133	CA	0
2z2y_C	D	141	CA	0
2z2y_C	D	131	CA	0
2z2y_C	E	148	CA	0
2z2y_C	D	298	CA	0
2z2y_C	D	291	CA	0
2z2y_C	D	38	CA	0
2z2y_C	D	234	CA	0
2z2y_C	D	40	CA	0
2z2y_C	D	233	CA	0
2z2y_C	C	243	ZN	1
2z2y_C	H	72	ZN	1
2z2y_D	H	59	ZN	1
2z2y_D	E	56	ZN	1
2z30_A	D	147	CA	0
2z30_A	D	129	CA	0
2z30_A	D	135	CA	0
2z30_A	D	146	CA	0
2z30_A	D	137	CA	0
2z30_A	D	143	CA	0
2z30_A	D	133	CA	0
2z30_A	E	150	CA	0
2z30_A	D	45	CA	0
2z30_A	D	293	CA	0
2z30_A	D	300	CA	0
2z30_A	D	42	CA	0
2z30_A	D	236	CA	0
2z30_A	D	40	CA	0
2z30_A	D	235	CA	0
2z45_B	H	100	ZN	1
2z45_B	E	57	ZN	1
2z45_B	D	53	ZN	1
2z4g_B	H	37	ZN	1
2z4g_B	H	225	ZN	1
2z4g_B	H	12	ZN	1
2z4g_B	H	153	FE	1
2z4g_B	H	107	FE	1
2z4g_B	E	79	FE	1
2z4g_B	D	223	FE	1
2z4g_B	H	4	FE	1
2z4g_B	H	6	FE	1
2z4t_A	D	398	MG	0
2z72_A	H	79	ZN	1
2z72_A	D	113	ZN	1
2z72_A	D	77	ZN	1
2z72_A	H	206	ZN	1
2z72_A	H	285	ZN	1
2z7b_A	E	108	MN	1
2z7b_A	H	198	MN	1
2z7b_A	H	129	MN	1
2z7b_A	H	127	MN	1
2z8f_B	H	299	ZN	1
2z8f_B	E	302	ZN	1
2z8f_B	D	11	ZN	1
2z8z_A	D	274	CA	0
2z8z_A	D	282	CA	0
2z8z_A	E	252	CA	0
2z8z_A	D	336	CA	0
2z8z_A	D	395	CA	0
2z8z_A	D	377	CA	0
2z8z_A	D	386	CA	0
2z8z_A	D	399	CA	0
2z8z_A	D	512	CA	0
2z8z_A	D	497	CA	0
2z8z_A	D	515	CA	0
2z8z_A	D	524	CA	0
2z8z_A	H	502	CA	0
2z8z_A	D	533	CA	0
2z8z_A	D	542	CA	0
2z8z_A	D	553	CA	0
2z8z_A	D	562	CA	0
2zah_B	D	114	CA	0
2zah_B	D	86	CA	0
2zah_B	D	119	CA	0
2zah_B	D	158	CA	0
2zah_B	D	116	CA	0
2zba_A	D	375	CA	0
2zba_A	D	217	CA	0
2zbd_A	E	908	CA	0
2zbd_A	D	800	CA	0
2zbd_A	E	771	CA	0
2zbd_A	E	309	CA	0
2ze7_A	H	213	ZN	1
2ze7_A	D	172	ZN	1
2ze7_A	E	212	ZN	1
2zet_D	C	110	ZN	1
2zet_D	C	90	ZN	1
2zet_D	C	113	ZN	1
2zet_D	C	87	ZN	1
2zet_D	C	95	ZN	1
2zet_D	C	73	ZN	1
2zet_D	C	70	ZN	1
2zet_D	C	98	ZN	1
2zex_B	E	13	CA	0
2zex_B	D	139	CA	0
2zfd_A	E	70	CA	0
2zfd_A	D	63	CA	0
2zfd_A	D	94	CA	0
2zfd_A	E	105	CA	0
2zfd_A	D	175	CA	0
2zfd_A	E	186	CA	0
2zfd_A	D	179	CA	0
2zfd_A	E	142	CA	0
2zfd_A	E	139	CA	0
2zfd_A	D	131	CA	0
2zhg_A	C	129	FES	2
2zhg_A	C	123	FES	2
2zhg_A	C	118	FES	2
2zhg_A	C	121	FES	2
2zkm_X	D	358	CA	0
2zkm_X	E	356	CA	0
2zkm_X	E	407	CA	0
2zkt_B	D	372	CA	0
2zkt_B	E	41	CA	0
2zkt_B	D	12	ZN	1
2zkt_B	D	345	ZN	1
2zkt_B	H	346	ZN	1
2zkt_B	H	308	ZN	1
2zkt_B	D	304	ZN	1
2zkt_B	H	355	ZN	1
2znr_A	C	143	ZN	1
2znr_A	H	149	ZN	1
2znr_A	H	103	ZN	1
2znr_A	H	151	ZN	1
2znr_A	D	101	ZN	1
2znr_A	H	90	ZN	1
2znr_A	H	88	ZN	1
2zum_A	D	372	ZN	1
2zum_A	C	371	ZN	1
2zum_A	H	61	ZN	1
2zux_B	E	384	CA	0
2zux_B	H	361	CA	0
2zux_B	D	363	CA	0
2zux_B	H	325	CA	0
2zux_B	D	115	CA	0
2zux_B	E	428	CA	0
2zux_B	D	421	CA	0
2zux_B	D	419	CA	0
2zux_B	D	371	CA	0
2zux_B	E	378	CA	0
2zux_B	D	369	CA	0
2zux_B	E	464	CA	0
2zux_B	D	460	CA	0
2zux_B	D	458	CA	0
2zux_B	E	513	CA	0
2zux_B	D	505	CA	0
2zux_B	D	509	CA	0
2zux_B	D	124	CA	0
2zux_B	E	128	CA	0
2zux_B	D	120	CA	0
2zux_B	D	122	CA	0
2zux_B	D	188	CA	0
2zux_B	D	184	CA	0
2zux_B	E	192	CA	0
2zux_B	D	186	CA	0
2zux_B	E	339	CA	0
2zux_B	D	335	CA	0
2zux_B	D	331	CA	0
2zux_B	D	333	CA	0
2zux_B	D	348	CA	0
2zux_B	H	349	CA	0
2zwi_B	H	233	ZN	1
2zwi_B	D	274	ZN	1
2zws_A	E	410	ZN	1
2zws_A	H	203	ZN	1
2zws_A	H	96	ZN	1
2zws_A	D	580	MG	0
2zws_A	D	578	MG	0
2zws_A	H	36	MG	0
2zxp_A	D	83	MN	1
2zxp_A	D	135	MN	1
2zxp_A	D	220	MN	1
2zxp_A	H	159	MN	1
2zxp_A	D	81	MN	1
2zxp_A	D	79	MN	1
2zyr_B	D	430	MG	0
2zyr_B	D	408	MG	0
2zyr_B	D	404	MG	0
2zzf_A	H	612	ZN	1
2zzf_A	H	616	ZN	1
2zzf_A	C	716	ZN	1
2zzf_A	C	36	ZN	1
2zzf_A	C	19	ZN	1
2zzf_A	C	41	ZN	1
2zzf_A	C	22	ZN	1
2zzj_A	D	221	CA	0
2zzj_A	D	6	CA	0
3a04_A	C	336	SF4	2
3a04_A	C	302	SF4	2
3a04_A	C	326	SF4	2
3a04_A	C	333	SF4	2
3a1z_A	D	37	ZN	1
3a1z_A	H	207	ZN	1
3a1z_A	E	108	ZN	1
3a1z_A	D	95	ZN	1
3a1z_A	H	97	ZN	1
3a1z_A	D	120	ZN	1
3a24_B	E	152	CA	0
3a24_B	E	442	CA	0
3a24_B	E	448	CA	0
3a32_A	H	165	ZN	1
3a32_A	C	111	ZN	1
3a32_A	H	309	ZN	1
3a4u_A	D	121	CA	0
3a4u_A	D	150	CA	0
3a4u_A	D	124	CA	0
3a4u_A	D	126	CA	0
3a4u_B	D	79	CA	0
3a4u_B	E	88	CA	0
3a4u_B	D	77	CA	0
3a4u_B	D	129	CA	0
3a4u_B	D	125	CA	0
3a68_Q	E	90	CA	0
3a68_Q	H	93	CA	0
3a68_Q	E	55	CA	0
3a68_Q	D	163	CA	0
3a68_Q	E	166	CA	0
3a7q_B	D	27	CA	0
3a7q_B	D	29	CA	0
3a7q_B	D	37	CA	0
3a7q_B	E	38	CA	0
3a7q_B	D	31	CA	0
3a8r_B	D	111	CA	0
3a8r_B	E	118	CA	0
3a8r_B	D	107	CA	0
3a9j_C	C	13	ZN	1
3a9j_C	C	27	ZN	1
3a9j_C	C	10	ZN	1
3a9j_C	C	24	ZN	1
3ach_A	D	197	CA	0
3ach_A	E	32	CA	0
3adr_B	H	59	ZN	1
3adr_B	D	164	ZN	1
3adr_B	H	147	ZN	1
3adr_B	H	57	ZN	1
3adr_B	H	206	ZN	1
3adr_B	H	62	ZN	1
3adr_B	D	61	ZN	1
3aek_C	C	63	SF4	2
3aek_C	C	124	SF4	2
3aek_C	C	38	SF4	2
3ago_A	D	28	CA	0
3ahm_B	H	359	ZN	1
3ahm_B	E	383	ZN	1
3ahm_B	H	355	ZN	1
3aii_A	C	190	ZN	1
3aii_A	C	192	ZN	1
3aii_A	C	209	ZN	1
3aii_A	C	207	ZN	1
3aj3_A	D	206	ZN	1
3aj3_A	D	99	ZN	1
3aj3_A	H	100	ZN	1
3aj3_A	H	251	ZN	1
3aj3_A	H	95	ZN	1
3aj3_A	H	184	ZN	1
3aj3_A	H	97	ZN	1
3ak5_D	D	92	CA	0
3ak5_D	E	253	CA	0
3ak9_L	H	50	FE	1
3ak9_L	E	81	FE	1
3ak9_L	D	77	FE	1
3akb_A	D	109	CA	0
3akb_A	D	111	CA	0
3akb_A	D	107	CA	0
3akb_A	D	15	CA	0
3akb_A	H	19	CA	0
3akb_A	D	13	CA	0
3akb_A	D	24	CA	0
3akb_A	D	68	CA	0
3akb_A	E	75	CA	0
3akb_A	D	66	CA	0
3akb_A	D	64	CA	0
3akb_A	D	143	CA	0
3akb_A	E	152	CA	0
3akb_A	D	141	CA	0
3akb_A	D	145	CA	0
3alr_D	H	54	ZN	1
3alr_D	C	65	ZN	1
3alr_D	C	41	ZN	1
3alr_D	C	38	ZN	1
3alr_D	C	73	ZN	1
3alr_D	C	76	ZN	1
3alr_D	C	89	ZN	1
3alr_D	H	84	ZN	1
3als_D	D	135	CA	0
3als_D	E	112	CA	0
3aqj_P	H	119	FE	1
3aqj_P	H	121	FE	1
3aqj_P	D	124	CA	0
3arn_A	D	94	MG	0
3arn_A	E	134	MG	0
3asi_A	D	276	CA	0
3ats_A	E	35	MG	0
3ats_A	D	245	MG	0
3ats_A	E	247	MG	0
3au2_A	H	530	ZN	1
3au2_A	H	373	ZN	1
3au2_A	D	348	ZN	1
3au2_A	D	528	ZN	1
3au2_A	H	343	ZN	1
3au2_A	E	412	ZN	1
3au2_A	H	439	ZN	1
3au2_A	H	467	ZN	1
3ax1_A	C	306	ZN	1
3ax1_A	C	311	ZN	1
3ax1_A	H	324	ZN	1
3ax1_A	H	329	ZN	1
3axs_A	C	249	ZN	1
3axs_A	C	268	ZN	1
3axs_A	C	246	ZN	1
3axs_A	C	265	ZN	1
3ay2_B	C	149	ZN	1
3ay2_B	H	154	ZN	1
3ay2_B	H	85	ZN	1
3ayf_A	H	559	ZN	1
3ayf_A	H	507	ZN	1
3ayf_A	H	558	ZN	1
3ayv_D	H	95	ZN	1
3ayv_D	E	135	ZN	1
3ayv_D	H	54	ZN	1
3ayv_D	E	222	ZN	1
3ayv_D	D	161	ZN	1
3ayv_D	H	186	ZN	1
3ayv_D	D	195	ZN	1
3ayv_D	H	164	ZN	1
3ayv_D	H	197	ZN	1
3b08_K	C	13	ZN	1
3b08_K	C	24	ZN	1
3b08_K	C	10	ZN	1
3b08_K	C	27	ZN	1
3b1b_B	H	181	ZN	1
3b1b_B	H	164	ZN	1
3b1b_B	H	162	ZN	1
3b2y_B	H	169	NI	1
3b2y_B	E	78	NI	1
3b2y_B	H	75	NI	1
3b4n_B	D	190	CA	0
3b4n_B	D	177	ZN	1
3b4n_B	D	147	ZN	1
3b4n_B	H	175	ZN	1
3b4n_B	D	145	ZN	1
3b4n_B	D	172	ZN	1
3b59_F	H	197	MN	1
3b59_F	H	143	MN	1
3b59_F	E	248	MN	1
3b7s_A	H	304	ZN	1
3b7s_A	H	300	ZN	1
3b7s_A	E	323	ZN	1
3b9j_I	C	149	FES	2
3b9j_I	C	147	FES	2
3b9j_I	C	112	FES	2
3b9j_I	C	115	FES	2
3b9j_I	C	47	FES	2
3b9j_I	C	72	FES	2
3b9j_I	C	42	FES	2
3b9j_I	C	50	FES	2
3bal_D	H	103	ZN	1
3bal_D	H	61	ZN	1
3bal_D	H	63	ZN	1
3bb6_C	D	31	ZN	1
3bb6_C	H	82	ZN	1
3bb6_C	H	29	ZN	1
3bcd_A	D	304	CA	0
3bcd_A	E	322	CA	0
3bcd_A	D	282	CA	0
3bcd_A	D	320	CA	0
3bcd_A	D	312	CA	0
3bcd_A	D	318	CA	0
3bcd_A	H	353	CA	0
3bcd_A	D	540	CA	0
3bcd_A	D	517	CA	0
3bcd_A	D	532	CA	0
3bcd_A	D	413	CA	0
3bf3_B	H	44	MG	0
3bfm_A	E	42	CA	0
3bfm_A	D	21	CA	0
3bjc_A	H	655	ZN	1
3bjc_A	H	619	ZN	1
3bjc_A	D	656	ZN	1
3bjc_A	D	766	ZN	1
3bjd_A	H	192	NI	1
3bjd_A	H	275	NI	1
3bjd_A	E	182	NI	1
3bje_B	D	97	CA	0
3bnj_A	E	194	CA	0
3bod_A	D	56	CA	0
3bol_A	C	271	ZN	1
3bol_A	C	206	ZN	1
3bol_A	C	272	ZN	1
3box_B	E	281	MG	0
3box_B	D	227	MG	0
3box_B	E	253	MG	0
3bpd_G	D	11	MG	0
3bpd_G	E	42	MG	0
3bpd_G	D	44	MG	0
3bps_E	D	20	CA	0
3bps_E	E	6	CA	0
3bqb_Z	E	144	MG	0
3bqb_Z	E	142	MG	0
3bqb_Z	D	163	MG	0
3bs1_A	D	57	MG	0
3bso_A	D	98	MN	1
3bso_A	H	208	MN	1
3bso_A	E	204	MN	1
3btx_A	H	116	MG	0
3btx_A	D	118	MG	0
3btx_A	H	181	MG	0
3bu7_B	H	140	FE	1
3bu7_B	H	138	FE	1
3bu7_B	H	179	FE	1
3bu7_B	H	311	FE	1
3bu7_B	H	309	FE	1
3bu7_B	H	349	FE	1
3bv6_F	H	142	FE	1
3bv6_F	D	207	FE	1
3bv6_F	H	140	FE	1
3bv6_F	D	250	FE	1
3bv6_F	D	144	FE	1
3bv6_F	H	305	FE	1
3bv6_F	H	145	FE	1
3bvo_B	C	32	ZN	1
3bvo_B	C	29	ZN	1
3bvo_B	C	12	ZN	1
3bvo_B	C	15	ZN	1
3bwv_B	D	135	MG	0
3bwv_B	D	11	MG	0
3bwv_B	D	9	MG	0
3byr_A	E	83	ZN	1
3byr_A	H	46	ZN	1
3byr_A	H	30	ZN	1
3byw_G	D	35	ZN	1
3byw_G	H	158	ZN	1
3byw_G	E	118	ZN	1
3c0s_A	H	251	MN	1
3c0s_A	D	220	MN	1
3c0s_A	E	195	MN	1
3c0s_A	E	289	MN	1
3c0s_A	H	163	MN	1
3c0s_A	H	121	MN	1
3c1q_B	E	96	CA	0
3c1q_B	D	100	CA	0
3c1q_B	E	42	CA	0
3c25_B	C	80	FE	1
3c25_B	C	64	FE	1
3c25_B	C	54	FE	1
3c25_B	C	41	FE	1
3c37_B	H	109	ZN	1
3c37_B	E	161	ZN	1
3c37_B	H	207	ZN	1
3c37_B	H	105	ZN	1
3c5i_D	E	220	CA	0
3c5i_D	E	253	CA	0
3c5m_C	H	354	MN	1
3c5m_C	H	286	MN	1
3c5m_C	H	352	MN	1
3c5p_F	D	189	MG	0
3c5p_F	D	150	MG	0
3c5p_F	D	130	MG	0
3c7f_A	E	360	CA	0
3c7f_A	D	479	CA	0
3c7f_A	E	358	CA	0
3c7j_B	H	150	NI	1
3c7j_B	H	194	NI	1
3c7j_B	H	216	NI	1
3c8c_B	D	212	MG	0
3c8v_C	H	335	MG	0
3c8v_C	H	142	MG	0
3c8v_C	H	168	MG	0
3c9t_A	D	250	MG	0
3c9t_A	H	253	MG	0
3c9t_A	D	245	MG	0
3cbt_A	D	149	MG	0
3cbt_A	D	153	MG	0
3cc2_3	D	48	MG	0
3cdx_F	E	65	CA	0
3cdx_F	H	148	CA	0
3cdx_F	H	62	CA	0
3ce2_A	E	429	ZN	1
3ce2_A	H	401	ZN	1
3ce2_A	H	405	ZN	1
3cew_D	E	49	ZN	1
3cew_D	H	44	ZN	1
3cew_D	H	42	ZN	1
3cf4_A	C	78	SF4	2
3cf4_A	C	75	SF4	2
3cf4_A	C	83	SF4	2
3cf4_A	C	93	SF4	2
3cf4_A	C	457	SF4	2
3cf4_A	C	454	SF4	2
3cf4_A	C	460	SF4	2
3cf4_A	C	426	SF4	2
3cf4_A	C	419	SF4	2
3cf4_A	C	416	SF4	2
3cf4_A	C	464	SF4	2
3cf4_A	C	422	SF4	2
3cfx_B	E	138	MG	0
3cfx_B	D	148	MG	0
3cfx_B	D	144	MG	0
3cfx_B	D	33	MG	0
3cfx_B	E	26	MG	0
3cfx_B	E	22	MG	0
3cgh_A	C	267	ZN	1
3cgh_A	H	262	ZN	1
3cgh_A	E	299	ZN	1
3cgh_A	H	322	ZN	1
3cgm_A	H	146	NI	1
3cgm_A	H	144	NI	1
3cgm_A	H	154	NI	1
3cgm_A	H	156	NI	1
3cgm_A	H	148	NI	1
3chk_A	E	184	CA	0
3chk_A	E	223	CA	0
3chk_A	E	297	CA	0
3chk_A	D	137	CA	0
3chk_A	E	221	CA	0
3chk_A	E	229	CA	0
3chk_A	E	71	CA	0
3chv_A	E	233	ZN	1
3chv_A	H	53	ZN	1
3chv_A	H	51	ZN	1
3ci0_K	E	120	CA	0
3ci0_K	E	135	CA	0
3ci0_K	D	123	CA	0
3ci0_K	D	125	CA	0
3cin_A	E	370	MG	0
3cjp_B	H	149	ZN	1
3cjp_B	H	178	ZN	1
3cjp_B	E	120	ZN	1
3cjp_B	H	9	ZN	1
3cjp_B	H	7	ZN	1
3cjp_B	D	226	ZN	1
3cm5_B	C	272	ZN	1
3cm5_B	C	279	ZN	1
3cm5_B	C	219	ZN	1
3cm5_B	C	269	ZN	1
3cm5_B	D	24	MN	1
3cm5_B	D	193	MN	1
3cm5_B	E	26	MN	1
3cng_D	C	8	ZN	1
3cng_D	C	5	ZN	1
3cng_D	C	30	ZN	1
3cng_D	C	27	ZN	1
3cnx_C	E	123	MG	0
3cnx_C	E	25	MG	0
3coq_B	C	20	ZN	1
3coq_B	C	3	ZN	1
3coq_B	C	6	ZN	1
3coq_B	C	13	ZN	1
3coq_B	C	23	ZN	1
3coq_B	C	30	ZN	1
3cpx_C	E	191	FE	1
3cpx_C	D	164	FE	1
3cpx_C	H	295	FE	1
3cpx_C	D	217	FE	1
3cpx_C	H	83	FE	1
3cqj_B	E	165	ZN	1
3cqj_B	D	195	ZN	1
3cqj_B	H	221	ZN	1
3cqj_B	E	261	ZN	1
3cqo_C	D	29	CA	0
3cqo_C	E	139	CA	0
3cqo_C	C	138	CA	0
3cqo_C	E	283	CA	0
3cqo_C	C	282	CA	0
3cqo_C	D	175	CA	0
3crv_A	C	104	SF4	2
3crv_A	C	101	SF4	2
3crv_A	C	136	SF4	2
3crv_A	C	87	SF4	2
3csq_D	D	194	ZN	1
3csq_D	H	187	ZN	1
3csq_D	H	279	ZN	1
3ctz_A	D	425	MN	1
3ctz_A	H	488	MN	1
3ctz_A	E	536	MN	1
3ctz_A	E	522	MN	1
3ctz_A	D	414	MN	1
3cu2_B	D	45	NI	1
3cu2_B	D	192	NI	1
3cu2_B	H	43	NI	1
3cu2_B	H	74	NI	1
3cvj_C	H	53	MG	0
3cvj_C	E	57	MG	0
3cww_B	H	82	ZN	1
3cww_B	E	159	ZN	1
3cww_B	H	78	ZN	1
3cx5_P	C	147	FES	2
3cx5_P	H	130	FES	2
3cx5_P	C	128	FES	2
3cx5_P	H	150	FES	2
3cxk_B	C	124	ZN	1
3cxk_B	C	75	ZN	1
3cxk_B	C	78	ZN	1
3cxk_B	C	127	ZN	1
3czx_D	H	77	ZN	1
3czx_D	E	25	ZN	1
3czx_D	H	11	ZN	1
3d00_A	C	165	ZN	1
3d00_A	C	180	ZN	1
3d00_A	C	183	ZN	1
3d00_A	C	168	ZN	1
3d03_F	D	49	CO	1
3d03_F	H	9	CO	1
3d03_F	H	196	CO	1
3d03_F	D	7	CO	1
3d03_F	H	155	CO	1
3d03_F	H	194	CO	1
3d0y_A	D	63	CA	0
3d0y_A	D	61	CA	0
3d0y_A	E	67	CA	0
3d0y_A	E	72	CA	0
3d0y_A	D	65	CA	0
3d0y_A	D	23	CA	0
3d0y_A	E	21	CA	0
3d0y_A	E	31	CA	0
3d0y_A	H	15	ZN	1
3d0y_A	E	89	ZN	1
3d0y_A	H	25	ZN	1
3d0y_A	H	85	ZN	1
3d1r_A	E	213	CA	0
3d1r_A	E	88	CA	0
3d1r_A	D	85	CA	0
3d2n_A	H	30	ZN	1
3d2n_A	C	26	ZN	1
3d2n_A	C	19	ZN	1
3d2n_A	C	11	ZN	1
3d2n_A	C	53	ZN	1
3d2n_A	C	58	ZN	1
3d2n_A	C	45	ZN	1
3d2n_A	H	62	ZN	1
3d2q_D	H	27	ZN	1
3d2q_D	C	16	ZN	1
3d2q_D	C	23	ZN	1
3d2q_D	C	8	ZN	1
3d2q_D	C	44	ZN	1
3d2q_D	C	57	ZN	1
3d2q_D	H	61	ZN	1
3d2q_D	C	52	ZN	1
3d34_B	D	133	CA	0
3d34_B	D	165	CA	0
3d34_B	D	161	CA	0
3d89_A	H	82	FES	2
3d89_A	H	58	FES	2
3d89_A	C	56	FES	2
3d89_A	C	79	FES	2
3d8p_A	D	35	CA	0
3d8p_A	D	36	CA	0
3d8p_A	D	33	CA	0
3db7_A	E	35	CA	0
3db7_A	E	54	CA	0
3db7_A	E	44	CA	0
3dby_T	E	107	FE	1
3dby_T	E	238	FE	1
3dby_T	H	24	FE	1
3dby_T	H	234	FE	1
3dby_T	D	139	FE	1
3dby_T	H	143	FE	1
3dcp_C	H	39	ZN	1
3dcp_C	H	13	ZN	1
3dcp_C	H	259	ZN	1
3dcp_C	H	122	FE	1
3dcp_C	H	180	FE	1
3dcp_C	E	92	FE	1
3dcp_C	H	5	FE	1
3dcp_C	H	7	FE	1
3dcp_C	D	257	FE	1
3ddt_C	H	37	ZN	1
3ddt_C	C	20	ZN	1
3ddt_C	C	40	ZN	1
3ddt_C	C	23	ZN	1
3ddt_C	H	11	ZN	1
3ddt_C	C	31	ZN	1
3ddt_C	C	8	ZN	1
3ddt_C	C	28	ZN	1
3ded_E	D	97	CA	0
3ded_E	D	99	CA	0
3ded_E	D	104	CA	0
3dem_B	D	119	CA	0
3dem_B	E	122	CA	0
3dem_B	D	56	CA	0
3dem_B	E	48	CA	0
3dem_B	D	101	CA	0
3dem_B	D	225	CA	0
3dem_B	D	262	CA	0
3dem_B	E	215	CA	0
3dff_A	D	18	ZN	1
3dff_A	H	163	ZN	1
3dff_A	H	15	ZN	1
3dfx_B	C	30	ZN	1
3dfx_B	C	33	ZN	1
3dfx_B	C	12	ZN	1
3dfx_B	C	9	ZN	1
3dg3_A	D	241	MG	0
3dg3_A	D	190	MG	0
3dg3_A	E	216	MG	0
3dha_A	D	111	ZN	1
3dha_A	H	112	ZN	1
3dha_A	D	194	ZN	1
3dha_A	H	238	ZN	1
3dha_A	H	172	ZN	1
3dha_A	H	107	ZN	1
3dha_A	H	109	ZN	1
3di4_B	C	167	ZN	1
3di4_B	C	237	ZN	1
3di4_B	C	150	ZN	1
3di5_A	H	131	NI	1
3di5_A	H	127	NI	1
3di5_A	H	48	NI	1
3dkq_B	D	116	NI	1
3dkq_B	H	175	NI	1
3dkq_B	H	114	NI	1
3dkx_C	H	54	MN	1
3dkx_C	H	56	MN	1
3dkx_C	H	38	MN	1
3dkx_C	D	41	MN	1
3dlj_B	H	109	ZN	1
3dlj_B	D	142	ZN	1
3dlj_B	D	205	ZN	1
3dls_A	E	233	MG	0
3dpl_R	C	39	ZN	1
3dpl_R	C	42	ZN	1
3dpl_R	H	77	ZN	1
3dpl_R	C	80	ZN	1
3dpl_R	H	74	ZN	1
3dpl_R	C	91	ZN	1
3dpl_R	C	72	ZN	1
3dpl_R	D	94	ZN	1
3dpl_R	C	50	ZN	1
3dpl_R	H	79	ZN	1
3dpl_R	C	65	ZN	1
3dpl_R	C	53	ZN	1
3dqy_A	C	60	FES	2
3dqy_A	H	43	FES	2
3dqy_A	H	63	FES	2
3dqy_A	C	41	FES	2
3dr2_B	D	241	CA	0
3dsd_B	D	48	MN	1
3dsd_B	H	172	MN	1
3dsd_B	H	205	MN	1
3dsd_B	H	9	MN	1
3dsd_B	D	7	MN	1
3dsd_B	H	207	MN	1
3dsu_B	C	239	ZN	1
3dsu_B	D	237	ZN	1
3dsu_B	H	289	ZN	1
3dt5_A	D	74	CA	0
3dt5_A	E	43	CA	0
3dvo_D	E	101	CA	0
3dwc_D	H	266	CO	1
3dwc_D	E	297	CO	1
3dwc_D	H	270	CO	1
3dzm_C	D	51	CA	0
3dzm_C	D	55	CA	0
3dzm_C	E	76	CA	0
3e13_X	H	10	FE	1
3e1i_E	D	247	CA	0
3e1i_E	D	249	CA	0
3e1i_E	D	264	CA	0
3e1i_E	D	127	CA	0
3e2u_H	C	22	ZN	1
3e2u_H	C	35	ZN	1
3e2u_H	C	25	ZN	1
3e2u_H	H	30	ZN	1
3e3r_B	D	82	CA	0
3e3r_B	E	93	CA	0
3e3r_B	D	161	CA	0
3e3r_B	E	173	CA	0
3e3r_B	D	166	CA	0
3e3r_B	D	118	CA	0
3e3r_B	D	129	CA	0
3e3r_B	D	122	CA	0
3e3r_B	D	48	CA	0
3e3r_B	D	46	CA	0
3e3r_B	E	57	CA	0
3e50_D	H	11	ZN	1
3e7j_B	H	384	ZN	1
3e7j_B	D	401	ZN	1
3e7j_B	H	427	ZN	1
3e7l_C	E	13	ZN	1
3e7l_C	E	10	ZN	1
3e7l_C	D	33	ZN	1
3e9t_B	E	80	CA	0
3e9t_B	D	50	CA	0
3e9t_B	E	83	CA	0
3e9t_B	D	112	CA	0
3e9t_B	E	15	CA	0
3e9t_B	D	111	CA	0
3e9t_B	D	75	CA	0
3e9t_B	D	76	CA	0
3e9t_B	D	110	CA	0
3ea6_A	H	168	ZN	1
3ea6_A	D	209	ZN	1
3ea6_A	H	207	ZN	1
3eaf_A	E	324	MG	0
3eaf_A	D	339	MG	0
3eb9_B	H	55	ZN	1
3eb9_B	D	97	ZN	1
3eb9_B	H	96	ZN	1
3ebe_C	C	175	ZN	1
3ebe_C	C	153	ZN	1
3ebe_C	C	163	ZN	1
3ebe_C	H	178	ZN	1
3edf_B	D	279	CA	0
3edf_B	D	120	CA	0
3edf_B	D	124	CA	0
3edf_B	D	145	CA	0
3edg_A	H	97	ZN	1
3edg_A	H	93	ZN	1
3edg_A	H	103	ZN	1
3ee6_B	D	456	ZN	1
3ee6_B	H	196	ZN	1
3ee6_B	E	528	ZN	1
3ee6_B	H	148	ZN	1
3ee6_B	H	139	ZN	1
3ee6_B	E	44	ZN	1
3ee6_B	D	542	CA	0
3ee6_B	D	516	CA	0
3ef2_C	D	213	CA	0
3ef2_C	D	215	CA	0
3ef2_C	D	182	CA	0
3ef2_C	D	216	CA	0
3egw_B	C	21	F3S	2
3egw_B	C	18	F3S	2
3egw_B	C	262	F3S	2
3egw_B	C	246	SF4	2
3egw_B	C	258	SF4	2
3egw_B	C	25	SF4	2
3egw_B	C	243	SF4	2
3egw_B	C	183	SF4	2
3egw_B	C	191	SF4	2
3egw_B	C	226	SF4	2
3egw_B	C	186	SF4	2
3egw_B	C	222	F3S	2
3egw_B	C	216	F3S	2
3egw_B	C	195	F3S	2
3eh1_A	C	108	ZN	1
3eh1_A	C	87	ZN	1
3eh1_A	C	111	ZN	1
3eh1_A	C	90	ZN	1
3eh2_C	C	99	ZN	1
3eh2_C	C	118	ZN	1
3eh2_C	C	121	ZN	1
3eh2_C	C	96	ZN	1
3eki_A	D	120	CA	0
3eki_A	D	42	CA	0
3eki_A	E	329	CA	0
3emr_A	H	247	FE	1
3emr_A	H	145	FE	1
3emr_A	D	147	FE	1
3eph_B	C	365	ZN	1
3eph_B	C	362	ZN	1
3eph_B	H	384	ZN	1
3eph_B	H	390	ZN	1
3eqe_B	H	84	FE	1
3eqe_B	H	134	FE	1
3eqe_B	H	86	FE	1
3esq_A	C	111	ZN	1
3esq_A	C	128	ZN	1
3esq_A	C	126	ZN	1
3esq_A	H	113	ZN	1
3esq_A	D	32	CA	0
3esq_A	D	155	CA	0
3esq_A	D	30	CA	0
3eu3_A	E	86	CA	0
3eu3_A	D	151	CA	0
3eun_A	C	13	SF4	2
3eun_A	C	52	SF4	2
3eun_A	C	10	SF4	2
3eun_A	C	7	SF4	2
3eun_A	C	48	SF4	2
3eun_A	C	17	SF4	2
3eun_A	C	39	SF4	2
3eun_A	C	36	SF4	2
3ez8_A	D	306	CA	0
3ez8_A	E	307	CA	0
3ez8_A	D	301	CA	0
3ez8_A	E	303	CA	0
3ez8_A	D	467	CA	0
3ez8_A	H	121	ZN	1
3ez8_A	C	103	ZN	1
3ez8_A	C	120	ZN	1
3ez8_A	H	141	ZN	1
3f5l_A	H	72	ZN	1
3f5l_A	D	69	ZN	1
3f73_A	D	659	MG	0
3f73_A	D	545	MG	0
3f73_A	D	477	MG	0
3f79_F	D	242	MG	0
3f79_F	D	243	MG	0
3f79_F	D	70	MG	0
3faw_A	D	664	CA	0
3faw_A	D	564	CA	0
3faw_A	D	560	CA	0
3faw_A	D	510	CA	0
3fcm_B	H	128	MN	1
3fcm_B	H	130	MN	1
3fcm_B	H	76	MN	1
3fcp_H	E	250	MG	0
3fcp_H	D	249	MG	0
3fcs_C	E	251	CA	0
3fcs_C	D	244	CA	0
3fcs_C	D	246	CA	0
3fcs_C	E	242	CA	0
3fcs_C	D	304	CA	0
3fcs_C	D	300	CA	0
3fcs_C	D	296	CA	0
3fcs_C	D	372	CA	0
3fcs_C	D	368	CA	0
3fcs_C	D	366	CA	0
3fcs_C	D	364	CA	0
3fcs_C	D	427	CA	0
3fcs_C	D	425	CA	0
3fcs_C	D	433	CA	0
3fcs_C	E	641	CA	0
3fcs_C	D	604	CA	0
3fcs_C	C	601	CA	0
3fcs_D	D	126	CA	0
3fcs_D	D	125	CA	0
3fcs_D	E	219	CA	0
3fcs_D	D	157	CA	0
3fcs_D	D	216	CA	0
3fdg_B	E	136	MG	0
3fdg_B	D	12	MG	0
3fdg_B	H	10	MG	0
3fdg_B	H	230	MG	0
3fdg_B	H	209	MG	0
3fee_A	D	343	ZN	1
3fee_A	H	509	ZN	1
3fee_A	E	381	ZN	1
3fee_A	D	409	ZN	1
3fee_A	H	333	ZN	1
3fee_A	E	392	CA	0
3fee_A	E	389	CA	0
3feq_J	H	66	ZN	1
3feq_J	D	322	ZN	1
3feq_J	H	64	ZN	1
3feq_J	H	230	ZN	1
3feq_J	H	250	ZN	1
3feu_A	E	76	MG	0
3ff8_A	E	11	CA	0
3ff8_A	E	69	CA	0
3ff8_A	D	67	CA	0
3ff8_A	D	100	CA	0
3fha_D	E	376	CA	0
3fha_D	E	308	CA	0
3fhd_A	D	242	MG	0
3fhd_A	E	265	MG	0
3fid_B	H	42	ZN	1
3fid_B	D	103	ZN	1
3fid_B	H	53	ZN	1
3fid_B	H	83	ZN	1
3fl2_A	C	74	ZN	1
3fl2_A	C	57	ZN	1
3fl2_A	C	77	ZN	1
3fl2_A	C	54	ZN	1
3fl2_A	C	92	ZN	1
3fl2_A	C	89	ZN	1
3fl2_A	C	69	ZN	1
3fl2_A	H	71	ZN	1
3flo_H	C	51	ZN	1
3flo_H	C	54	ZN	1
3flo_H	C	27	ZN	1
3flo_H	C	24	ZN	1
3flo_H	C	104	ZN	1
3flo_H	C	109	ZN	1
3flo_H	C	90	ZN	1
3flo_H	C	85	ZN	1
3flp_N	E	144	CA	0
3flp_N	D	58	CA	0
3flp_N	D	146	CA	0
3flp_N	E	153	CA	0
3flp_N	E	156	CA	0
3fns_B	E	281	ZN	1
3fns_B	H	37	ZN	1
3fns_B	D	217	ZN	1
3fo3_B	E	301	CA	0
3fqg_A	D	200	MG	0
3fqg_A	E	149	MG	0
3fqg_A	E	238	MG	0
3fqi_A	E	272	MG	0
3fqi_A	D	255	MG	0
3fqm_B	C	8	ZN	1
3fqm_B	C	49	ZN	1
3fqm_B	C	28	ZN	1
3fqm_B	C	26	ZN	1
3fsr_C	C	36	ZN	1
3fsr_C	D	149	ZN	1
3fsr_C	H	58	ZN	1
3fsr_C	H	286	ZN	1
3fsy_A	D	167	MG	0
3fsy_A	E	184	MG	0
3fvz_A	H	0	FE	1
3fvz_A	D	6	FE	1
3fvz_A	H	1	FE	1
3fyy_B	H	245	MG	0
3fyy_B	E	220	MG	0
3fyy_B	D	192	MG	0
3fyy_B	H	44	MG	0
3fyy_B	D	41	MG	0
3g1p_B	C	22	ZN	1
3g1p_B	C	25	ZN	1
3g1p_B	C	20	ZN	1
3g1p_B	H	224	ZN	1
3g1p_B	D	163	MN	1
3g1p_B	H	221	MN	1
3g1p_B	H	80	MN	1
3g27_A	C	53	ZN	1
3g27_A	C	20	ZN	1
3g27_A	C	12	ZN	1
3g27_A	C	56	ZN	1
3g73_B	H	73	MG	0
3g8q_D	C	66	ZN	1
3g8q_D	H	43	ZN	1
3g8q_D	C	69	ZN	1
3g9m_B	C	24	ZN	1
3g9m_B	C	7	ZN	1
3g9m_B	C	21	ZN	1
3g9m_B	C	4	ZN	1
3g9m_B	C	56	ZN	1
3g9m_B	C	46	ZN	1
3g9m_B	C	59	ZN	1
3g9m_B	C	40	ZN	1
3ga8_A	C	41	ZN	1
3ga8_A	C	38	ZN	1
3ga8_A	C	4	ZN	1
3ga8_A	C	7	ZN	1
3gbo_A	D	90	CA	0
3gbo_A	E	6	CA	0
3gbo_A	C	194	CA	0
3gbo_A	H	149	ZN	1
3gbo_A	H	143	ZN	1
3gbo_A	H	139	ZN	1
3gdc_C	H	268	CU	1
3gdc_C	H	133	CU	1
3gdc_C	H	223	CU	1
3gdc_C	H	140	CU	1
3gdc_C	C	132	CU	1
3gdc_C	H	87	CU	1
3gdc_C	H	131	CU	1
3gdc_C	H	270	CU	1
3gdc_C	H	92	CU	1
3gdc_C	D	178	CA	0
3gdc_C	E	180	CA	0
3gdc_C	D	174	CA	0
3gg7_A	D	195	MN	1
3gg7_A	H	6	MN	1
3gg7_A	E	85	MN	1
3gg7_A	H	8	MN	1
3git_F	C	217	SF4	2
3git_F	C	207	SF4	2
3git_F	C	195	SF4	2
3git_F	C	198	SF4	2
3gj9_B	E	16	ZN	1
3gj9_B	E	61	ZN	1
3gj9_B	E	66	ZN	1
3gmz_B	H	125	MN	1
3gmz_B	D	233	MN	1
3gmz_B	D	231	MN	1
3gmz_B	D	123	MN	1
3gmz_B	H	100	MN	1
3gmz_B	D	127	MN	1
3gn6_D	E	308	MG	0
3gn6_D	H	282	MG	0
3gn6_D	H	286	MG	0
3go2_A	D	218	MG	0
3go2_A	E	268	MG	0
3go2_A	E	244	MG	0
3go9_A	D	388	ZN	1
3go9_A	D	386	ZN	1
3go9_A	D	98	ZN	1
3go9_A	E	100	ZN	1
3go9_A	D	157	ZN	1
3go9_A	H	71	ZN	1
3gob_C	C	67	FES	2
3gob_C	H	70	FES	2
3gob_C	H	50	FES	2
3gob_C	C	48	FES	2
3gob_C	D	293	CO	1
3gob_C	H	159	CO	1
3gob_C	H	164	CO	1
3god_B	D	271	MN	1
3god_B	H	257	MN	1
3god_B	E	193	MN	1
3goe_A	D	20	CA	0
3gor_D	H	129	NI	1
3gor_D	H	133	NI	1
3gor_D	H	49	NI	1
3gqa_A	D	196	CO	1
3gqa_A	D	197	CO	1
3gqa_A	E	227	CO	1
3grb_D	H	87	ZN	1
3grb_D	E	91	ZN	1
3grb_D	H	89	ZN	1
3gve_B	H	20	MN	1
3gve_B	D	63	MN	1
3gve_B	H	250	MN	1
3gve_B	D	18	MN	1
3gve_B	H	215	MG	0
3gve_B	H	248	MG	0
3gyb_B	D	211	MG	0
3gyb_B	D	228	MG	0
3gyg_D	D	29	MG	0
3gyg_D	D	234	MG	0
3gyg_D	D	27	MG	0
3gyy_B	D	264	ZN	1
3gyy_B	E	120	ZN	1
3gyy_B	E	116	ZN	1
3gyy_B	D	110	ZN	1
3h0l_W	E	152	MG	0
3h0l_W	H	13	MG	0
3h0l_W	E	126	MG	0
3h0l_W	C	39	ZN	1
3h0l_W	C	42	ZN	1
3h0l_W	C	24	ZN	1
3h0l_W	C	26	ZN	1
3h0n_A	C	172	ZN	1
3h0n_A	C	152	ZN	1
3h0n_A	C	147	ZN	1
3h0n_A	C	168	ZN	1
3h4s_E	D	90	CA	0
3h4s_E	E	97	CA	0
3h4s_E	D	88	CA	0
3h4s_E	D	86	CA	0
3h60_B	D	95	MN	1
3h60_B	H	176	MN	1
3h60_B	H	251	MN	1
3h60_B	D	66	MN	1
3h60_B	H	68	MN	1
3h7h_A	C	21	ZN	1
3h7h_A	C	38	ZN	1
3h7h_A	C	35	ZN	1
3h7h_A	C	18	ZN	1
3h7j_A	H	51	CO	1
3h7j_A	H	49	CO	1
3h7j_A	H	90	CO	1
3h7j_A	E	166	FE	1
3h7j_A	D	32	FE	1
3h7j_A	E	196	FE	1
3h7v_A	E	193	MG	0
3h7v_A	D	218	MG	0
3h7v_A	D	164	MG	0
3h87_A	D	113	MG	0
3h87_A	D	131	MG	0
3h87_A	D	133	MG	0
3h90_D	D	277	ZN	1
3h90_D	H	275	ZN	1
3h90_D	H	253	ZN	1
3h90_D	H	67	ZN	1
3h90_D	H	63	ZN	1
3h90_D	D	60	ZN	1
3h90_D	H	240	ZN	1
3h90_D	H	224	ZN	1
3h90_D	D	37	ZN	1
3h90_D	D	149	ZN	1
3h90_D	H	145	ZN	1
3h90_D	D	41	ZN	1
3haj_B	E	70	CA	0
3hbz_A	E	102	CA	0
3hbz_A	D	331	CA	0
3hc1_A	H	192	FE	1
3hc1_A	E	248	FE	1
3hc1_A	H	217	FE	1
3hc1_A	D	152	FE	1
3hc1_A	H	216	FE	1
3hc1_A	H	121	FE	1
3hc1_A	H	151	FE	1
3hc1_A	D	237	FE	1
3hcn_B	C	338	FES	2
3hcn_B	C	346	FES	2
3hcn_B	C	131	FES	2
3hcn_B	C	341	FES	2
3hcs_B	C	40	ZN	1
3hcs_B	C	23	ZN	1
3hcs_B	C	43	ZN	1
3hcs_B	C	20	ZN	1
3hcs_B	C	35	ZN	1
3hcs_B	C	55	ZN	1
3hcs_B	D	58	ZN	1
3hcs_B	H	37	ZN	1
3hcs_B	C	84	ZN	1
3hcs_B	C	89	ZN	1
3hcs_B	C	105	ZN	1
3hcs_B	H	101	ZN	1
3hcs_B	C	112	ZN	1
3hcs_B	C	132	ZN	1
3hcs_B	H	127	ZN	1
3hcs_B	C	115	ZN	1
3hcs_B	H	154	ZN	1
3hcs_B	C	139	ZN	1
3hcs_B	C	142	ZN	1
3hdb_A	H	144	ZN	1
3hdb_A	H	140	ZN	1
3hdb_A	H	150	ZN	1
3hdb_A	C	195	CA	0
3hdb_A	D	91	CA	0
3hdb_A	E	7	CA	0
3hdb_A	E	220	CA	0
3hdb_A	D	223	CA	0
3hdb_A	E	217	CA	0
3hdb_A	D	274	CA	0
3hdb_A	E	277	CA	0
3hdb_A	D	289	CA	0
3hdb_A	D	100	CA	0
3hdi_B	E	125	CO	1
3hdi_B	H	49	CO	1
3hdi_B	H	45	CO	1
3hdp_A	E	56	NI	1
3hdp_A	E	128	NI	1
3hdp_A	H	79	NI	1
3hdp_A	H	9	NI	1
3hfw_A	D	54	MG	0
3hfw_A	D	55	MG	0
3hfw_A	D	303	MG	0
3hhs_B	H	404	CU	1
3hhs_B	H	368	CU	1
3hhs_B	H	364	CU	1
3hhs_B	H	207	CU	1
3hhs_B	H	211	CU	1
3hhs_B	H	237	CU	1
3hix_B	H	103	MN	1
3hix_B	D	26	MN	1
3hix_B	H	101	MN	1
3hko_A	C	139	ZN	1
3hko_A	C	141	ZN	1
3hko_A	C	144	ZN	1
3hko_A	H	110	ZN	1
3hm2_G	E	62	MG	0
3hm2_G	E	59	MG	0
3hph_D	C	39	ZN	1
3hph_D	H	11	ZN	1
3hph_D	H	15	ZN	1
3hph_D	C	42	ZN	1
3hpx_B	D	80	NI	1
3hpx_B	H	286	NI	1
3hpx_B	H	284	NI	1
3hq1_A	H	284	MN	1
3hq1_A	H	286	MN	1
3hq1_A	D	80	MN	1
3hr6_A	D	154	CA	0
3hr6_A	E	164	CA	0
3hr6_A	D	152	CA	0
3hrd_A	D	212	MG	0
3ht1_A	H	56	NI	1
3ht1_A	H	96	NI	1
3ht1_A	H	60	NI	1
3ht1_A	H	54	NI	1
3htk_C	H	201	ZN	1
3htk_C	C	225	ZN	1
3htk_C	C	199	ZN	1
3htk_C	C	220	ZN	1
3htr_B	D	62	ZN	1
3htr_B	E	6	ZN	1
3htr_B	E	36	ZN	1
3htr_B	H	64	ZN	1
3hug_T	C	56	ZN	1
3hug_T	H	24	ZN	1
3hug_T	C	53	ZN	1
3hug_T	H	49	ZN	1
3hw6_D	H	45	MN	1
3hw6_D	D	112	MN	1
3hw6_D	E	123	MN	1
3hw6_D	E	84	MN	1
3hwo_B	D	148	MG	0
3hwp_B	H	136	ZN	1
3hwp_B	E	167	ZN	1
3hwp_B	E	281	ZN	1
3hwp_B	H	277	ZN	1
3hx6_B	D	265	CA	0
3hx6_B	D	261	CA	0
3hx6_B	D	257	CA	0
3hxs_A	E	39	ZN	1
3hxs_A	E	95	ZN	1
3hxs_A	D	99	ZN	1
3hyg_B	D	100	CA	0
3hyg_B	D	93	CA	0
3hyg_B	D	214	CA	0
3hyg_B	E	10	CA	0
3hyg_B	C	211	CA	0
3hyg_B	C	116	CA	0
3hyg_B	D	109	CA	0
3hyg_B	E	138	CA	0
3hz2_D	E	8	CA	0
3hz2_D	D	32	CA	0
3hz2_D	E	48	CA	0
3hzb_G	D	76	CA	0
3hzb_G	D	36	CA	0
3hzb_G	D	35	CA	0
3hzb_G	D	66	CA	0
3i04_O	C	595	CU	1
3i04_O	C	593	CU	1
3i04_O	C	507	CU	1
3i04_O	C	526	SF4	2
3i04_O	C	504	SF4	2
3i04_O	C	516	SF4	2
3i2d_A	C	293	ZN	1
3i2d_A	C	290	ZN	1
3i2d_A	C	267	ZN	1
3i2d_A	H	269	ZN	1
3i57_B	D	61	CA	0
3i57_B	D	59	CA	0
3i8b_A	E	189	MG	0
3i9f_B	D	103	ZN	1
3i9f_B	H	169	ZN	1
3i9f_B	H	167	ZN	1
3i9f_B	H	165	ZN	1
3ia7_B	H	296	CA	0
3ia7_B	E	45	CA	0
3ibz_A	D	77	CA	0
3ibz_A	D	41	CA	0
3ibz_A	E	88	CA	0
3ibz_A	D	39	CA	0
3ibz_A	D	87	CA	0
3idu_B	E	103	MN	1
3idu_B	D	17	MN	1
3idu_B	E	106	MN	1
3idu_B	D	96	MN	1
3idv_A	E	233	ZN	1
3idv_A	D	229	ZN	1
3iek_C	H	399	ZN	1
3iek_C	D	62	ZN	1
3iek_C	H	63	ZN	1
3iek_C	D	161	ZN	1
3iek_C	H	58	ZN	1
3iek_C	H	140	ZN	1
3iek_C	H	60	ZN	1
3ife_A	H	102	ZN	1
3ife_A	D	222	ZN	1
3ife_A	D	165	ZN	1
3ife_A	E	200	ZN	1
3ife_A	H	404	ZN	1
3ifu_A	C	75	ZN	1
3ifu_A	H	145	ZN	1
3ifu_A	C	69	ZN	1
3ifu_A	C	7	ZN	1
3ifu_A	C	27	ZN	1
3ifu_A	C	24	ZN	1
3ifu_A	C	9	ZN	1
3ihk_A	D	46	MG	0
3ihk_A	D	25	MG	0
3ihk_A	D	44	MG	0
3ihk_A	D	74	MG	0
3ihp_B	C	220	ZN	1
3ihp_B	H	250	ZN	1
3ihp_B	C	217	ZN	1
3ihp_B	C	237	ZN	1
3iib_A	E	303	ZN	1
3iib_A	H	401	ZN	1
3iib_A	D	268	ZN	1
3iib_A	D	330	ZN	1
3iib_A	H	256	ZN	1
3ij6_D	H	10	ZN	1
3ij6_D	H	204	ZN	1
3ij6_D	D	262	ZN	1
3ij6_D	H	160	ZN	1
3ijl_B	D	178	MG	0
3ijl_B	E	205	MG	0
3ijl_B	D	230	MG	0
3imi_D	H	52	ZN	1
3imi_D	C	13	ZN	1
3imi_D	C	10	ZN	1
3imi_D	H	103	ZN	1
3iqf_L	D	258	CA	0
3ir9_B	C	80	ZN	1
3ir9_B	C	83	ZN	1
3ir9_B	C	108	ZN	1
3ir9_B	C	105	ZN	1
3it5_G	D	35	ZN	1
3it5_G	H	22	ZN	1
3it5_G	H	121	ZN	1
3iuf_A	C	12	ZN	1
3iuf_A	H	25	ZN	1
3iuf_A	H	30	ZN	1
3iuf_A	C	9	ZN	1
3ivd_B	H	193	FE	1
3ivd_B	D	60	FE	1
3ivd_B	H	232	FE	1
3ivd_B	H	15	MN	1
3ivd_B	H	234	MN	1
3ivd_B	D	13	MN	1
3jq1_B	E	227	CA	0
3jq1_B	D	224	CA	0
3ju2_A	H	204	ZN	1
3ju2_A	E	248	ZN	1
3ju2_A	E	142	ZN	1
3ju2_A	D	177	ZN	1
3jxs_C	E	51	CA	0
3jxs_C	D	159	CA	0
3jxs_C	E	10	CA	0
3jxs_C	D	28	CA	0
3jyg_F	H	16	ZN	1
3jyg_F	H	39	ZN	1
3jyg_F	H	41	ZN	1
3jys_A	D	369	MG	0
3jys_A	D	367	MG	0
3jyy_B	D	59	MG	0
3jyy_B	E	61	MG	0
3jyy_B	E	108	MG	0
3k1s_H	D	82	MG	0
3k2g_D	E	176	ZN	1
3k2g_D	H	33	ZN	1
3k2g_D	D	303	ZN	1
3k2g_D	H	35	ZN	1
3k2g_D	H	208	ZN	1
3k2g_D	H	237	ZN	1
3k2o_B	H	187	NI	1
3k2o_B	H	273	NI	1
3k2o_B	D	189	NI	1
3k4z_A	D	165	MG	0
3k4z_A	D	22	MG	0
3k6j_A	H	9	ZN	1
3k6j_A	C	231	ZN	1
3k6j_A	E	199	ZN	1
3k6j_A	H	187	ZN	1
3kal_A	E	391	MG	0
3kcp_A	D	294	CA	0
3kcp_A	D	283	CA	0
3kcp_A	D	261	CA	0
3kcp_A	D	250	CA	0
3kcp_A	D	254	CA	0
3kd3_B	D	9	MG	0
3kd3_B	D	11	MG	0
3kd3_B	D	171	MG	0
3kde_C	H	46	ZN	1
3kde_C	C	6	ZN	1
3kde_C	C	3	ZN	1
3kde_C	C	43	ZN	1
3kdk_A	C	173	ZN	1
3kdk_A	H	175	ZN	1
3kdk_A	E	37	ZN	1
3kdk_A	C	142	ZN	1
3kdk_A	H	33	ZN	1
3ke6_B	D	246	MN	1
3ke6_B	D	187	MN	1
3ke6_B	D	70	MN	1
3kew_B	C	194	ZN	1
3kew_B	H	101	ZN	1
3kew_B	H	97	ZN	1
3kgx_A	H	297	MG	0
3kgx_A	D	374	MG	0
3kgx_A	H	301	MG	0
3kgz_B	H	61	MN	1
3kgz_B	H	65	MN	1
3kgz_B	E	59	MN	1
3kgz_B	H	99	MN	1
3khe_A	E	107	CA	0
3khe_A	E	104	CA	0
3khe_A	D	98	CA	0
3khe_A	D	96	CA	0
3khe_A	D	134	CA	0
3khe_A	D	132	CA	0
3khe_A	E	143	CA	0
3khe_A	D	166	CA	0
3khe_A	E	177	CA	0
3khe_A	E	172	CA	0
3khe_A	D	170	CA	0
3khe_A	E	60	CA	0
3khe_A	D	49	CA	0
3khe_A	D	53	CA	0
3khi_A	H	112	ZN	1
3khi_A	H	153	ZN	1
3khi_A	H	149	ZN	1
3khi_A	E	212	ZN	1
3kj2_B	E	16	ZN	1
3kj2_B	E	15	ZN	1
3kl6_A	E	110	CA	0
3kl6_A	D	112	CA	0
3kl6_A	D	173	CA	0
3kl6_A	D	55	CA	0
3kl6_A	E	62	CA	0
3kl6_A	E	65	CA	0
3km5_B	D	26	CA	0
3km5_B	D	28	CA	0
3km5_B	D	24	CA	0
3km5_B	E	9	CA	0
3km5_B	D	171	CA	0
3kmh_B	H	121	MN	1
3kmh_B	H	123	MN	1
3kmh_B	E	128	MN	1
3kmh_B	H	189	MN	1
3knv_A	C	68	ZN	1
3knv_A	C	48	ZN	1
3knv_A	H	50	ZN	1
3knv_A	C	71	ZN	1
3knv_A	C	56	ZN	1
3knv_A	C	36	ZN	1
3knv_A	C	53	ZN	1
3knv_A	C	33	ZN	1
3knv_A	C	111	ZN	1
3knv_A	H	124	ZN	1
3knv_A	C	128	ZN	1
3knv_A	C	106	ZN	1
3kt1_A	D	141	FE	1
3kt1_A	H	139	FE	1
3kt1_A	H	207	FE	1
3ktc_A	D	238	FE	1
3ktc_A	D	240	FE	1
3ktc_A	H	204	FE	1
3kvc_B	H	240	FE	1
3kvc_B	H	526	FE	1
3kvc_B	H	312	FE	1
3kvc_B	H	179	FE	1
3kvt_A	C	96	ZN	1
3kvt_A	H	69	ZN	1
3kvt_A	C	97	ZN	1
3kwc_E	H	94	ZN	1
3kwc_E	H	126	ZN	1
3kwc_E	H	121	ZN	1
3kzp_B	E	24	CA	0
3kzp_B	D	146	CA	0
3kzp_B	E	105	CA	0
3l00_A	H	31	ZN	1
3l00_A	H	87	ZN	1
3l00_A	C	7	ZN	1
3l00_A	C	26	ZN	1
3l0a_A	C	243	ZN	1
3l0a_A	C	35	ZN	1
3l0a_A	C	246	ZN	1
3l0a_A	C	240	ZN	1
3l0y_B	D	23	MG	0
3l11_A	C	55	ZN	1
3l11_A	H	34	ZN	1
3l11_A	C	52	ZN	1
3l11_A	C	32	ZN	1
3l11_A	C	40	ZN	1
3l11_A	C	37	ZN	1
3l11_A	C	20	ZN	1
3l11_A	C	17	ZN	1
3l23_A	E	274	MG	0
3l23_A	H	241	MG	0
3l23_A	D	215	MG	0
3l23_A	H	164	MG	0
3l2c_A	H	83	MG	0
3l6b_A	D	215	MN	1
3l6b_A	E	209	MN	1
3l7t_B	E	130	ZN	1
3l7t_B	H	7	ZN	1
3l7t_B	E	54	ZN	1
3l7t_B	H	83	ZN	1
3l7x_A	H	79	ZN	1
3l7x_A	H	130	ZN	1
3l7x_A	C	40	ZN	1
3l7x_A	C	37	ZN	1
3l8h_D	H	90	ZN	1
3l8h_D	C	98	ZN	1
3l8h_D	C	88	ZN	1
3l8h_D	C	96	ZN	1
3lag_A	D	14	CA	0
3lag_A	E	15	CA	0
3lag_A	D	37	CA	0
3las_B	H	90	ZN	1
3las_B	C	37	ZN	1
3las_B	C	93	ZN	1
3lcn_B	D	49	ZN	1
3lcn_B	D	61	ZN	1
3lcn_B	E	45	ZN	1
3ld0_h	C	14	ZN	1
3ld0_h	C	11	ZN	1
3ld0_h	C	28	ZN	1
3ld0_h	C	25	ZN	1
3ld0_h	E	52	MG	0
3lez_A	E	117	CA	0
3lez_A	D	131	CA	0
3lez_A	D	114	CA	0
3lgd_B	D	414	ZN	1
3lgd_B	H	85	ZN	1
3lgd_B	H	87	ZN	1
3lgd_B	H	329	ZN	1
3lho_A	H	40	NI	1
3lho_A	E	234	NI	1
3lho_A	H	164	NI	1
3lju_X	C	56	ZN	1
3lju_X	C	59	ZN	1
3lju_X	C	39	ZN	1
3lju_X	C	36	ZN	1
3lkm_A	D	231	MG	0
3lkm_A	H	207	ZN	1
3lkm_A	C	261	ZN	1
3lkm_A	C	265	ZN	1
3lkm_A	H	259	ZN	1
3lmc_A	C	164	FE	1
3lmc_A	C	183	FE	1
3lmc_A	C	159	FE	1
3lmc_A	C	186	FE	1
3lmc_A	H	158	ZN	1
3lmc_A	H	152	ZN	1
3lmc_A	H	148	ZN	1
3lmm_D	D	89	CO	1
3lmm_D	D	40	CO	1
3lnl_B	E	332	ZN	1
3lnl_B	H	329	ZN	1
3lnl_B	H	68	ZN	1
3lnl_B	D	105	ZN	1
3lnl_B	H	67	ZN	1
3lnn_A	E	328	ZN	1
3lnn_A	H	284	ZN	1
3lnn_A	H	220	ZN	1
3lqh_A	C	7	ZN	1
3lqh_A	C	34	ZN	1
3lqh_A	H	31	ZN	1
3lqh_A	C	4	ZN	1
3lqh_A	C	26	ZN	1
3lqh_A	C	59	ZN	1
3lqh_A	C	56	ZN	1
3lqh_A	C	23	ZN	1
3lrq_D	C	48	ZN	1
3lrq_D	C	24	ZN	1
3lrq_D	C	27	ZN	1
3lrq_D	C	45	ZN	1
3lrq_D	C	63	ZN	1
3lrq_D	C	37	ZN	1
3lrq_D	C	60	ZN	1
3lrq_D	C	40	ZN	1
3ls1_B	D	120	ZN	1
3ls1_B	E	116	ZN	1
3ls1_B	H	94	ZN	1
3ls1_B	E	90	ZN	1
3ls9_B	H	64	ZN	1
3ls9_B	H	62	ZN	1
3ls9_B	H	237	ZN	1
3ltl_A	H	89	CA	0
3lub_L	E	31	ZN	1
3lub_L	H	119	ZN	1
3lub_L	D	42	ZN	1
3lub_L	E	167	ZN	1
3lub_L	H	33	ZN	1
3luf_B	D	175	MG	0
3luf_B	D	131	MG	0
3luf_B	D	54	MG	0
3luf_B	D	11	MG	0
3lum_D	H	177	ZN	1
3lum_D	H	171	ZN	1
3lum_D	H	167	ZN	1
3lum_D	E	182	CA	0
3lum_D	D	193	CA	0
3luu_A	E	40	ZN	1
3luu_A	E	100	ZN	1
3luu_A	H	36	ZN	1
3lv4_B	E	357	CA	0
3lv4_B	E	374	CA	0
3lx3_A	H	35	ZN	1
3lx3_A	H	47	ZN	1
3lx3_A	H	49	ZN	1
3lx3_A	E	167	ZN	1
3lzk_D	D	103	CA	0
3lzk_D	E	161	CA	0
3lzk_D	D	190	CA	0
3lzk_D	E	159	CA	0
3m07_A	D	320	MG	0
3m07_A	E	342	MG	0
3m1m_A	C	155	ZN	1
3m1m_A	H	152	ZN	1
3m1m_A	C	160	ZN	1
3m1m_A	H	105	ZN	1
3m1r_A	D	246	CA	0
3m1r_A	D	152	CA	0
3m1r_A	D	244	CA	0
3m1r_A	H	154	CA	0
3m1r_A	D	156	CA	0
3m3a_A	H	42	CU	1
3m3a_A	E	67	CU	1
3m3a_A	H	28	CU	1
3m3a_A	H	63	CU	1
3m4r_A	E	115	ZN	1
3m4r_A	H	131	ZN	1
3m4r_A	H	129	ZN	1
3m4r_A	H	187	ZN	1
3m7k_A	C	108	ZN	1
3m7k_A	C	62	ZN	1
3m7k_A	C	111	ZN	1
3m7k_A	C	65	ZN	1
3m7k_A	C	3	ZN	1
3m7k_A	C	26	ZN	1
3m7k_A	C	6	ZN	1
3m7k_A	C	23	ZN	1
3m7n_C	C	145	ZN	1
3m7n_C	C	142	ZN	1
3m7n_C	C	158	ZN	1
3m7p_A	H	235	ZN	1
3m7p_A	E	170	ZN	1
3m7p_A	D	232	ZN	1
3m7p_A	E	177	ZN	1
3m7p_A	H	191	ZN	1
3m7p_A	H	284	ZN	1
3mao_A	C	66	FE	1
3mao_A	C	15	FE	1
3mao_A	C	18	FE	1
3mao_A	C	63	FE	1
3mbr_X	E	153	CA	0
3mbr_X	E	155	CA	0
3mcx_A	H	329	ZN	1
3mcx_A	E	318	ZN	1
3mcx_A	E	314	ZN	1
3mdu_A	H	57	ZN	1
3mdu_A	H	231	ZN	1
3mdu_A	H	55	ZN	1
3mdu_A	D	319	ZN	1
3mhf_A	E	237	CA	0
3mhf_A	E	83	CA	0
3mhf_A	E	82	CA	0
3mhs_A	C	8	ZN	1
3mhs_A	C	103	ZN	1
3mhs_A	H	10	ZN	1
3mhs_A	C	100	ZN	1
3mhs_A	C	53	ZN	1
3mhs_A	H	77	ZN	1
3mhs_A	C	50	ZN	1
3mhs_A	C	72	ZN	1
3mhs_A	C	64	ZN	1
3mhs_A	H	81	ZN	1
3mhs_A	H	87	ZN	1
3mhs_A	C	67	ZN	1
3mhs_A	C	189	ZN	1
3mhs_A	C	178	ZN	1
3mhs_A	C	186	ZN	1
3mhs_A	H	174	ZN	1
3mhs_A	C	277	ZN	1
3mhs_A	H	254	ZN	1
3mhs_A	H	280	ZN	1
3mhs_A	C	275	ZN	1
3mhs_A	C	296	ZN	1
3mhs_A	C	343	ZN	1
3mhs_A	C	340	ZN	1
3mhs_A	C	293	ZN	1
3mhs_C	C	91	ZN	1
3mhs_C	C	75	ZN	1
3mhs_C	C	72	ZN	1
3mhs_C	H	87	ZN	1
3mhs_E	C	77	ZN	1
3mhs_E	H	92	ZN	1
3mhs_E	E	94	ZN	1
3mhs_E	C	80	ZN	1
3mjh_D	C	10	ZN	1
3mjh_D	H	28	ZN	1
3mjh_D	C	7	ZN	1
3mjh_D	H	23	ZN	1
3ml1_A	C	53	SF4	2
3ml1_A	C	18	SF4	2
3ml1_A	C	21	SF4	2
3ml1_A	C	25	SF4	2
3mln_B	C	146	ZN	1
3mln_B	H	133	ZN	1
3mln_B	C	137	ZN	1
3mln_B	C	140	ZN	1
3mlp_F	C	140	ZN	1
3mlp_F	C	146	ZN	1
3mlp_F	H	133	ZN	1
3mlp_F	C	137	ZN	1
3mmh_A	E	44	MG	0
3mmu_G	D	226	NI	1
3mmu_G	H	229	NI	1
3mmu_G	D	225	NI	1
3mmz_B	D	19	CA	0
3mmz_B	D	17	CA	0
3mo0_B	C	123	ZN	1
3mo0_B	C	80	ZN	1
3mo0_B	C	127	ZN	1
3mo0_B	C	93	ZN	1
3mo0_B	C	133	ZN	1
3mo0_B	C	129	ZN	1
3mo0_B	C	86	ZN	1
3mo0_B	C	82	ZN	1
3mo0_B	C	91	ZN	1
3mo0_B	C	276	ZN	1
3mo0_B	C	221	ZN	1
3mo0_B	C	274	ZN	1
3mo0_B	C	281	ZN	1
3mo0_B	H	234	ZN	1
3mo0_B	H	125	ZN	1
3mo0_B	H	76	ZN	1
3mo0_B	C	63	ZN	1
3mp2_A	C	124	ZN	1
3mp2_A	C	93	ZN	1
3mp2_A	C	121	ZN	1
3mp2_A	C	95	ZN	1
3mph_B	H	491	CU	1
3mph_B	H	489	CU	1
3mph_B	H	654	CU	1
3mph_B	D	500	CA	0
3mph_B	D	498	CA	0
3mph_B	D	643	CA	0
3mph_B	E	541	CA	0
3mph_B	E	637	CA	0
3mps_G	E	50	FE	1
3mps_G	E	81	FE	1
3mps_G	E	112	FE	1
3mps_G	E	17	FE	1
3mps_G	C	158	FE	1
3mps_G	C	140	FE	1
3mps_G	C	155	FE	1
3mps_G	C	143	FE	1
3mps_G	E	78	FE	1
3mps_G	H	115	FE	1
3mqt_X	E	258	MG	0
3mqt_X	E	232	MG	0
3mqt_X	D	205	MG	0
3mse_B	D	128	CA	0
3mse_B	D	121	CA	0
3mse_B	D	117	CA	0
3mse_B	E	59	CA	0
3mse_B	D	48	CA	0
3mvs_A	E	20	CA	0
3mvs_A	D	103	CA	0
3mvs_A	E	72	CA	0
3mvs_A	D	70	CA	0
3mvs_A	D	100	CA	0
3mvs_A	D	136	CA	0
3mvs_A	D	185	CA	0
3mvs_A	D	134	CA	0
3mvs_A	E	172	CA	0
3mvs_A	D	204	CA	0
3mvs_A	E	119	CA	0
3mvs_A	D	207	CA	0
3mvs_A	D	170	CA	0
3mvs_A	D	35	CA	0
3mvs_A	D	85	CA	0
3mvs_A	D	37	CA	0
3mvs_A	D	39	CA	0
3mw3_A	D	56	CA	0
3mw3_A	D	148	CA	0
3mx3_B	D	44	MG	0
3mx3_B	E	45	MG	0
3mzo_C	H	67	CA	0
3mzo_C	H	33	CA	0
3mzo_C	D	137	CA	0
3mzo_C	D	68	CA	0
3n1g_A	E	107	CA	0
3n1g_A	E	71	CA	0
3n1g_A	D	110	CA	0
3n1g_A	D	112	CA	0
3n1g_A	D	128	ZN	1
3n1g_A	H	163	ZN	1
3n1g_A	H	121	ZN	1
3n1g_A	E	157	ZN	1
3n1g_A	D	76	CA	0
3n1g_A	E	70	CA	0
3n1g_A	D	169	MG	0
3n4p_D	E	222	MG	0
3n4p_D	D	43	MG	0
3n9m_C	D	313	FE	1
3n9m_C	H	311	FE	1
3n9m_C	H	383	FE	1
3n9m_C	C	71	ZN	1
3n9m_C	H	68	ZN	1
3n9m_C	C	14	ZN	1
3n9m_C	C	17	ZN	1
3n9m_C	C	90	ZN	1
3n9m_C	C	87	ZN	1
3n9m_C	C	63	ZN	1
3n9m_C	C	60	ZN	1
3na0_D	C	64	FES	2
3na0_D	C	27	FES	2
3na0_D	C	18	FES	2
3na0_D	C	24	FES	2
3na5_B	D	329	MG	0
3na5_B	D	327	MG	0
3na5_B	D	331	MG	0
3na7_A	C	203	ZN	1
3na7_A	C	200	ZN	1
3na7_A	C	227	ZN	1
3na7_A	C	224	ZN	1
3na8_D	D	178	MG	0
3ne8_A	E	27	ZN	1
3ne8_A	D	83	ZN	1
3ne8_A	H	81	ZN	1
3ne8_A	E	114	ZN	1
3ne8_A	H	12	ZN	1
3ngf_B	E	246	MN	1
3ngf_B	D	184	MN	1
3ngf_B	E	149	MN	1
3ngj_C	D	212	ZN	1
3ngj_C	H	238	ZN	1
3ngj_C	H	182	ZN	1
3nng_B	E	152	CA	0
3nng_B	D	43	CA	0
3nng_B	E	45	CA	0
3no1_F	E	242	MG	0
3no1_F	D	216	MG	0
3no4_C	H	49	NI	1
3no4_C	D	58	NI	1
3no4_C	E	190	NI	1
3np5_A	D	59	CA	0
3nqb_B	H	96	MN	1
3nqb_B	D	291	MN	1
3nqb_B	H	94	MN	1
3nqb_B	E	189	MN	1
3nqb_B	E	242	MN	1
3nqb_B	H	241	MN	1
3nqb_B	H	220	MN	1
3nqb_B	E	125	MN	1
3nqb_B	H	124	MN	1
3nqb_B	H	479	MN	1
3nqb_B	D	480	MN	1
3nr1_B	H	59	MN	1
3nr1_B	D	60	MN	1
3nr1_B	D	120	MN	1
3nr1_B	H	33	MN	1
3nsj_A	D	464	CA	0
3nsj_A	D	469	CA	0
3nsj_A	D	414	CA	0
3nsj_A	D	462	CA	0
3ntn_A	H	215	NI	1
3ntn_A	H	219	NI	1
3nvo_A	H	167	ZN	1
3nvo_A	C	245	ZN	1
3nvo_A	H	1	ZN	1
3nvo_A	E	114	ZN	1
3nxl_D	E	279	MG	0
3nxl_D	D	254	MG	0
3o14_B	H	94	ZN	1
3o14_B	E	64	ZN	1
3o14_B	H	60	ZN	1
3o14_B	H	58	ZN	1
3o3m_C	C	345	SF4	2
3o3m_C	C	116	SF4	2
3o3m_C	C	83	SF4	2
3o47_B	C	59	ZN	1
3o47_B	C	42	ZN	1
3o47_B	C	39	ZN	1
3o47_B	C	62	ZN	1
3o6j_B	H	193	FE	1
3o6j_B	H	195	FE	1
3o6z_B	E	103	MG	0
3o6z_B	E	99	MG	0
3o6z_B	E	150	MG	0
3o8b_B	C	179	ZN	1
3o8b_B	C	133	ZN	1
3o8b_B	C	131	ZN	1
3o9x_B	C	38	ZN	1
3o9x_B	C	41	ZN	1
3o9x_B	C	7	ZN	1
3o9x_B	C	4	ZN	1
3od8_H	C	75	ZN	1
3od8_H	C	40	ZN	1
3od8_H	C	43	ZN	1
3od8_H	H	72	ZN	1
3odc_B	C	21	ZN	1
3odc_B	C	24	ZN	1
3odc_B	C	58	ZN	1
3odc_B	H	55	ZN	1
3ogh_B	E	20	MG	0
3ogh_B	E	109	MG	0
3ogh_B	E	139	MG	0
3ogh_B	E	106	FE	1
3ogh_B	H	47	FE	1
3ohr_A	C	171	ZN	1
3ohr_A	C	177	ZN	1
3ohr_A	H	156	ZN	1
3ohr_A	H	174	ZN	1
3oj3_P	C	37	ZN	1
3oj3_P	C	25	ZN	1
3oj3_P	C	40	ZN	1
3oj3_P	C	20	ZN	1
3omb_A	D	198	MG	0
3omb_A	D	206	MG	0
3omb_A	E	207	MG	0
3onr_J	E	18	CA	0
3or1_D	C	283	SF4	2
3or1_D	C	302	SF4	2
3or1_D	C	305	SF4	2
3or1_D	C	308	SF4	2
3or1_D	C	176	SF4	2
3or1_D	C	220	SF4	2
3or1_D	C	182	SF4	2
3or1_D	C	224	SF4	2
3or1_E	C	188	SF4	2
3or1_E	C	187	SF4	2
3or1_E	C	150	SF4	2
3or1_E	C	192	SF4	2
3or1_E	C	260	SF4	2
3or1_E	C	230	SF4	2
3or1_E	C	263	SF4	2
3or1_E	C	257	SF4	2
3orj_A	D	415	ZN	1
3orj_A	D	204	ZN	1
3oru_A	C	126	ZN	1
3oru_A	C	207	ZN	1
3oru_A	C	143	ZN	1
3oss_D	D	76	CA	0
3oss_D	D	80	CA	0
3oul_A	H	59	MN	1
3oul_A	E	137	MN	1
3oul_A	E	112	MN	1
3ow2_X	H	38	MG	0
3oym_A	H	68	ZN	1
3oym_A	C	101	ZN	1
3oym_A	C	98	ZN	1
3oym_A	H	64	ZN	1
3oyo_B	D	171	CA	0
3oyo_B	D	118	CA	0
3oyo_B	D	62	CA	0
3ozy_A	E	226	MG	0
3ozy_A	D	200	MG	0
3ozy_A	E	253	MG	0
3p1v_B	D	303	ZN	1
3p1v_B	H	292	ZN	1
3p1v_B	H	296	ZN	1
3p1v_B	C	393	ZN	1
3p1v_B	C	379	ZN	1
3p1v_B	E	304	ZN	1
3p1v_B	C	390	ZN	1
3p4g_D	D	33	CA	0
3p4g_D	D	56	CA	0
3p4g_D	D	83	CA	0
3p4g_D	D	102	CA	0
3p4g_D	D	121	CA	0
3p4g_D	D	140	CA	0
3p4g_D	D	159	CA	0
3p4g_D	D	138	CA	0
3p4g_D	D	178	CA	0
3p4g_D	D	176	CA	0
3p4g_D	D	199	CA	0
3p4g_D	D	195	CA	0
3p4g_D	D	218	CA	0
3p4g_D	D	237	CA	0
3p4g_D	D	258	CA	0
3p4g_D	E	274	CA	0
3p4g_D	D	277	CA	0
3p4g_D	E	303	CA	0
3p6b_B	D	186	CA	0
3p6b_B	D	43	CA	0
3pdd_A	D	45	CA	0
3pdd_A	D	118	CA	0
3pdd_A	D	162	CA	0
3pdd_A	D	120	CA	0
3pdi_G	C	131	SF4	2
3pdi_G	C	69	SF4	2
3pdi_G	C	44	SF4	2
3pf2_A	D	11	CA	0
3pf2_A	D	18	CA	0
3pf2_A	D	9	CA	0
3pf2_A	D	162	CA	0
3pf2_A	D	158	CA	0
3pf2_A	E	44	CA	0
3pfe_A	D	129	ZN	1
3pfe_A	D	190	ZN	1
3pfe_A	H	96	ZN	1
3pfe_A	E	163	ZN	1
3pfe_A	H	442	ZN	1
3pff_A	D	256	MG	0
3pfo_B	H	401	ZN	1
3pfo_B	D	143	ZN	1
3pfo_B	E	178	ZN	1
3pfo_B	E	201	ZN	1
3pfo_B	H	110	ZN	1
3pgb_A	H	533	CU	1
3pgb_A	H	697	CU	1
3pgb_A	H	531	CU	1
3pgb_A	E	680	CA	0
3pgb_A	E	583	CA	0
3pgb_A	D	542	CA	0
3pgb_A	D	540	CA	0
3pgb_A	D	686	CA	0
3pih_A	C	741	ZN	1
3pih_A	C	715	ZN	1
3pih_A	C	718	ZN	1
3pih_A	C	738	ZN	1
3pih_A	C	383	ZN	1
3pih_A	C	278	ZN	1
3pih_A	C	386	ZN	1
3pih_A	C	275	ZN	1
3pih_A	C	122	ZN	1
3pih_A	C	254	ZN	1
3pih_A	C	251	ZN	1
3pih_A	C	119	ZN	1
3pjn_B	H	150	ZN	1
3pjn_B	H	96	ZN	1
3pjn_B	E	98	ZN	1
3pjn_B	H	181	ZN	1
3plw_A	C	95	ZN	1
3plw_A	H	132	ZN	1
3plw_A	C	129	ZN	1
3plw_A	C	98	ZN	1
3pm5_C	H	152	FE	1
3pm5_C	E	119	FE	1
3pm5_C	E	239	FE	1
3pm5_C	D	210	FE	1
3pm5_C	H	242	FE	1
3poj_B	E	53	CA	0
3poj_B	D	63	CA	0
3poj_B	D	100	CA	0
3pow_A	D	224	CA	0
3psq_B	H	94	ZN	1
3psq_B	D	191	ZN	1
3psq_B	C	189	ZN	1
3psq_B	E	58	ZN	1
3psq_B	E	54	ZN	1
3psq_B	H	45	ZN	1
3psq_B	D	34	ZN	1
3pty_A	D	230	CA	0
3pty_A	D	232	CA	0
3pty_A	H	237	CA	0
3pu9_A	D	45	MG	0
3pu9_A	D	213	MG	0
3pu9_A	D	163	MG	0
3pw3_A	D	275	ZN	1
3pw3_A	C	33	ZN	1
3pw3_A	H	317	ZN	1
3q09_T	E	69	CA	0
3q09_T	D	191	CA	0
3q2o_B	E	115	MG	0
3q5i_A	D	364	CA	0
3q5i_A	E	375	CA	0
3q5i_A	D	368	CA	0
3q5i_A	E	11	CA	0
3q5i_A	E	419	CA	0
3q5i_A	D	408	CA	0
3q5i_A	E	416	CA	0
3q5i_A	D	410	CA	0
3q5i_A	E	455	CA	0
3q5i_A	D	446	CA	0
3q5i_A	D	444	CA	0
3q5i_A	E	489	CA	0
3q5i_A	D	478	CA	0
3q5i_A	D	482	CA	0
3q87_A	C	10	ZN	1
3q87_A	C	13	ZN	1
3q87_A	C	104	ZN	1
3q87_A	C	101	ZN	1
3qc6_X	E	156	CA	0
3qc6_X	D	182	CA	0
3qc6_X	D	154	CA	0
3qc6_X	D	245	CA	0
3qe5_A	D	210	CA	0
3qe5_A	D	212	CA	0
3qe5_A	D	233	CA	0
3qe5_A	E	236	CA	0
3qe5_A	D	409	CA	0
3qe5_A	D	171	MG	0
3qe6_B	E	68	MG	0
3qe6_B	E	77	MG	0
3qee_B	D	137	CA	0
3qee_B	D	138	CA	0
3qfm_B	H	171	MN	1
3qfm_B	D	46	MN	1
3qfm_B	H	135	MN	1
3qfm_B	H	20	FE	1
3qfm_B	H	173	FE	1
3qfm_B	D	18	FE	1
3qhb_B	E	126	FE	1
3qhb_B	H	163	FE	1
3qhb_B	E	69	FE	1
3qhb_B	E	160	FE	1
3qhq_B	D	142	CA	0
3qhq_B	E	150	CA	0
3qhq_B	E	138	CA	0
3qhq_B	E	128	CA	0
3qhq_B	D	122	CA	0
3qhq_B	E	123	CA	0
3qhq_B	C	112	CA	0
3ql9_A	C	13	ZN	1
3ql9_A	C	10	ZN	1
3ql9_A	C	39	ZN	1
3ql9_A	C	36	ZN	1
3ql9_A	C	82	ZN	1
3ql9_A	C	62	ZN	1
3ql9_A	C	79	ZN	1
3ql9_A	C	59	ZN	1
3ql9_A	C	71	ZN	1
3ql9_A	C	74	ZN	1
3ql9_A	C	107	ZN	1
3ql9_A	C	104	ZN	1
3qmd_A	C	25	ZN	1
3qmd_A	C	28	ZN	1
3qmd_A	C	64	ZN	1
3qmd_A	C	31	ZN	1
3qmd_A	C	59	ZN	1
3qmd_A	C	40	ZN	1
3qmd_A	C	37	ZN	1
3qmd_A	C	43	ZN	1
3qqz_A	E	178	CA	0
3qqz_A	E	123	CA	0
3qqz_A	E	72	CA	0
3qqz_A	E	226	CA	0
3qrx_A	E	48	CA	0
3qrx_A	D	37	CA	0
3qrx_A	D	39	CA	0
3qrx_A	E	84	CA	0
3qrx_A	D	75	CA	0
3qrx_A	D	73	CA	0
3qrx_A	D	110	CA	0
3qrx_A	D	112	CA	0
3qrx_A	D	121	CA	0
3qrx_A	E	157	CA	0
3qrx_A	E	152	CA	0
3qrx_A	D	150	CA	0
3qrx_A	D	146	CA	0
3qsz_A	D	139	MN	1
3qsz_A	D	134	MN	1
3qta_B	D	168	CA	0
3qu6_B	E	96	ZN	1
3qu6_B	D	101	ZN	1
3qu6_B	H	103	ZN	1
3qwu_B	E	142	CA	0
3qwu_B	D	81	CA	0
3qwu_B	D	238	CA	0
3qxg_B	D	29	CA	0
3qxg_B	E	65	CA	0
3qxg_B	D	31	CA	0
3qy6_A	E	79	FE	1
3qy6_A	H	135	FE	1
3qy6_A	E	107	FE	1
3qy6_A	D	193	FE	1
3qy6_A	H	4	FE	1
3qy6_A	H	6	FE	1
3qzb_A	H	129	FE	1
3qzb_A	H	56	FE	1
3qzb_A	H	62	FE	1
3qzb_A	C	126	FE	1
3qzb_A	H	28	FE	1
3qzc_A	E	70	ZN	1
3qzc_A	E	42	ZN	1
3r09_A	D	151	MG	0
3r09_A	D	13	MG	0
3r09_A	D	11	MG	0
3r3l_A	H	225	MN	1
3r3l_A	D	203	MN	1
3r3l_A	E	390	MN	1
3r3l_A	D	388	MN	1
3r3l_A	D	532	MN	1
3r3l_A	C	528	ZN	1
3r3l_A	C	505	ZN	1
3r3l_A	H	508	ZN	1
3r3l_A	E	398	ZN	1
3r8b_P	H	45	ZN	1
3r8b_P	E	60	ZN	1
3r8b_P	H	54	ZN	1
3ray_A	H	46	ZN	1
3ray_A	C	35	ZN	1
3ray_A	C	32	ZN	1
3ray_A	C	43	ZN	1
3rb5_A	D	57	CA	0
3rb5_A	E	90	CA	0
3rb5_A	E	87	CA	0
3rb5_A	E	22	CA	0
3rb5_A	D	118	CA	0
3rb5_A	D	83	CA	0
3rb5_A	D	119	CA	0
3rb5_A	D	82	CA	0
3rb5_A	D	117	CA	0
3rdh_D	H	2	NI	1
3re7_X	H	56	CU	1
3re7_X	E	63	CU	1
3re7_X	E	60	CU	1
3re7_X	H	54	CU	1
3re7_X	E	103	CU	1
3re7_X	E	58	CU	1
3re7_X	E	23	CU	1
3re7_X	H	61	CU	1
3re7_X	E	136	CU	1
3re7_X	E	57	CU	1
3re7_X	C	126	CU	1
3re7_X	E	130	CU	1
3re7_X	H	114	CU	1
3rht_D	D	209	CA	0
3rht_D	D	11	CA	0
3rht_D	D	57	CA	0
3rk2_B	D	42	CA	0
3rk2_B	E	39	CA	0
3rl5_A	D	151	CA	0
3rl5_A	E	148	CA	0
3rlg_A	E	53	MG	0
3rlg_A	D	55	MG	0
3rlg_A	D	113	MG	0
3rmj_B	D	21	MN	1
3rmj_B	H	211	MN	1
3rmj_B	H	209	MN	1
3rmq_A	C	58	ZN	1
3rmq_A	C	61	ZN	1
3rmq_A	H	16	ZN	1
3rmq_A	C	35	ZN	1
3rmu_D	H	7	CO	1
3rmu_D	E	129	CO	1
3rmu_D	H	79	CO	1
3rra_B	E	235	MG	0
3rra_B	D	183	MG	0
3rra_B	E	209	MG	0
3rrw_B	D	41	CA	0
3rrw_B	D	157	CA	0
3rrx_A	E	179	CA	0
3rsn_A	C	22	ZN	1
3rsn_A	C	25	ZN	1
3rsn_A	C	55	ZN	1
3rsn_A	C	52	ZN	1
3rui_A	C	281	ZN	1
3rui_A	C	278	ZN	1
3rui_A	C	197	ZN	1
3rui_A	C	194	ZN	1
3rup_B	E	290	CA	0
3rup_B	E	89	CA	0
3rv0_D	E	132	MG	0
3rv0_D	D	206	MG	0
3rv0_D	E	209	MG	0
3rva_A	D	254	MN	1
3rva_A	E	422	MN	1
3rva_A	D	243	MN	1
3rva_A	E	383	MN	1
3rva_A	H	338	MN	1
3rva_A	H	3	NI	1
3rxz_D	D	33	ZN	1
3rxz_D	H	106	ZN	1
3rxz_D	H	110	ZN	1
3ryd_A	D	95	CA	0
3ryd_A	E	77	CA	0
3rym_B	H	52	ZN	1
3rym_B	C	91	ZN	1
3rym_B	H	94	ZN	1
3rym_B	H	35	ZN	1
3rym_B	E	104	ZN	1
3s0k_A	E	24	NI	1
3s0k_A	H	6	NI	1
3s0k_A	H	28	NI	1
3s1s_A	D	59	MN	1
3s1s_A	E	75	MN	1
3s1s_A	E	20	MN	1
3s2r_B	C	48	FES	2
3s2r_B	C	63	FES	2
3s2r_B	C	50	FES	2
3s2r_B	C	59	FES	2
3s2s_D	H	104	ZN	1
3s2s_D	D	86	ZN	1
3s2s_D	E	97	ZN	1
3s2s_D	H	88	ZN	1
3s6j_C	D	11	CA	0
3s6j_C	D	13	CA	0
3s6j_C	D	171	CA	0
3s6j_C	D	195	CA	0
3s82_B	D	400	CA	0
3s82_B	D	401	CA	0
3sd9_B	H	210	ZN	1
3sd9_B	C	168	ZN	1
3sd9_B	D	74	ZN	1
3sdu_A	E	720	MG	0
3sdu_A	D	712	MG	0
3sh5_A	D	61	CA	0
3shq_A	D	254	MG	0
3shq_A	D	147	MG	0
3shq_A	D	145	MG	0
3sjs_A	E	71	CA	0
3sjs_A	D	60	CA	0
3sjs_A	D	62	CA	0
3sjs_A	E	68	CA	0
3sjs_A	D	96	CA	0
3sjs_A	H	102	CA	0
3sjs_A	D	98	CA	0
3skd_A	H	73	NI	1
3skd_A	D	209	NI	1
3skd_A	D	74	NI	1
3skd_A	H	28	NI	1
3slp_B	D	121	CA	0
3slp_B	E	131	CA	0
3slr_A	D	335	MG	0
3slr_A	D	227	MG	0
3slr_A	D	229	MG	0
3son_B	E	52	CA	0
3son_B	E	108	CA	0
3son_B	E	56	CA	0
3soq_A	D	121	CA	0
3sou_B	C	46	ZN	1
3sou_B	C	20	ZN	1
3sou_B	H	43	ZN	1
3sou_B	C	23	ZN	1
3sou_B	C	4	ZN	1
3sou_B	C	7	ZN	1
3sou_B	C	18	ZN	1
3sou_B	C	15	ZN	1
3sou_B	C	38	ZN	1
3sou_B	C	35	ZN	1
3sou_B	C	65	ZN	1
3sou_B	C	62	ZN	1
3sou_B	E	64	ZN	1
3sou_B	H	6	ZN	1
3sou_B	H	21	ZN	1
3sre_A	D	168	CA	0
3sre_A	D	53	CA	0
3sso_F	D	323	MG	0
3sso_F	E	322	MG	0
3sso_F	D	294	MG	0
3su6_A	C	117	ZN	1
3su6_A	H	169	ZN	1
3su6_A	C	165	ZN	1
3su6_A	C	119	ZN	1
3sub_B	C	47	ZN	1
3sub_B	C	44	ZN	1
3sub_B	C	24	ZN	1
3sub_B	C	27	ZN	1
3suc_A	D	196	CA	0
3suc_A	E	227	CA	0
3suc_A	D	197	CA	0
3suc_A	H	202	MG	0
3suc_A	D	229	MG	0
3svl_A	D	51	CA	0
3svl_A	D	49	CA	0
3swn_S	E	50	ZN	1
3swn_S	E	59	ZN	1
3swn_S	H	61	ZN	1
3swr_A	C	57	ZN	1
3swr_A	C	60	ZN	1
3swr_A	C	54	ZN	1
3swr_A	C	92	ZN	1
3swr_A	C	68	ZN	1
3swr_A	C	87	ZN	1
3swr_A	C	71	ZN	1
3swr_A	C	65	ZN	1
3swr_A	C	297	ZN	1
3swr_A	H	194	ZN	1
3swr_A	C	221	ZN	1
3swr_A	C	294	ZN	1
3swr_A	C	879	ZN	1
3swr_A	C	877	ZN	1
3swr_A	C	886	ZN	1
3swr_A	H	903	ZN	1
3sy8_C	D	294	MG	0
3sy8_C	E	174	MG	0
3sy8_C	E	264	MG	0
3syy_A	E	111	MG	0
3syy_A	D	101	MG	0
3szu_B	C	208	F3S	2
3szu_B	C	23	F3S	2
3szu_B	C	107	F3S	2
3szy_A	D	213	ZN	1
3szy_A	H	217	ZN	1
3szy_A	H	379	ZN	1
3t1g_A	H	17	ZN	1
3t1g_A	H	15	ZN	1
3t1g_A	H	214	ZN	1
3t1g_A	D	295	ZN	1
3t1g_A	E	186	CA	0
3t1o_A	D	105	MG	0
3t2b_A	D	51	MG	0
3t2b_A	H	17	MG	0
3t2b_A	D	10	MG	0
3t2b_A	D	131	MG	0
3t2b_A	D	233	MG	0
3t2b_A	D	52	MG	0
3t41_B	D	360	CA	0
3t6p_A	C	321	ZN	1
3t6p_A	C	297	ZN	1
3t6p_A	C	300	ZN	1
3t6p_A	C	318	ZN	1
3t6p_A	C	69	ZN	1
3t6p_A	C	42	ZN	1
3t6p_A	H	62	ZN	1
3t6p_A	C	45	ZN	1
3t6p_A	H	314	ZN	1
3t6p_A	C	312	ZN	1
3t6p_A	C	328	ZN	1
3t6p_A	C	331	ZN	1
3t7d_B	E	405	MG	0
3t7l_A	C	46	ZN	1
3t7l_A	C	22	ZN	1
3t7l_A	C	49	ZN	1
3t7l_A	C	25	ZN	1
3t7l_A	C	38	ZN	1
3t7l_A	C	41	ZN	1
3t7l_A	C	66	ZN	1
3t7l_A	C	69	ZN	1
3t80_D	D	10	ZN	1
3t80_D	H	12	ZN	1
3t80_D	H	44	ZN	1
3t80_D	E	151	MG	0
3t8q_B	E	210	MG	0
3t8q_B	E	236	MG	0
3t8q_B	D	184	MG	0
3t91_B	D	209	MN	1
3t91_B	D	42	MN	1
3t91_B	D	160	MN	1
3t92_A	C	25	ZN	1
3t92_A	C	30	ZN	1
3t92_A	H	21	ZN	1
3t92_A	C	35	ZN	1
3t92_A	C	59	ZN	1
3t92_A	C	48	ZN	1
3t92_A	H	44	ZN	1
3t92_A	C	56	ZN	1
3t92_A	H	69	ZN	1
3t92_A	C	83	ZN	1
3t92_A	C	73	ZN	1
3t92_A	C	78	ZN	1
3t9a_A	C	261	MG	0
3t9o_B	H	22	ZN	1
3t9o_B	H	79	ZN	1
3t9o_B	H	83	ZN	1
3t9o_B	C	52	ZN	1
3tbd_A	D	79	CA	0
3tbd_A	E	81	CA	0
3tbg_A	D	247	ZN	1
3tbg_A	E	250	ZN	1
3tbg_A	H	235	ZN	1
3tbg_A	D	399	ZN	1
3tbg_A	H	403	ZN	1
3tbm_B	C	43	FES	2
3tbm_B	C	45	FES	2
3tbm_B	C	54	FES	2
3tbm_B	H	58	FES	2
3tbn_A	H	47	FES	2
3tbn_A	C	32	FES	2
3tbn_A	C	43	FES	2
3tbn_A	C	34	FES	2
3tbn_A	H	83	FES	2
3tbn_A	C	70	FES	2
3tbn_A	C	68	FES	2
3tbn_A	C	79	FES	2
3ti4_B	D	212	CA	0
3ti4_B	D	242	CA	0
3ti4_B	D	294	CA	0
3ti4_B	D	302	CA	0
3tj8_B	H	151	NI	1
3tj8_B	H	101	NI	1
3tp4_B	D	348	MG	0
3tqo_A	C	211	ZN	1
3tqo_A	H	236	ZN	1
3tqo_A	C	30	ZN	1
3tr4_A	D	103	MN	1
3tr4_A	D	66	MN	1
3tr4_A	D	71	MN	1
3tr4_A	E	146	MG	0
3tr5_D	E	419	CA	0
3tsp_A	C	44	ZN	1
3tsp_A	C	41	ZN	1
3tsp_A	C	22	ZN	1
3tsp_A	C	19	ZN	1
3tsp_A	C	72	ZN	1
3tsp_A	C	94	ZN	1
3tsp_A	C	69	ZN	1
3tsp_A	C	91	ZN	1
3tsp_A	H	385	ZN	1
3tsp_A	D	412	ZN	1
3tsp_A	H	389	ZN	1
3tsp_A	D	637	ZN	1
3tu5_B	E	90	CA	0
3tu5_B	D	59	CA	0
3tva_B	E	258	MG	0
3tva_B	E	157	MG	0
3tva_B	H	210	MG	0
3tva_B	D	183	MG	0
3tvy_A	D	172	MG	0
3txa_A	D	336	MG	0
3u24_A	H	407	ZN	1
3u24_A	E	438	ZN	1
3u24_A	H	413	ZN	1
3u43_B	H	101	ZN	1
3u43_B	H	126	ZN	1
3u43_B	H	130	ZN	1
3u50_C	C	44	ZN	1
3u50_C	C	64	ZN	1
3u50_C	C	46	ZN	1
3u50_C	C	61	ZN	1
3u8v_A	H	5	NI	1
3u94_D	E	95	ZN	1
3u94_D	H	92	ZN	1
3u94_D	D	239	ZN	1
3u94_D	H	242	ZN	1
3u94_D	E	41	ZN	1
3u94_D	H	44	ZN	1
3ubh_A	E	65	CA	0
3ubh_A	D	105	CA	0
3ubh_A	D	63	CA	0
3ubh_A	E	106	CA	0
3ubh_A	E	17	CA	0
3ubh_A	D	140	CA	0
3ubh_A	D	102	CA	0
3ubh_A	D	189	CA	0
3ubh_A	D	138	CA	0
3ubh_A	E	282	CA	0
3ubh_A	D	318	CA	0
3ubh_A	D	280	CA	0
3ubh_A	E	229	CA	0
3ubh_A	D	352	CA	0
3ubh_A	D	315	CA	0
3ubh_A	D	399	CA	0
3ubh_A	D	350	CA	0
3uct_B	D	21	MN	1
3uct_B	D	23	MN	1
3uct_B	D	19	MN	1
3uct_B	D	55	MN	1
3uct_B	D	57	MN	1
3uct_B	E	44	ZN	1
3ugv_F	E	250	MG	0
3ugv_F	D	224	MG	0
3ugv_F	E	276	MG	0
3ugv_F	H	266	NI	1
3ujz_A	H	426	ZN	1
3ujz_A	H	420	ZN	1
3ujz_A	H	416	ZN	1
3ulk_B	E	392	MG	0
3ulk_B	E	388	MG	0
3ulk_B	D	216	MG	0
3ulq_A	E	46	MN	1
3um9_B	H	2	NI	1
3umi_A	H	88	ZN	1
3umi_A	H	142	ZN	1
3umi_A	H	138	ZN	1
3un5_E	D	160	MN	1
3un5_E	D	290	MN	1
3un5_E	H	343	MN	1
3un5_E	E	89	MN	1
3un5_E	H	295	MN	1
3un5_E	D	17	MN	1
3un5_E	D	331	MN	1
3un5_E	H	332	MN	1
3un5_E	H	338	MN	1
3un5_E	D	32	MN	1
3un6_A	C	236	ZN	1
3un6_A	C	237	ZN	1
3un6_A	H	62	ZN	1
3upl_B	E	167	MG	0
3upl_B	E	231	MG	0
3upl_B	D	166	MG	0
3ur3_C	D	421	CA	0
3ur3_C	D	494	CA	0
3ur3_C	D	495	CA	0
3ur3_C	C	302	ZN	1
3ur3_C	C	269	ZN	1
3ur3_C	C	299	ZN	1
3ur3_C	C	272	ZN	1
3uxf_A	D	394	CA	0
3uxf_A	D	392	CA	0
3uxf_A	D	401	CA	0
3uzr_A	C	245	MG	0
3uzr_A	D	252	MG	0
3uzr_A	D	253	MG	0
3uzr_A	D	248	MG	0
3v1e_A	H	40	ZN	1
3v1e_A	E	13	ZN	1
3v1e_A	H	36	ZN	1
3v1e_A	H	17	ZN	1
3v4k_B	C	113	ZN	1
3v4k_B	C	110	ZN	1
3v4k_B	H	79	ZN	1
3v5w_A	H	347	MG	0
3v5w_A	E	359	MG	0
3v7p_A	H	60	FE	1
3v7p_A	H	205	FE	1
3v7p_A	D	305	FE	1
3v7p_A	H	62	FE	1
3vay_B	D	7	MG	0
3vay_B	D	9	MG	0
3vay_B	D	179	MG	0
3vca_A	H	87	FES	2
3vca_A	C	85	FES	2
3vca_A	H	108	FES	2
3vca_A	C	105	FES	2
3vca_A	D	359	FE	1
3vca_A	H	208	FE	1
3vca_A	H	203	FE	1
3vcc_B	D	260	MG	0
3vcc_B	E	233	MG	0
3vcc_B	E	237	MG	0
3vcc_B	D	206	MG	0
3vcc_B	E	232	MG	0
3vcc_B	E	262	MG	0
3ven_A	D	142	FE	1
3ven_A	H	119	FE	1
3ven_A	D	343	FE	1
3ven_A	H	123	FE	1
3vhs_B	C	8	ZN	1
3vhs_B	H	19	ZN	1
3vhs_B	C	11	ZN	1
3vhs_B	H	23	ZN	1
3viu_A	D	619	MG	0
3viu_A	D	429	MG	0
3vj9_A	D	52	CA	0
3vj9_A	E	55	CA	0
3vj9_A	D	56	CA	0
3vk6_A	H	84	ZN	1
3vk6_A	H	79	ZN	1
3vk6_A	C	66	ZN	1
3vk6_A	C	3	ZN	1
3vk6_A	C	27	ZN	1
3vk6_A	C	6	ZN	1
3vk6_A	C	24	ZN	1
3vk6_A	H	21	ZN	1
3vk6_A	C	39	ZN	1
3vk6_A	C	42	ZN	1
3vk6_A	C	19	ZN	1
3vm6_A	D	319	MG	0
3voc_A	E	134	CA	0
3voc_A	E	47	CA	0
3voc_A	D	51	CA	0
3vpb_F	H	26	ZN	1
3vpb_F	C	28	ZN	1
3vpb_F	C	5	ZN	1
3vpb_F	C	8	ZN	1
3vpp_B	E	46	CA	0
3vpp_B	E	123	CA	0
3vpp_B	E	42	CA	0
3vqj_A	C	43	ZN	1
3vqj_A	H	96	ZN	1
3vqj_A	C	99	ZN	1
3vto_A	H	94	FE	1
3vto_A	H	92	FE	1
3vto_A	D	97	CA	0
3vu1_B	E	75	CA	0
3vu1_B	E	321	CA	0
3vu1_B	H	318	CA	0
3vux_G	C	26	ZN	1
3vux_G	C	23	ZN	1
3vux_G	C	11	ZN	1
3vux_G	C	6	ZN	1
3vv9_C	E	265	FE	1
3vv9_C	E	212	FE	1
3vv9_C	E	161	FE	1
3vxm_E	E	155	CO	1
3vxm_E	H	153	CO	1
3vxm_E	H	10	CO	1
3vyt_C	D	42	MG	0
3vyt_C	D	220	MG	0
3vyt_C	D	83	MG	0
3vyt_C	D	157	MG	0
3vyt_C	D	41	MG	0
3w0f_A	C	253	ZN	1
3w0f_A	C	278	ZN	1
3w0f_A	C	256	ZN	1
3w0f_A	C	275	ZN	1
3w20_A	D	156	ZN	1
3w20_A	H	154	ZN	1
3w20_A	H	245	ZN	1
3w43_A	D	43	MN	1
3w43_A	D	188	MN	1
3w43_A	D	155	MN	1
3w57_B	D	36	CA	0
3w57_B	D	89	CA	0
3w57_B	D	42	CA	0
3w57_B	E	90	CA	0
3w57_B	D	91	CA	0
3w57_B	D	96	CA	0
3w5k_B	H	175	ZN	1
3w5k_B	C	155	ZN	1
3w5k_B	C	158	ZN	1
3w5k_B	H	171	ZN	1
3w5k_B	C	184	ZN	1
3w5k_B	C	181	ZN	1
3w5k_B	H	197	ZN	1
3w5k_B	H	201	ZN	1
3w5k_B	C	212	ZN	1
3w5k_B	H	229	ZN	1
3w5k_B	C	209	ZN	1
3w5k_B	H	225	ZN	1
3w5k_B	C	237	ZN	1
3w5k_B	C	258	ZN	1
3w5k_B	C	240	ZN	1
3w5k_B	H	253	ZN	1
3w5w_A	D	32	MN	1
3w5w_A	D	98	MN	1
3w5w_A	H	28	MN	1
3w5w_A	H	124	MN	1
3w5w_A	D	176	MN	1
3w5w_A	D	34	MN	1
3w7t_B	E	438	CA	0
3w7t_B	E	548	CA	0
3w7t_B	D	430	CA	0
3waj_A	D	46	ZN	1
3waj_A	H	162	ZN	1
3waj_A	D	160	ZN	1
3wbh_B	E	292	MG	0
3wbh_B	D	40	MG	0
3wbh_B	D	283	MG	0
3wbh_B	D	285	MG	0
3wbh_B	H	340	ZN	1
3wbh_B	D	339	ZN	1
3wf7_A	H	180	ZN	1
3wf7_A	C	169	ZN	1
3wf7_A	C	183	ZN	1
3wf7_A	H	174	ZN	1
3wmt_B	D	260	CA	0
3wmt_B	D	256	CA	0
3wmt_B	D	253	CA	0
3wmw_B	E	229	CA	0
3wmw_B	D	301	CA	0
3wno_B	E	389	CA	0
3wno_B	E	387	CA	0
3wno_B	D	504	CA	0
3woi_B	D	649	ZN	1
3wqa_B	H	201	NI	1
3wqa_B	H	203	NI	1
3wqb_A	D	86	CA	0
3wqb_A	D	453	CA	0
3wqb_A	D	552	CA	0
3wqb_A	D	487	CA	0
3wqb_A	C	325	CA	0
3wqb_A	D	296	CA	0
3wqo_B	H	194	MN	1
3wqo_B	D	228	MN	1
3wqo_B	H	230	MN	1
3wqo_B	E	158	MN	1
3wqo_B	H	77	MN	1
3wqo_B	H	118	MN	1
3wr0_A	D	69	CA	0
3wr0_A	D	67	CA	0
3wr0_A	D	71	CA	0
3wr0_A	E	75	CA	0
3wr0_A	D	141	CA	0
3wrb_B	H	58	FE	1
3wrb_B	E	238	FE	1
3wrb_B	H	11	FE	1
3wro_A	E	139	MN	1
3wro_A	H	149	MN	1
3wro_A	H	147	MN	1
3wsd_D	D	109	FE	1
3wsd_D	H	72	FE	1
3wsd_D	E	227	FE	1
3wsd_D	H	223	FE	1
3wsd_D	H	73	FE	1
3wup_A	C	7	ZN	1
3wup_A	H	26	ZN	1
3wup_A	C	10	ZN	1
3wup_A	H	22	ZN	1
3ww3_B	H	112	MN	1
3ww3_B	E	119	MN	1
3ww3_B	H	194	MN	1
3ww3_B	H	114	MN	1
3wwl_A	C	24	ZN	1
3wwl_A	C	7	ZN	1
3wwl_A	C	4	ZN	1
3wwl_A	C	27	ZN	1
3wwq_L	C	33	ZN	1
3wwq_L	H	29	ZN	1
3wwq_L	C	10	ZN	1
3wwq_L	C	13	ZN	1
3x30_A	H	190	MN	1
3x30_A	D	141	MN	1
3x30_A	H	53	MN	1
3x30_A	D	52	MN	1
3x30_A	H	108	NI	1
3x30_A	H	50	NI	1
3x30_A	H	48	NI	1
3ziy_A	C	134	CU	1
3ziy_A	H	142	CU	1
3ziy_A	H	93	CU	1
3zkb_G	D	84	MG	0
3zpp_A	E	69	CA	0
3zpp_A	H	96	CA	0
3zqk_C	D	22	CA	0
3zqk_C	D	120	CA	0
3zqx_A	E	46	CA	0
3zqx_A	D	113	CA	0
3zqx_A	D	109	CA	0
3zt9_A	D	37	MN	1
3zt9_A	D	149	MN	1
3zt9_A	D	184	MN	1
3ztv_A	D	69	ZN	1
3ztv_A	D	225	ZN	1
3ztv_A	H	21	ZN	1
3ztv_A	D	19	ZN	1
3zuc_A	D	49	CA	0
3zuc_A	D	122	CA	0
3zuc_A	D	121	CA	0
3zuc_A	H	2	NI	1
3zup_B	D	201	MG	0
3zup_B	D	7	MG	0
3zup_B	D	5	MG	0
3zvi_B	D	306	MG	0
3zvi_B	E	272	MG	0
3zvi_B	D	237	MG	0
3zvl_A	D	63	MG	0
3zvl_A	D	65	MG	0
3zvl_A	D	181	MG	0
3zxo_B	E	87	ZN	1
3zxo_B	H	57	ZN	1
3zxo_B	D	79	ZN	1
3zyp_A	D	205	CA	0
3zyp_A	E	6	CA	0
3zyp_A	D	4	CA	0
3zyy_X	C	43	FES	2
3zyy_X	C	37	FES	2
3zyy_X	C	76	FES	2
3zyy_X	C	46	FES	2
4a2c_B	C	37	NI	1
4a2c_B	H	58	NI	1
4a2c_B	E	59	NI	1
4a2c_B	C	94	ZN	1
4a2c_B	C	88	ZN	1
4a2c_B	C	102	ZN	1
4a2c_B	C	91	ZN	1
4a2v_A	C	63	ZN	1
4a2v_A	C	68	ZN	1
4a2v_A	C	12	ZN	1
4a2v_A	C	9	ZN	1
4a35_A	E	276	MG	0
4a35_A	D	250	MG	0
4a35_A	E	305	MG	0
4a35_A	D	372	MG	0
4a3z_A	D	52	CA	0
4a3z_A	E	155	CA	0
4a3z_A	D	50	CA	0
4a42_B	D	47	CA	0
4a42_B	E	142	CA	0
4a46_C	C	13	ZN	1
4a46_C	C	10	ZN	1
4a49_A	C	49	ZN	1
4a49_A	C	32	ZN	1
4a49_A	C	29	ZN	1
4a49_A	C	52	ZN	1
4a49_A	H	46	ZN	1
4a49_A	C	64	ZN	1
4a49_A	C	44	ZN	1
4a49_A	C	67	ZN	1
4a4j_A	C	12	ZN	1
4a4j_A	D	11	ZN	1
4a4j_A	C	15	ZN	1
4a7k_A	H	336	ZN	1
4a7k_A	H	214	ZN	1
4a7k_A	H	294	ZN	1
4a7k_A	D	344	ZN	1
4a7k_A	E	350	ZN	1
4a7k_A	D	346	ZN	1
4a7k_A	D	342	ZN	1
4a7k_A	E	348	ZN	1
4a7k_A	E	638	ZN	1
4a7k_A	H	631	ZN	1
4a7k_A	H	629	ZN	1
4a7k_A	H	708	ZN	1
4a7k_A	D	100	MG	0
4a7k_A	D	108	MG	0
4a9v_A	D	478	CA	0
4a9v_A	E	386	CA	0
4a9v_A	D	493	CA	0
4aay_H	H	123	FES	2
4aay_H	C	120	FES	2
4aay_H	H	104	FES	2
4aay_H	C	102	FES	2
4ad9_F	H	199	ZN	1
4ad9_F	D	81	ZN	1
4ad9_F	D	164	ZN	1
4ad9_F	H	82	ZN	1
4ad9_F	H	79	ZN	1
4ad9_F	H	77	ZN	1
4ad9_F	H	145	ZN	1
4adn_B	C	165	ZN	1
4adn_B	C	168	ZN	1
4adn_B	C	203	ZN	1
4adn_B	C	197	ZN	1
4ae2_B	D	69	CA	0
4ae2_B	C	74	CA	0
4ae2_B	D	77	CA	0
4af1_A	C	355	ZN	1
4af1_A	C	358	ZN	1
4af1_A	H	338	ZN	1
4af1_A	C	334	ZN	1
4ag4_A	D	207	CA	0
4ag4_A	E	335	CA	0
4am8_F	H	68	NI	1
4amq_A	D	67	MN	1
4amq_A	D	65	MN	1
4amq_A	D	212	MN	1
4amq_A	D	95	MG	0
4anr_A	D	194	CA	0
4anr_A	H	198	CA	0
4anr_A	D	196	CA	0
4anr_A	D	207	CA	0
4anr_A	D	192	CA	0
4aoj_C	C	111	ZN	1
4aoj_C	H	36	ZN	1
4aoj_C	C	33	ZN	1
4aoj_C	E	113	ZN	1
4aoj_C	E	47	ZN	1
4aoj_C	E	50	ZN	1
4aq1_C	D	804	CA	0
4aq1_C	E	806	CA	0
4aq1_C	E	805	CA	0
4aq1_C	E	753	CA	0
4aq1_C	D	748	CA	0
4aq1_C	D	750	CA	0
4aq1_C	D	623	CA	0
4aq1_C	E	487	CA	0
4aq1_C	D	561	CA	0
4aq1_C	D	486	CA	0
4aq4_A	H	2	CO	1
4aqo_A	D	34	CA	0
4aqo_A	D	36	CA	0
4aqo_A	D	75	CA	0
4ar9_B	E	162	ZN	1
4ar9_B	H	128	ZN	1
4ar9_B	H	132	ZN	1
4ar9_B	E	103	CA	0
4are_A	E	459	ZN	1
4are_A	H	427	ZN	1
4are_A	H	431	ZN	1
4as2_D	D	30	MG	0
4as2_D	D	261	MG	0
4as2_D	D	32	MG	0
4asm_B	D	353	CA	0
4asm_B	D	8	CA	0
4asm_B	D	33	CA	0
4ate_A	D	253	CA	0
4ate_A	E	26	CA	0
4au7_A	C	231	ZN	1
4au7_A	C	229	ZN	1
4au7_A	C	185	ZN	1
4au7_A	C	234	ZN	1
4au7_A	C	141	ZN	1
4au7_A	H	92	ZN	1
4au7_A	C	95	ZN	1
4av3_B	D	240	MG	0
4av3_B	D	473	MG	0
4av3_B	D	696	CA	0
4av3_B	D	668	CA	0
4axn_B	D	133	CA	0
4axq_A	C	130	ZN	1
4axq_A	C	153	ZN	1
4axq_A	C	134	ZN	1
4axq_A	C	156	ZN	1
4axq_A	H	123	ZN	1
4axq_A	H	129	ZN	1
4axq_A	H	119	ZN	1
4axv_A	H	162	ZN	1
4axv_A	H	54	ZN	1
4axv_A	E	57	ZN	1
4ay7_B	E	268	ZN	1
4ay7_B	H	245	ZN	1
4ay7_B	C	247	ZN	1
4ay7_B	C	324	ZN	1
4ayl_A	E	215	CA	0
4ayl_A	D	229	CA	0
4b61_A	E	111	MG	0
4b61_A	D	24	CU	1
4b61_A	D	22	CU	1
4b6d_F	C	24	ZN	1
4b6d_F	C	48	ZN	1
4b6d_F	C	21	ZN	1
4b6d_F	H	45	ZN	1
4b6d_F	H	8	ZN	1
4b6d_F	C	40	ZN	1
4b6d_F	C	37	ZN	1
4b6d_F	C	56	ZN	1
4ba9_D	H	4	NI	1
4ba9_D	H	2	NI	1
4bl0_A	D	197	MG	0
4bl0_A	E	257	MG	0
4bll_A	D	48	CA	0
4bll_A	D	62	CA	0
4bll_A	D	194	CA	0
4bll_A	D	187	CA	0
4bll_A	E	83	ZN	1
4bll_A	E	36	ZN	1
4bll_A	E	40	ZN	1
4bmj_K	C	12	ZN	1
4bmj_K	C	9	ZN	1
4bmj_K	H	28	ZN	1
4bmj_K	H	32	ZN	1
4bmj_K	C	39	ZN	1
4bmj_K	C	36	ZN	1
4bmj_K	H	55	ZN	1
4bmj_K	H	59	ZN	1
4bol_B	D	162	ZN	1
4bol_B	H	41	ZN	1
4bol_B	H	152	ZN	1
4bpz_B	E	17	CA	0
4bpz_B	D	249	CA	0
4bq5_B	D	6	CA	0
4bq5_B	E	8	CA	0
4bq5_B	D	184	CA	0
4bq5_B	E	383	CA	0
4bwz_A	E	4	ZN	1
4bwz_A	H	50	ZN	1
4bwz_A	E	8	ZN	1
4bx0_A	D	26	MG	0
4bx0_A	D	24	MG	0
4bx0_A	D	233	MG	0
4bxo_A	E	69	CA	0
4bxo_A	D	59	CA	0
4by6_D	D	390	CA	0
4by6_D	D	374	CA	0
4by6_D	D	377	CA	0
4bz4_F	D	151	CA	0
4bz4_F	D	153	CA	0
4bz4_F	D	173	CA	0
4c1l_B	D	237	MN	1
4c1l_B	H	200	MN	1
4c1l_B	C	30	MN	1
4c1l_B	E	226	MN	1
4c24_A	H	99	ZN	1
4c24_A	H	97	ZN	1
4c24_A	H	159	ZN	1
4c24_A	H	2	NI	1
4c2m_X	C	29	ZN	1
4c2m_X	C	9	ZN	1
4c2m_X	C	32	ZN	1
4c2m_X	C	12	ZN	1
4c2m_X	C	88	ZN	1
4c2m_X	C	116	ZN	1
4c2m_X	C	85	ZN	1
4c2m_X	C	113	ZN	1
4c4a_A	H	370	ZN	1
4c4a_A	C	367	ZN	1
4c4a_A	C	365	ZN	1
4c4a_A	C	218	ZN	1
4c4o_D	H	64	ZN	1
4c4o_D	E	65	ZN	1
4c4o_D	D	153	ZN	1
4c4o_D	C	97	ZN	1
4c4o_D	C	94	ZN	1
4c4o_D	C	108	ZN	1
4c4o_D	C	100	ZN	1
4c5w_A	C	37	ZN	1
4c5w_A	H	81	ZN	1
4c5w_A	C	39	ZN	1
4c5w_A	C	42	ZN	1
4cc9_B	C	95	ZN	1
4cc9_B	C	93	ZN	1
4cc9_B	H	45	ZN	1
4cc9_B	H	88	ZN	1
4ccd_A	D	462	CA	0
4ccd_A	D	645	CA	0
4ccg_Y	C	49	ZN	1
4ccg_Y	H	46	ZN	1
4ccg_Y	C	19	ZN	1
4ccg_Y	C	22	ZN	1
4ccg_Y	C	41	ZN	1
4ccg_Y	C	36	ZN	1
4ccg_Y	C	71	ZN	1
4ccg_Y	C	74	ZN	1
4ccl_A	D	126	MN	1
4ccl_A	H	186	MN	1
4ccl_A	H	124	MN	1
4chg_F	D	116	MN	1
4chg_F	D	96	MN	1
4chg_F	D	114	MN	1
4cj0_A	D	336	CA	0
4cj0_A	D	376	CA	0
4cj0_A	D	337	CA	0
4cj0_A	D	221	CA	0
4cj0_A	D	218	CA	0
4cj0_A	E	211	CA	0
4cj0_A	D	498	CA	0
4cj0_A	H	149	ZN	1
4cj0_A	C	130	ZN	1
4cj0_A	C	148	ZN	1
4cj0_A	H	172	ZN	1
4cmy_T	E	49	FE	1
4cmy_T	H	52	FE	1
4cmy_T	E	16	FE	1
4cmy_T	E	129	FE	1
4cmy_T	E	93	FE	1
4cn9_B	D	50	ZN	1
4cn9_B	H	445	ZN	1
4cn9_B	E	48	ZN	1
4cn9_B	D	173	ZN	1
4co9_D	E	174	ZN	1
4co9_D	H	162	ZN	1
4co9_D	D	57	ZN	1
4co9_D	H	55	ZN	1
4co9_D	H	51	ZN	1
4cos_A	C	193	ZN	1
4cos_A	C	177	ZN	1
4cos_A	C	174	ZN	1
4cos_A	H	197	ZN	1
4cos_A	C	33	ZN	1
4cos_A	H	30	ZN	1
4cos_A	C	10	ZN	1
4cos_A	C	13	ZN	1
4cos_A	C	49	ZN	1
4cos_A	C	25	ZN	1
4cos_A	C	46	ZN	1
4cos_A	C	22	ZN	1
4cqb_B	D	322	ZN	1
4cqb_B	H	236	ZN	1
4cqb_B	H	79	ZN	1
4cqb_B	H	81	ZN	1
4cs9_E	H	26	ZN	1
4cs9_E	C	8	ZN	1
4cs9_E	C	16	ZN	1
4cs9_E	C	22	ZN	1
4ct0_A	C	413	ZN	1
4ct0_A	H	472	ZN	1
4ct3_D	D	46	CA	0
4ct3_D	D	55	CA	0
4ct3_D	D	44	CA	0
4ct3_D	H	50	CA	0
4cua_B	E	174	CA	0
4cua_B	D	35	CA	0
4czw_A	C	82	ZN	1
4czw_A	C	74	ZN	1
4czw_A	C	79	ZN	1
4czw_A	H	69	ZN	1
4czw_A	C	192	ZN	1
4czw_A	C	247	ZN	1
4czw_A	C	244	ZN	1
4czw_A	C	189	ZN	1
4d07_A	E	32	CO	1
4d07_A	H	2	CO	1
4d0e_A	D	60	CA	0
4d0e_A	D	43	CA	0
4d0e_A	E	46	CA	0
4d0e_A	D	98	CA	0
4d0e_A	E	84	CA	0
4d0e_A	E	6	CA	0
4d0e_A	D	3	CA	0
4d0s_D	D	222	MG	0
4d4o_C	C	371	FE	1
4d4o_C	C	369	FE	1
4d4o_C	C	391	FE	1
4d4o_C	C	394	FE	1
4da1_A	D	326	MG	0
4da1_A	D	155	MG	0
4da1_A	D	365	MG	0
4da2_B	E	130	CA	0
4da2_B	D	117	CA	0
4dfd_B	D	197	MG	0
4dfd_B	D	33	MG	0
4dh2_D	D	8	CA	0
4dh2_D	D	19	CA	0
4dh2_D	D	12	CA	0
4dh2_D	D	44	CA	0
4dh2_D	D	55	CA	0
4dh2_D	D	48	CA	0
4dja_A	C	453	SF4	2
4dja_A	C	349	SF4	2
4dja_A	C	437	SF4	2
4dja_A	C	440	SF4	2
4dmb_B	H	48	MG	0
4dmb_B	D	142	MG	0
4dmb_B	H	76	MG	0
4dmb_B	D	77	MG	0
4do7_B	D	243	ZN	1
4do7_B	H	10	ZN	1
4do7_B	H	8	ZN	1
4dou_A	D	241	CA	0
4dou_A	D	390	CA	0
4dou_A	D	249	CA	0
4dou_A	D	382	CA	0
4dou_A	D	108	CA	0
4dou_A	D	100	CA	0
4dpg_H	H	146	MG	0
4dpg_H	H	148	MG	0
4dpg_H	H	31	MG	0
4dth_A	E	350	MG	0
4dth_A	E	27	MG	0
4dzh_A	D	322	MG	0
4dzh_A	E	288	MG	0
4dzh_A	H	78	ZN	1
4dzh_A	D	315	ZN	1
4dzh_A	H	80	ZN	1
4dzh_A	H	227	ZN	1
4dzr_A	E	163	CA	0
4dzr_A	D	12	CA	0
4e2g_B	H	58	NI	1
4e2g_B	H	96	NI	1
4e2q_P	H	208	MN	1
4e2q_P	H	204	MN	1
4e2q_P	E	202	MN	1
4e2x_A	C	55	ZN	1
4e2x_A	C	17	ZN	1
4e2x_A	C	14	ZN	1
4e2x_A	C	58	ZN	1
4e45_J	C	91	ZN	1
4e45_J	H	87	ZN	1
4e4h_D	H	226	FE	1
4e4h_D	D	163	FE	1
4e4h_D	H	161	FE	1
4e4w_B	C	182	ZN	1
4e4w_B	H	68	ZN	1
4e4w_B	E	72	ZN	1
4e4w_B	C	213	ZN	1
4e4w_B	H	215	ZN	1
4e5v_B	H	92	ZN	1
4e5v_B	H	225	ZN	1
4e5v_B	E	174	ZN	1
4e5v_B	H	15	ZN	1
4e7o_B	D	27	MG	0
4e7o_B	D	72	MG	0
4e7o_B	E	74	MG	0
4e89_A	D	76	MG	0
4e89_A	E	55	MG	0
4e89_A	D	17	MG	0
4e9x_C	C	104	CU	1
4e9x_C	H	111	CU	1
4e9x_C	H	56	CU	1
4eac_D	C	290	MN	1
4eac_D	D	370	MN	1
4eac_D	H	252	MN	1
4eac_D	H	317	MN	1
4ebc_A	D	33	CA	0
4ebc_A	D	125	CA	0
4efz_B	H	146	CA	0
4efz_B	D	173	CA	0
4efz_B	H	71	CA	0
4egc_B	D	29	MG	0
4egc_B	D	31	MG	0
4egc_B	D	257	MG	0
4egu_B	H	99	ZN	1
4egu_B	C	5	ZN	1
4egu_B	H	47	ZN	1
4egu_B	C	8	ZN	1
4ehc_A	D	58	ZN	1
4ehc_A	D	211	ZN	1
4ehc_A	H	8	ZN	1
4ehc_A	H	6	ZN	1
4ehu_A	C	124	SF4	2
4ehu_A	C	163	SF4	2
4ej6_A	C	113	ZN	1
4ej6_A	C	124	ZN	1
4ej6_A	C	110	ZN	1
4ej6_A	C	116	ZN	1
4er8_A	E	160	NI	1
4er8_A	H	60	NI	1
4er8_A	H	58	NI	1
4er8_A	H	122	NI	1
4esn_B	C	81	ZN	1
4esn_B	C	61	ZN	1
4esn_B	C	66	ZN	1
4ets_B	H	141	ZN	1
4ets_B	D	105	ZN	1
4ets_B	E	124	ZN	1
4ets_B	C	109	ZN	1
4ets_B	C	149	ZN	1
4ets_B	C	112	ZN	1
4ets_B	C	152	ZN	1
4ewt_D	E	138	MN	1
4ewt_D	H	361	MN	1
4ewt_D	C	102	MN	1
4ewt_D	H	104	MN	1
4ewt_D	H	163	MN	1
4ex6_A	D	24	MG	0
4ex6_A	D	184	MG	0
4ex6_A	D	26	MG	0
4f0q_B	D	333	MG	0
4f0z_B	E	68	CA	0
4f0z_B	E	73	CA	0
4f0z_B	D	62	CA	0
4f0z_B	D	64	CA	0
4f0z_B	E	41	CA	0
4f0z_B	D	32	CA	0
4f0z_B	D	30	CA	0
4f0z_B	D	99	CA	0
4f0z_B	E	110	CA	0
4f0z_B	D	103	CA	0
4f0z_B	D	101	CA	0
4f0z_B	D	140	CA	0
4f0z_B	E	151	CA	0
4f0z_B	D	144	CA	0
4f0z_B	D	142	CA	0
4f1j_B	D	122	MG	0
4f1p_B	C	50	ZN	1
4f1p_B	C	70	ZN	1
4f1p_B	C	47	ZN	1
4f1p_B	C	67	ZN	1
4f7o_B	H	137	ZN	1
4f7o_B	D	150	ZN	1
4f7o_B	H	139	ZN	1
4f9d_B	D	320	CA	0
4f9d_B	D	322	CA	0
4f9d_B	D	324	CA	0
4faj_A	E	420	ZN	1
4faj_A	E	278	ZN	1
4fbw_B	H	245	MN	1
4fbw_B	D	60	MN	1
4fbw_B	H	247	MN	1
4fbw_B	D	20	MN	1
4fbw_B	H	22	MN	1
4fc8_B	C	77	ZN	1
4fc8_B	H	114	ZN	1
4fc8_B	C	110	ZN	1
4fc8_B	C	72	ZN	1
4ffr_A	E	238	MG	0
4ffr_A	D	240	MG	0
4fgc_E	D	94	CA	0
4fgc_E	D	62	CA	0
4fix_B	H	415	MN	1
4fix_B	D	277	MN	1
4fix_B	D	275	MN	1
4fkb_B	D	237	ZN	1
4fkb_B	D	60	ZN	1
4fkb_B	H	86	ZN	1
4fkb_B	H	80	ZN	1
4fkb_B	D	364	CA	0
4fkb_B	E	359	CA	0
4fke_A	E	344	ZN	1
4fke_A	H	325	ZN	1
4fke_A	H	321	ZN	1
4fl4_J	D	34	CA	0
4fl4_J	D	23	CA	0
4fl4_J	D	27	CA	0
4fl4_J	D	63	CA	0
4fl4_J	D	70	CA	0
4fly_A	D	162	MG	0
4fly_A	E	164	MG	0
4fly_A	D	336	MG	0
4fo7_D	D	106	MN	1
4fo7_D	E	233	MN	1
4fo7_D	E	202	MN	1
4fo7_D	H	169	MN	1
4fo7_D	D	95	MN	1
4ft8_B	H	20	CO	1
4ft8_B	E	95	CO	1
4ft8_B	H	18	CO	1
4ftb_A	D	160	CA	0
4ftb_A	D	220	CA	0
4fvd_A	C	57	ZN	1
4fvd_A	C	59	ZN	1
4fvd_A	C	117	ZN	1
4fvd_A	H	119	ZN	1
4fwi_B	C	297	SF4	2
4fwi_B	C	315	SF4	2
4fwi_B	C	290	SF4	2
4fwi_B	C	284	SF4	2
4fxo_C	H	286	ZN	1
4fxo_C	E	243	ZN	1
4fyp_B	D	110	MG	0
4fyp_B	D	229	MG	0
4fyp_B	D	108	MG	0
4fyy_D	C	137	ZN	1
4fyy_D	C	113	ZN	1
4fyy_D	C	140	ZN	1
4fyy_D	C	108	ZN	1
4g26_A	C	275	ZN	1
4g26_A	C	272	ZN	1
4g26_A	H	476	ZN	1
4g26_A	C	493	ZN	1
4g75_A	D	240	MG	0
4g75_A	E	212	MG	0
4gdf_F	C	171	ZN	1
4gdf_F	H	182	ZN	1
4gdf_F	H	186	ZN	1
4gdf_F	C	174	ZN	1
4gel_B	H	33	ZN	1
4gel_B	C	29	ZN	1
4gel_B	C	54	ZN	1
4gel_B	C	49	ZN	1
4gf6_B	H	245	CA	0
4gf6_B	E	239	CA	0
4gf6_B	H	243	CA	0
4gf6_B	H	241	CA	0
4gf6_B	H	240	CA	0
4ggj_A	H	42	ZN	1
4ggj_A	C	38	ZN	1
4ggj_A	C	36	ZN	1
4ggj_A	C	19	ZN	1
4gne_A	C	42	ZN	1
4gne_A	C	20	ZN	1
4gne_A	H	39	ZN	1
4gne_A	C	17	ZN	1
4gne_A	C	34	ZN	1
4gne_A	C	29	ZN	1
4gne_A	C	55	ZN	1
4gne_A	H	58	ZN	1
4gne_A	H	101	ZN	1
4gne_A	C	98	ZN	1
4gne_A	C	71	ZN	1
4gne_A	C	74	ZN	1
4gne_A	C	63	ZN	1
4gne_A	C	60	ZN	1
4gne_A	H	82	ZN	1
4gne_A	C	79	ZN	1
4gnl_A	D	310	MN	1
4gnl_A	H	263	MN	1
4gnx_Z	C	329	ZN	1
4gnx_Z	C	310	ZN	1
4gnx_Z	C	315	ZN	1
4gnx_Z	C	332	ZN	1
4gpr_A	H	34	CO	1
4gpr_A	H	57	CO	1
4gpr_A	D	55	CO	1
4gpu_A	E	292	MN	1
4gpu_A	E	242	MN	1
4gpu_A	D	281	MN	1
4gq7_A	D	112	CA	0
4gq7_A	D	111	CA	0
4gri_B	C	129	ZN	1
4gri_B	C	127	ZN	1
4gri_B	C	154	ZN	1
4gsl_B	C	486	ZN	1
4gsl_B	C	489	ZN	1
4gsl_B	C	570	ZN	1
4gsl_B	C	573	ZN	1
4gsq_A	E	105	CA	0
4gsq_A	D	102	CA	0
4gua_C	C	629	ZN	1
4gua_C	C	606	ZN	1
4gua_C	C	604	ZN	1
4gua_C	C	647	ZN	1
4guh_B	H	3	NI	1
4guh_B	H	157	NI	1
4guh_B	H	1	NI	1
4gv8_D	D	94	MG	0
4gx0_C	H	355	ZN	1
4gx0_C	H	387	ZN	1
4gx0_C	C	384	ZN	1
4gx0_C	C	360	ZN	1
4gx0_C	E	445	CA	0
4gxw_B	H	36	ZN	1
4gxw_B	H	215	ZN	1
4gxw_B	D	300	ZN	1
4gxw_B	H	34	ZN	1
4gz9_A	D	190	CA	0
4gz9_A	D	231	CA	0
4gz9_A	E	176	CA	0
4gz9_A	E	109	CA	0
4gz9_A	D	66	CA	0
4gz9_A	E	59	CA	0
4gz9_A	D	107	CA	0
4gzk_A	D	469	MG	0
4gzk_A	E	502	MG	0
4h1z_D	D	237	MG	0
4h1z_D	E	263	MG	0
4h1z_D	E	289	MG	0
4h2h_B	H	243	NI	1
4h2w_B	E	195	ZN	1
4h2w_B	C	150	ZN	1
4h2w_B	C	298	ZN	1
4h3s_A	C	347	ZN	1
4h3s_A	C	371	ZN	1
4h3s_A	H	373	ZN	1
4h3s_A	C	345	ZN	1
4h7l_B	H	103	CU	1
4h7l_B	H	60	CU	1
4h7l_B	E	67	CU	1
4h7l_B	H	62	CU	1
4h9d_C	C	75	ZN	1
4h9d_C	C	37	ZN	1
4h9d_C	C	40	ZN	1
4h9d_C	C	72	ZN	1
4hc9_A	C	82	ZN	1
4hc9_A	C	85	ZN	1
4hc9_A	C	61	ZN	1
4hc9_A	C	64	ZN	1
4hc9_A	C	28	ZN	1
4hc9_A	C	31	ZN	1
4hc9_A	C	10	ZN	1
4hc9_A	C	7	ZN	1
4hec_B	D	116	MG	0
4hec_B	D	27	MG	0
4hgx_B	H	195	ZN	1
4hgx_B	E	243	ZN	1
4hgx_B	D	168	ZN	1
4hgx_B	E	137	ZN	1
4hhr_A	D	175	CA	0
4hhr_A	D	231	CA	0
4hi9_B	C	13	ZN	1
4hi9_B	C	38	ZN	1
4hi9_B	C	16	ZN	1
4hi9_B	H	35	ZN	1
4hi9_B	D	65	ZN	1
4hi9_B	C	41	ZN	1
4hi9_B	C	62	ZN	1
4hi9_B	C	44	ZN	1
4hk5_D	H	16	ZN	1
4hk5_D	H	197	ZN	1
4hk5_D	D	325	ZN	1
4hk5_D	H	14	ZN	1
4hkw_A	H	143	CA	0
4hm8_A	C	100	FES	2
4hm8_A	C	80	FES	2
4hm8_A	H	103	FES	2
4hm8_A	H	82	FES	2
4hm8_A	D	361	FE	1
4hm8_A	H	207	FE	1
4hm8_A	H	212	FE	1
4hnz_L	D	159	MG	0
4hp3_C	C	58	ZN	1
4hp3_C	C	25	ZN	1
4hp3_C	C	31	ZN	1
4hp3_C	C	28	ZN	1
4hp3_C	C	53	ZN	1
4hp3_C	C	37	ZN	1
4hp3_C	C	40	ZN	1
4hp3_C	C	43	ZN	1
4hpk_B	D	39	CA	0
4hpk_B	E	10	CA	0
4hpk_B	D	36	CA	0
4hpk_B	D	13	CA	0
4hpk_B	E	8	CA	0
4hsq_A	D	259	CA	0
4hsq_A	D	260	CA	0
4hsq_A	E	252	CA	0
4hsu_A	C	11	ZN	1
4hsu_A	H	43	ZN	1
4hsu_A	C	6	ZN	1
4hsu_A	H	37	ZN	1
4hsu_A	C	45	ZN	1
4hsu_A	C	26	ZN	1
4hsu_A	C	18	ZN	1
4hsu_A	C	48	ZN	1
4hsu_A	C	95	ZN	1
4hsu_A	C	122	ZN	1
4hsu_A	C	138	ZN	1
4hsu_A	C	100	ZN	1
4ht4_A	H	131	NI	1
4ht4_A	H	129	NI	1
4ht4_A	H	121	NI	1
4hwv_B	D	226	CA	0
4hwv_B	D	281	CA	0
4hwv_B	D	277	CA	0
4hxg_I	E	161	MG	0
4hxg_I	E	41	MG	0
4hy4_B	C	71	ZN	1
4hy4_B	C	95	ZN	1
4hy4_B	H	88	ZN	1
4hy4_B	C	68	ZN	1
4i0e_A	D	136	ZN	1
4i0e_A	H	404	ZN	1
4i0e_A	H	402	ZN	1
4i14_B	C	274	ZN	1
4i14_B	C	263	ZN	1
4i14_B	C	276	ZN	1
4i1f_A	C	9	ZN	1
4i1f_A	C	71	ZN	1
4i1f_A	C	13	ZN	1
4i1f_A	H	74	ZN	1
4i1f_A	C	60	ZN	1
4i1f_A	C	25	ZN	1
4i1f_A	C	55	ZN	1
4i1f_A	C	28	ZN	1
4i1f_A	C	122	ZN	1
4i1f_A	C	119	ZN	1
4i1f_A	C	100	ZN	1
4i1f_A	C	97	ZN	1
4i1f_A	H	116	ZN	1
4i1f_A	C	152	ZN	1
4i1f_A	C	148	ZN	1
4i1f_A	C	112	ZN	1
4i1f_A	C	196	ZN	1
4i1f_A	C	191	ZN	1
4i1f_A	C	211	ZN	1
4i1f_A	C	219	ZN	1
4i1f_A	C	236	ZN	1
4i1f_A	C	224	ZN	1
4i1f_A	H	232	ZN	1
4i1f_A	C	227	ZN	1
4i1f_A	C	295	ZN	1
4i1f_A	C	280	ZN	1
4i1f_A	C	300	ZN	1
4i1f_A	C	277	ZN	1
4i1f_A	C	308	ZN	1
4i1f_A	C	316	ZN	1
4i1f_A	H	320	ZN	1
4i1f_A	C	305	ZN	1
4i1s_B	C	43	ZN	1
4i1s_B	C	38	ZN	1
4i1s_B	C	40	ZN	1
4i1s_B	C	26	ZN	1
4i1s_B	H	3	ZN	1
4i1s_B	C	50	ZN	1
4i1s_B	C	22	ZN	1
4i1s_B	C	47	ZN	1
4i5k_B	D	129	CA	0
4i5k_B	D	136	CA	0
4i5k_B	D	127	CA	0
4i5k_B	D	125	CA	0
4i5k_B	D	199	CA	0
4i5k_B	D	201	CA	0
4i5k_B	E	210	CA	0
4i5k_B	D	203	CA	0
4i6v_C	D	376	ZN	1
4i6v_C	H	29	ZN	1
4i6v_C	H	27	ZN	1
4i75_A	D	263	CA	0
4i75_A	D	17	CA	0
4i75_A	D	12	CA	0
4i75_A	H	2	NI	1
4i9f_A	D	21	CA	0
4i9f_A	D	23	CA	0
4i9f_A	D	216	CA	0
4iao_B	C	301	ZN	1
4iao_B	C	304	ZN	1
4iao_B	C	325	ZN	1
4iao_B	C	328	ZN	1
4ic1_K	E	116	MN	1
4ic1_K	H	65	MN	1
4ic1_K	D	102	MN	1
4ic1_K	C	35	SF4	2
4ic1_K	C	200	SF4	2
4ic1_K	C	191	SF4	2
4ic1_K	C	194	SF4	2
4ic5_A	E	39	CA	0
4ic5_A	E	32	CA	0
4ic5_A	E	37	CA	0
4icl_A	D	550	MG	0
4icl_A	D	444	MG	0
4icl_A	D	499	MG	0
4iez_A	H	85	FE	1
4iez_A	H	87	FE	1
4iez_A	H	139	FE	1
4ifu_A	D	283	MG	0
4ii1_D	H	96	ZN	1
4ii1_D	C	92	ZN	1
4ii1_D	C	78	ZN	1
4ii1_D	C	86	ZN	1
4ijd_B	H	24	ZN	1
4ijd_B	C	21	ZN	1
4ijd_B	C	13	ZN	1
4ijd_B	C	10	ZN	1
4ijd_B	C	195	ZN	1
4ijd_B	C	198	ZN	1
4ijd_B	H	216	ZN	1
4ijd_B	H	211	ZN	1
4il1_D	D	189	CA	0
4il1_D	E	198	CA	0
4il1_D	E	230	CA	0
4il1_D	D	219	CA	0
4il1_D	E	225	CA	0
4il1_D	D	221	CA	0
4il1_D	E	267	CA	0
4il1_D	D	258	CA	0
4il1_D	D	260	CA	0
4il1_D	D	256	CA	0
4il1_D	E	308	CA	0
4il1_D	D	299	CA	0
4il1_D	D	301	CA	0
4il1_D	D	297	CA	0
4ilo_B	C	228	ZN	1
4ilo_B	C	201	ZN	1
4ilo_B	C	225	ZN	1
4ilo_B	C	204	ZN	1
4iqr_F	C	37	ZN	1
4iqr_F	C	40	ZN	1
4iqr_F	C	23	ZN	1
4iqr_F	C	20	ZN	1
4iqr_F	C	62	ZN	1
4iqr_F	C	72	ZN	1
4iqr_F	C	75	ZN	1
4iqr_F	C	56	ZN	1
4is1_D	H	50	ZN	1
4is1_D	H	55	ZN	1
4is1_D	C	37	ZN	1
4is1_D	C	34	ZN	1
4is1_D	C	6	ZN	1
4is1_D	H	22	ZN	1
4is1_D	C	9	ZN	1
4is1_D	H	26	ZN	1
4it0_B	C	97	MN	1
4it0_B	H	328	MN	1
4it0_B	H	233	MN	1
4it0_B	D	94	MN	1
4it0_B	H	202	MN	1
4it5_D	D	169	CA	0
4it5_D	E	165	CA	0
4it5_D	E	168	CA	0
4ivv_A	H	134	ZN	1
4ivv_A	H	27	ZN	1
4ivv_A	D	150	ZN	1
4iwh_B	D	229	MG	0
4iwh_B	D	257	MG	0
4iwh_B	D	253	MG	0
4iwk_F	H	51	FE	1
4iwk_F	E	48	FE	1
4iwk_F	E	15	FE	1
4iwk_F	E	94	FE	1
4iwk_F	E	130	FE	1
4iwk_F	E	44	FE	1
4iwk_F	E	47	FE	1
4ixj_B	C	56	ZN	1
4ixj_B	C	101	ZN	1
4ixj_B	C	131	ZN	1
4ixj_B	H	134	ZN	1
4ixm_A	E	36	ZN	1
4ixm_A	C	65	ZN	1
4ixm_A	E	41	ZN	1
4ixm_A	E	73	ZN	1
4ixm_A	H	113	ZN	1
4j1v_C	C	46	ZN	1
4j1v_C	H	128	ZN	1
4j1v_C	C	51	ZN	1
4j1v_C	H	133	ZN	1
4j2d_A	D	860	CA	0
4j2d_A	D	859	CA	0
4j3h_B	D	38	CA	0
4j3h_B	D	37	CA	0
4j44_C	C	49	ZN	1
4j44_C	C	76	ZN	1
4j44_C	H	69	ZN	1
4j44_C	C	52	ZN	1
4jcl_A	D	26	CA	0
4jcl_A	D	52	CA	0
4jcl_A	D	28	CA	0
4jcl_A	D	198	CA	0
4jcl_A	H	232	CA	0
4jcl_A	E	288	CA	0
4jcl_A	D	263	CA	0
4jcl_A	E	298	CA	0
4jcl_A	E	291	CA	0
4jdz_B	D	430	CA	0
4jdz_B	E	408	CA	0
4jdz_B	D	411	CA	0
4jdz_B	E	346	CA	0
4jdz_B	D	343	CA	0
4jdz_B	D	335	CA	0
4jdz_B	D	29	CA	0
4jdz_B	D	17	CA	0
4jgl_A	C	119	CA	0
4jiu_A	H	71	ZN	1
4jiu_A	H	59	ZN	1
4jiu_A	H	63	ZN	1
4jiv_D	H	52	ZN	1
4jiv_D	H	12	ZN	1
4jiv_D	C	79	ZN	1
4jiv_D	H	44	ZN	1
4jnd_A	D	206	MG	0
4jnd_A	D	419	MG	0
4jnd_A	D	374	MG	0
4jnj_D	E	96	ZN	1
4jnj_D	H	70	ZN	1
4jrf_A	D	252	CA	0
4jx0_B	D	210	MG	0
4jx0_B	E	314	MG	0
4jx1_E	E	198	CA	0
4jx1_E	D	202	CA	0
4jy8_A	C	72	SF4	2
4jy8_A	C	79	SF4	2
4jy8_A	C	76	SF4	2
4jy8_A	C	328	SF4	2
4jy8_A	C	320	SF4	2
4jy8_A	C	331	SF4	2
4jzv_B	E	114	MG	0
4jzv_B	E	67	MG	0
4jzv_B	E	71	MG	0
4k1c_B	E	87	CA	0
4k1c_B	D	238	CA	0
4k1c_B	E	234	CA	0
4k1c_B	D	377	MN	1
4k1c_B	E	384	MN	1
4k1c_B	E	379	MN	1
4k1t_C	E	154	ZN	1
4k1t_C	H	124	ZN	1
4k1t_C	D	181	ZN	1
4k2h_N	E	15	ZN	1
4k2h_N	E	16	ZN	1
4k2h_N	H	48	ZN	1
4k2h_N	D	24	ZN	1
4k39_B	C	254	SF4	2
4k39_B	C	275	SF4	2
4k39_B	C	329	SF4	2
4k39_B	C	260	SF4	2
4k39_B	C	325	SF4	2
4k39_B	C	347	SF4	2
4k39_B	C	319	SF4	2
4k39_B	C	316	SF4	2
4k39_B	C	21	SF4	2
4k39_B	C	14	SF4	2
4k39_B	C	18	SF4	2
4k70_B	D	385	CA	0
4k70_B	D	82	CA	0
4k70_B	D	84	CA	0
4k70_B	D	386	CA	0
4k70_B	E	85	CA	0
4k8g_A	D	229	MG	0
4k8g_A	E	281	MG	0
4k8g_A	E	255	MG	0
4ka7_A	H	497	ZN	1
4ka7_A	H	493	ZN	1
4ka7_A	E	523	ZN	1
4kdw_A	E	41	CA	0
4kdw_A	D	34	CA	0
4kfu_B	H	40	ZN	1
4kfu_B	D	38	ZN	1
4kfu_B	H	107	ZN	1
4kfu_B	D	72	ZN	1
4kl0_A	D	41	CA	0
4kl0_A	D	34	CA	0
4kl0_A	D	317	CA	0
4kng_B	H	169	NI	1
4kng_B	H	193	NI	1
4knk_B	H	68	ZN	1
4knk_B	D	187	ZN	1
4knk_B	H	173	ZN	1
4kp6_A	D	127	ZN	1
4kp6_A	H	90	ZN	1
4kp6_A	H	126	ZN	1
4kp6_A	D	244	ZN	1
4kpp_B	E	339	CA	0
4kpp_B	D	332	CA	0
4kty_B	D	277	CA	0
4kty_B	D	357	CA	0
4kty_B	D	373	CA	0
4kty_B	D	351	CA	0
4kty_B	D	349	CA	0
4kty_B	E	496	CA	0
4kty_B	E	491	CA	0
4ku0_D	H	44	FE	1
4ku0_D	H	54	FE	1
4ku0_D	H	12	FE	1
4ku0_D	C	81	FE	1
4kuj_B	H	194	ZN	1
4kuj_B	C	258	ZN	1
4kuj_B	C	254	ZN	1
4kuj_B	H	252	ZN	1
4l5o_A	H	78	ZN	1
4l5o_A	H	25	ZN	1
4l63_A	H	163	ZN	1
4l63_A	H	159	ZN	1
4l63_A	H	169	ZN	1
4l6o_A	H	678	ZN	1
4l6o_A	C	680	ZN	1
4l6o_A	C	760	ZN	1
4l73_A	D	77	CA	0
4l73_A	E	105	CA	0
4l73_A	E	103	CA	0
4l73_A	E	159	CA	0
4l73_A	E	141	CA	0
4l73_A	D	138	CA	0
4l73_A	D	198	CA	0
4l73_A	E	219	CA	0
4l79_A	E	555	MG	0
4l92_B	H	136	ZN	1
4l92_B	E	15	ZN	1
4l92_B	D	132	ZN	1
4l92_B	H	302	ZN	1
4l9d_B	D	69	CA	0
4l9d_B	D	30	CA	0
4l9d_B	D	73	CA	0
4l9m_A	C	526	ZN	1
4l9m_A	C	542	ZN	1
4l9m_A	C	523	ZN	1
4l9m_A	H	493	ZN	1
4l9m_A	C	509	ZN	1
4l9m_A	C	534	ZN	1
4l9m_A	C	506	ZN	1
4l9m_A	H	531	ZN	1
4lad_B	C	45	ZN	1
4lad_B	C	67	ZN	1
4lad_B	C	64	ZN	1
4lad_B	H	47	ZN	1
4lcv_C	D	102	CA	0
4lcv_C	E	101	CA	0
4lcv_C	D	39	CA	0
4lcv_C	D	45	CA	0
4lcv_C	D	100	CA	0
4lcv_C	E	108	CA	0
4leh_A	H	104	ZN	1
4lgj_A	H	164	ZN	1
4lgj_A	D	171	ZN	1
4lgj_A	H	160	ZN	1
4ljq_B	C	40	ZN	1
4ljq_B	C	24	ZN	1
4ljq_B	C	43	ZN	1
4ljq_B	C	21	ZN	1
4ljq_B	H	76	ZN	1
4ljq_B	C	51	ZN	1
4ljq_B	C	48	ZN	1
4ljq_B	C	80	ZN	1
4ljq_B	C	61	ZN	1
4ljq_B	H	73	ZN	1
4ljq_B	C	66	ZN	1
4ljq_B	H	75	ZN	1
4ljq_B	H	151	ZN	1
4ljq_B	C	148	ZN	1
4ljq_B	C	136	ZN	1
4ljq_B	C	119	ZN	1
4ljq_B	H	39	ZN	1
4ljq_B	H	37	ZN	1
4llf_K	D	144	CA	0
4llf_K	D	177	CA	0
4llt_A	D	107	CA	0
4llt_A	E	181	CA	0
4llt_A	D	177	CA	0
4lmg_D	H	98	ZN	1
4lmg_D	C	49	ZN	1
4lmg_D	C	72	ZN	1
4lmg_D	H	96	ZN	1
4lmy_B	H	18	ZN	1
4lmy_B	H	98	ZN	1
4lmy_B	H	96	ZN	1
4lmy_B	H	3	ZN	1
4lmy_B	H	5	ZN	1
4lmy_B	C	106	ZN	1
4lmy_B	C	103	ZN	1
4lmy_B	C	146	ZN	1
4lmy_B	C	143	ZN	1
4ln6_K	D	112	CA	0
4ln6_K	E	74	CA	0
4lnt_YP	D	4	MG	0
4loc_D	E	101	MG	0
4loc_D	D	332	MG	0
4los_A	D	103	CA	0
4los_A	D	64	CA	0
4los_A	E	54	CA	0
4lp7_D	D	25	CA	0
4lp7_D	E	23	CA	0
4lpl_A	D	70	CA	0
4lpl_A	E	176	CA	0
4lpl_A	D	68	CA	0
4lps_A	C	141	NI	1
4lps_A	C	105	NI	1
4lqx_B	H	51	ZN	1
4lqx_B	C	22	ZN	1
4lqx_B	H	38	ZN	1
4lqx_B	C	25	ZN	1
4lrl_D	D	134	NI	1
4lrl_D	D	206	NI	1
4lrl_D	H	133	NI	1
4lrl_D	H	89	NI	1
4lsi_C	E	201	MG	0
4lw9_Q	E	113	ZN	1
4lw9_Q	H	118	ZN	1
4lw9_Q	H	116	ZN	1
4lw9_Q	H	115	ZN	1
4lw9_Q	E	18	ZN	1
4lw9_Q	D	22	ZN	1
4lw9_Q	H	114	ZN	1
4lw9_Q	D	101	CA	0
4lw9_Q	D	90	CA	0
4lxo_B	E	45	CA	0
4lxo_B	E	73	CA	0
4lxo_B	D	119	CA	0
4ly4_D	H	122	ZN	1
4ly4_D	H	118	ZN	1
4ly4_D	D	46	ZN	1
4m00_A	D	171	CA	0
4m00_A	D	154	CA	0
4m00_A	D	390	CA	0
4m00_A	D	362	CA	0
4m00_A	D	434	CA	0
4m00_A	D	450	CA	0
4m00_A	D	479	CA	0
4m00_A	D	523	CA	0
4m01_D	D	154	CA	0
4m01_D	D	171	CA	0
4m02_A	D	141	CA	0
4m02_A	D	113	CA	0
4m02_A	D	185	CA	0
4m0v_B	H	23	MN	1
4m0v_B	D	21	MN	1
4m0v_B	H	237	MN	1
4m0v_B	D	61	MN	1
4m0v_B	H	197	MN	1
4m0v_B	H	235	MN	1
4m3o_B	C	111	ZN	1
4m3o_B	H	115	ZN	1
4m3o_B	C	78	ZN	1
4m3o_B	C	73	ZN	1
4m5b_A	H	66	NI	1
4m5b_A	H	1	NI	1
4m6r_D	H	96	ZN	1
4m6r_D	H	98	ZN	1
4m6r_D	H	176	ZN	1
4m7s_A	C	168	SF4	2
4m7s_A	C	231	SF4	2
4m7s_A	C	186	SF4	2
4m7s_A	C	234	SF4	2
4m7s_A	C	19	SF4	2
4m7s_A	C	15	SF4	2
4m7s_A	C	22	SF4	2
4m9v_F	C	41	ZN	1
4m9v_F	H	58	ZN	1
4m9v_F	H	54	ZN	1
4m9v_F	C	38	ZN	1
4m9v_F	C	13	ZN	1
4m9v_F	C	10	ZN	1
4m9v_F	H	26	ZN	1
4m9v_F	H	30	ZN	1
4mag_A	H	304	CO	1
4mag_A	H	306	CO	1
4mag_A	H	301	CO	1
4mb7_A	C	270	ZN	1
4mb7_A	C	267	ZN	1
4mb7_A	H	250	ZN	1
4mb7_A	C	246	ZN	1
4mbg_B	D	364	ZN	1
4mbg_B	C	366	ZN	1
4mbg_B	H	432	ZN	1
4mc7_A	D	246	CA	0
4mc7_A	D	220	CA	0
4mc7_A	D	95	CA	0
4mdz_B	H	282	FE	1
4mdz_B	H	281	FE	1
4mdz_B	H	255	FE	1
4mdz_B	D	227	FE	1
4me3_A	C	146	ZN	1
4me3_A	C	171	ZN	1
4me3_A	C	168	ZN	1
4me3_A	C	149	ZN	1
4mew_A	E	284	CA	0
4mew_A	D	277	CA	0
4mew_A	D	273	CA	0
4mew_A	D	275	CA	0
4mew_A	D	201	CA	0
4mew_A	D	199	CA	0
4mew_A	D	203	CA	0
4mfg_A	H	81	NI	1
4mfg_A	H	86	NI	1
4mfg_A	H	66	NI	1
4mgq_A	H	16	CA	0
4mgq_A	D	115	CA	0
4mgq_A	E	134	CA	0
4mi5_A	C	62	ZN	1
4mi5_A	C	55	ZN	1
4mi5_A	C	42	ZN	1
4mi5_A	C	67	ZN	1
4mi5_A	C	53	ZN	1
4mi5_A	C	48	ZN	1
4mi5_A	C	44	ZN	1
4mi5_A	C	70	ZN	1
4mi5_A	C	83	ZN	1
4mi5_A	C	29	ZN	1
4mi5_A	C	25	ZN	1
4mi5_A	C	18	ZN	1
4mi5_A	C	5	ZN	1
4mi5_A	C	16	ZN	1
4mi5_A	H	7	ZN	1
4mi5_A	C	12	ZN	1
4mi5_A	C	35	ZN	1
4mi5_A	C	31	ZN	1
4mj7_B	H	90	ZN	1
4mj7_B	C	101	ZN	1
4mj7_B	C	63	ZN	1
4mj7_B	C	88	ZN	1
4mkm_A	D	125	CA	0
4mkm_A	D	117	CA	0
4mkm_A	D	119	CA	0
4mkm_A	E	123	CA	0
4mkm_A	D	183	CA	0
4mkm_A	D	164	CA	0
4mkm_A	D	15	CA	0
4mkm_A	D	34	CA	0
4mkm_A	D	274	CA	0
4mkm_A	D	270	CA	0
4mkm_A	D	268	CA	0
4mkm_A	D	266	CA	0
4mlm_B	D	160	FE	1
4mlm_B	D	58	FE	1
4mlm_B	H	33	FE	1
4mlm_B	H	57	FE	1
4mn5_B	D	25	ZN	1
4mn5_B	H	22	ZN	1
4mn5_B	H	115	ZN	1
4mn5_B	E	119	ZN	1
4mr0_B	H	188	MN	1
4mr0_B	E	161	MN	1
4mr0_B	E	307	MN	1
4msp_A	E	147	CA	0
4msp_A	D	136	CA	0
4msp_A	D	140	CA	0
4msp_A	D	180	CA	0
4msp_A	E	191	CA	0
4msp_A	D	184	CA	0
4msp_A	D	182	CA	0
4msp_A	H	196	CA	0
4msp_A	E	179	CA	0
4mt2_A	C	29	ZN	1
4mt2_A	C	19	ZN	1
4mt2_A	C	24	ZN	1
4mt2_A	C	15	ZN	1
4mt2_A	C	13	ZN	1
4mt2_A	C	26	ZN	1
4mt2_A	C	7	ZN	1
4mur_B	H	176	ZN	1
4mur_B	D	122	ZN	1
4mur_B	H	115	ZN	1
4mvt_D	C	272	ZN	1
4mvt_D	C	249	ZN	1
4mvt_D	C	275	ZN	1
4mvt_D	H	251	ZN	1
4myn_A	D	149	MN	1
4myn_A	D	235	MN	1
4myn_A	H	121	MN	1
4myn_A	D	145	MN	1
4myn_A	D	237	MN	1
4myn_A	H	147	MN	1
4mz0_B	D	305	CA	0
4mz7_B	H	79	ZN	1
4mz7_B	D	223	ZN	1
4mz7_B	H	118	ZN	1
4mz7_B	D	119	ZN	1
4mza_B	D	143	CA	0
4n0l_B	C	114	ZN	1
4n0l_B	C	117	ZN	1
4n0l_B	C	87	ZN	1
4n0l_B	H	85	ZN	1
4n0o_C	H	49	ZN	1
4n0o_C	C	37	ZN	1
4n0o_C	C	53	ZN	1
4n0o_C	H	52	ZN	1
4n0o_C	C	62	ZN	1
4n0o_C	C	76	ZN	1
4n0o_C	H	64	ZN	1
4n0o_C	C	27	ZN	1
4n0o_C	C	45	ZN	1
4n0o_C	C	24	ZN	1
4n1g_B	D	164	CA	0
4n1g_B	E	169	CA	0
4n1g_B	D	158	CA	0
4n1g_B	D	160	CA	0
4n1g_B	E	133	CA	0
4n1g_B	D	124	CA	0
4n1g_B	D	122	CA	0
4n1g_B	D	29	CA	0
4n1g_B	E	40	CA	0
4n2e_A	D	145	CA	0
4n2e_A	E	151	CA	0
4n2e_A	D	147	CA	0
4n2e_A	D	186	CA	0
4n2e_A	D	189	CA	0
4n2e_A	D	200	CA	0
4n2e_A	D	176	CA	0
4n2e_A	D	197	CA	0
4n2e_A	E	178	CA	0
4n2e_A	D	409	CA	0
4n2e_A	E	374	CA	0
4n2e_A	E	432	CA	0
4n3o_B	E	152	CA	0
4n3o_B	D	153	CA	0
4n3t_A	H	54	CU	1
4n3t_A	H	130	CU	1
4n3t_A	H	52	CU	1
4n58_B	C	37	FES	2
4n58_B	C	74	FES	2
4n58_B	C	45	FES	2
4n58_B	C	42	FES	2
4n5x_A	E	42	CA	0
4n5x_A	D	35	CA	0
4n5x_A	D	31	CA	0
4n5x_A	E	59	CA	0
4n5x_A	E	60	CA	0
4n5x_A	E	78	CA	0
4n5x_A	D	67	CA	0
4n5x_A	D	71	CA	0
4n5x_A	E	109	CA	0
4n5x_A	D	98	CA	0
4n5x_A	D	102	CA	0
4n5x_A	E	145	CA	0
4n5x_A	D	134	CA	0
4n5x_A	D	136	CA	0
4n6f_A	D	67	CA	0
4n6f_A	D	70	CA	0
4n6f_A	E	71	CA	0
4n7b_A	C	412	F3S	2
4n7b_A	C	230	F3S	2
4n7b_A	C	314	F3S	2
4n88_C	E	23	CA	0
4n88_C	D	16	CA	0
4n88_C	E	373	CA	0
4n88_C	D	380	CA	0
4n88_C	D	260	CA	0
4n88_C	E	256	CA	0
4n88_C	D	251	CA	0
4nc7_B	D	63	NI	1
4ne7_A	D	315	ZN	1
4ne7_A	D	337	ZN	1
4ne7_A	E	170	ZN	1
4ne7_A	H	176	ZN	1
4ne7_A	D	172	ZN	1
4ne9_D	D	17	CA	0
4ne9_D	E	3	CA	0
4nhf_F	D	61	CA	0
4nhf_F	D	59	CA	0
4nn2_B	C	10	ZN	1
4nn2_B	H	34	ZN	1
4nn2_B	C	37	ZN	1
4nn2_B	C	7	ZN	1
4nn2_B	H	97	ZN	1
4nn2_B	C	75	ZN	1
4nn2_B	C	100	ZN	1
4nn2_B	C	78	ZN	1
4nn2_B	C	92	ZN	1
4nn2_B	H	124	ZN	1
4nn2_B	C	87	ZN	1
4nn2_B	C	121	ZN	1
4nna_A	H	225	MG	0
4nna_A	E	474	MG	0
4nna_A	H	223	MG	0
4nno_A	E	187	ZN	1
4nno_A	H	121	ZN	1
4nno_A	D	262	ZN	1
4nno_A	H	48	ZN	1
4npk_A	D	98	CA	0
4npk_A	D	51	CA	0
4npk_A	D	39	CA	0
4npk_A	E	99	CA	0
4npk_A	D	100	CA	0
4npk_A	D	105	CA	0
4npk_A	D	104	CA	0
4npk_A	D	102	CA	0
4nqy_A	C	383	ZN	1
4nqy_A	C	386	ZN	1
4nre_A	H	397	FE	1
4nre_A	H	392	FE	1
4nre_A	H	572	FE	1
4nre_A	D	104	CA	0
4nre_A	D	58	CA	0
4nre_A	E	63	CA	0
4nrn_B	E	57	ZN	1
4nrn_B	H	46	ZN	1
4nrn_B	H	59	ZN	1
4ns5_A	C	105	ZN	1
4ns5_A	C	124	ZN	1
4ns5_A	C	108	ZN	1
4ns5_A	H	128	ZN	1
4nsd_B	E	143	CA	0
4nsd_B	E	148	CA	0
4nsd_B	D	137	CA	0
4nsd_B	D	329	CA	0
4nsd_B	E	338	CA	0
4nsd_B	D	327	CA	0
4nsd_B	E	333	CA	0
4nt0_B	D	9	CA	0
4ntl_A	D	48	ZN	1
4ntl_A	E	54	ZN	1
4ntl_A	H	52	ZN	1
4ntn_F	H	30	ZN	1
4ntn_F	H	15	ZN	1
4ntn_F	H	32	ZN	1
4nuz_A	D	691	CA	0
4nuz_A	E	818	CA	0
4nyn_B	E	114	MN	1
4nyn_B	D	74	MN	1
4nyn_B	D	138	MN	1
4nyn_B	D	197	MN	1
4nyn_B	D	188	MN	1
4nz1_B	H	75	ZN	1
4nz1_B	H	71	ZN	1
4nz1_B	D	14	ZN	1
4nzg_D	H	55	ZN	1
4nzg_D	H	51	ZN	1
4nzg_D	C	91	ZN	1
4nzg_D	C	88	ZN	1
4nzv_B	D	69	MN	1
4nzv_B	H	227	MN	1
4nzv_B	H	191	MN	1
4nzv_B	D	25	MN	1
4nzv_B	H	27	MN	1
4nzv_B	H	229	MN	1
4o1j_B	C	55	ZN	1
4o1j_B	C	114	ZN	1
4o1j_B	H	111	ZN	1
4o5o_A	E	242	ZN	1
4o5o_A	H	3	ZN	1
4o5o_A	H	238	ZN	1
4o5o_A	H	2	ZN	1
4o5o_A	H	4	ZN	1
4o5v_A	E	184	FE	1
4o5v_A	C	146	FE	1
4o5v_A	H	148	FE	1
4o5v_A	E	104	FE	1
4o5v_A	H	100	FE	1
4o5v_A	D	119	FE	1
4o64_C	C	7	ZN	1
4o64_C	C	45	ZN	1
4o64_C	C	13	ZN	1
4o64_C	C	10	ZN	1
4o64_C	C	18	ZN	1
4o64_C	C	24	ZN	1
4o64_C	C	40	ZN	1
4o64_C	C	21	ZN	1
4o64_C	H	90	ZN	1
4o64_C	C	93	ZN	1
4o64_C	C	56	ZN	1
4o64_C	C	59	ZN	1
4o64_C	C	113	ZN	1
4o64_C	C	85	ZN	1
4o64_C	C	116	ZN	1
4o64_C	C	82	ZN	1
4o6m_A	D	241	CA	0
4o6m_A	D	262	CA	0
4o6m_A	D	266	CA	0
4oa3_A	E	30	CA	0
4oa3_A	E	24	CA	0
4oa3_A	D	136	CA	0
4oa3_A	D	134	CA	0
4obi_A	C	83	ZN	1
4obi_A	C	62	ZN	1
4obi_A	D	67	ZN	1
4odp_A	H	100	NI	1
4odp_A	H	96	NI	1
4odp_A	H	98	NI	1
4odp_A	H	107	NI	1
4odp_A	H	109	NI	1
4oec_D	E	38	MG	0
4oec_D	D	40	MG	0
4oec_D	E	105	MG	0
4ofo_D	H	114	NI	1
4ofo_D	E	104	NI	1
4ofo_D	H	243	NI	1
4ofz_A	D	445	MG	0
4ofz_A	D	236	MG	0
4ofz_A	D	234	MG	0
4ogq_D	C	107	FES	2
4ogq_D	H	109	FES	2
4ogq_D	C	125	FES	2
4ogq_D	H	128	FES	2
4oj6_B	H	24	ZN	1
4ok5_A	D	270	CA	0
4ok5_A	E	280	CA	0
4oko_D	H	85	ZN	1
4oko_D	H	170	ZN	1
4oko_D	E	88	ZN	1
4ols_D	H	52	ZN	1
4ols_D	C	170	ZN	1
4ols_D	H	162	ZN	1
4omf_B	C	133	SF4	2
4omf_B	C	103	SF4	2
4omf_B	C	194	SF4	2
4omf_B	C	191	SF4	2
4omf_G	C	170	SF4	2
4omf_G	D	59	SF4	2
4omf_G	C	131	SF4	2
4omf_G	C	56	SF4	2
4omf_G	C	254	SF4	2
4omf_G	C	251	SF4	2
4omf_G	C	229	SF4	2
4omf_G	C	248	SF4	2
4omf_G	C	222	SF4	2
4omf_G	C	258	SF4	2
4omf_G	C	225	SF4	2
4omf_G	C	219	SF4	2
4on1_B	D	175	ZN	1
4on1_B	H	337	ZN	1
4on1_B	H	333	ZN	1
4on1_B	H	343	ZN	1
4onx_D	E	66	ZN	1
4onx_D	H	70	ZN	1
4op4_B	E	137	ZN	1
4op4_B	H	240	ZN	1
4op4_B	D	102	ZN	1
4op4_B	E	165	ZN	1
4op4_B	H	69	ZN	1
4or5_H	C	21	ZN	1
4or5_H	C	33	ZN	1
4or5_H	H	32	ZN	1
4or5_H	C	36	ZN	1
4or5_H	C	26	ZN	1
4or5_H	C	24	ZN	1
4or5_H	C	29	ZN	1
4ou9_D	H	483	FE	1
4ou9_D	H	303	FE	1
4ou9_D	H	237	FE	1
4ou9_D	H	182	FE	1
4ovy_A	D	41	CA	0
4ovy_A	D	43	CA	0
4owf_G	C	20	ZN	1
4owf_G	C	9	ZN	1
4owf_G	C	6	ZN	1
4owf_G	C	23	ZN	1
4oxd_B	H	155	ZN	1
4oxd_B	D	108	ZN	1
4oxd_B	H	101	ZN	1
4oxd_B	D	132	ZN	1
4oxd_B	H	129	ZN	1
4oxd_B	H	63	ZN	1
4oxd_B	D	62	ZN	1
4oxd_B	D	33	ZN	1
4oxd_B	D	10	ZN	1
4oyx_A	D	99	CA	0
4oyx_A	D	47	CA	0
4p02_B	E	236	MG	0
4p0p_A	D	28	MG	0
4p0p_A	E	31	MG	0
4p0p_A	D	61	MG	0
4p53_A	E	218	ZN	1
4p53_A	H	289	ZN	1
4p53_A	H	305	ZN	1
4p5w_B	D	91	CA	0
4p5w_B	E	98	CA	0
4p5w_B	D	87	CA	0
4p5x_A	E	79	CA	0
4p5x_A	D	72	CA	0
4p5x_A	D	68	CA	0
4p99_C	E	334	CA	0
4p99_C	D	419	CA	0
4p99_C	D	332	CA	0
4p99_C	D	200	CA	0
4p99_C	E	269	CA	0
4p99_C	D	36	CA	0
4p99_C	E	43	CA	0
4p99_C	D	211	CA	0
4p99_C	E	126	CA	0
4p99_C	D	124	CA	0
4p99_C	D	140	CA	0
4p99_C	E	147	CA	0
4p99_C	E	230	CA	0
4p99_C	D	228	CA	0
4p99_C	D	315	CA	0
4p99_C	E	251	CA	0
4p99_C	D	244	CA	0
4p99_C	D	96	CA	0
4p99_C	D	348	CA	0
4p99_C	E	355	CA	0
4paw_B	H	38	ZN	1
4paw_B	C	206	ZN	1
4paw_B	H	46	ZN	1
4paw_B	C	209	ZN	1
4pbp_C	D	141	CA	0
4pbp_C	D	143	CA	0
4pbp_C	D	62	CA	0
4pcw_D	E	33	CA	0
4pcw_D	E	74	CA	0
4pcw_D	D	65	CA	0
4pcw_D	D	63	CA	0
4pdn_A	H	62	MG	0
4pdn_A	E	97	MG	0
4pdn_A	H	58	MG	0
4pe3_A	D	212	ZN	1
4pe3_A	E	154	ZN	1
4pel_G	E	177	CA	0
4pem_A	E	177	CA	0
4peu_A	D	219	CA	0
4peu_A	D	247	CA	0
4peu_A	D	251	CA	0
4peu_A	D	248	CA	0
4peu_A	D	157	CA	0
4pfy_B	D	346	MG	0
4pfy_B	E	350	MG	0
4pfy_B	D	342	MG	0
4pib_H	D	115	CA	0
4pj2_A	D	71	MG	0
4pj2_A	D	67	MG	0
4pj2_A	E	75	MG	0
4pkf_B	C	66	SF4	2
4pkf_B	C	25	SF4	2
4pkf_B	C	28	SF4	2
4pkf_B	C	43	SF4	2
4pkh_J	E	72	CA	0
4pkh_J	D	41	CA	0
4pki_G	E	72	CA	0
4pki_G	D	41	CA	0
4pkq_A	E	473	ZN	1
4pkq_A	H	428	ZN	1
4pkq_A	H	424	ZN	1
4pl2_B	C	108	SF4	2
4pl2_B	C	112	SF4	2
4pl2_B	C	115	SF4	2
4pmx_A	E	42	CA	0
4pmx_A	E	93	CA	0
4pmx_A	D	46	CA	0
4ppt_A	H	28	NI	1
4ppt_A	H	109	NI	1
4pq9_B	D	251	MG	0
4pq9_B	E	33	MG	0
4pxy_B	H	30	ZN	1
4pxy_B	H	216	ZN	1
4pxy_B	H	102	ZN	1
4pxy_B	E	160	ZN	1
4pyj_A	D	168	MG	0
4pyj_A	E	201	MG	0
4pyj_A	D	140	MG	0
4pys_B	C	259	ZN	1
4pys_B	C	300	ZN	1
4pys_B	C	303	ZN	1
4pys_B	C	241	ZN	1
4q0w_B	D	193	CA	0
4q0w_B	D	191	CA	0
4q0w_B	E	172	CA	0
4q29_A	H	89	NI	1
4q29_A	H	51	NI	1
4q29_A	E	55	NI	1
4q29_A	H	49	NI	1
4q2c_A	D	103	NI	1
4q2c_A	H	175	NI	1
4q2c_A	H	142	NI	1
4q2c_A	H	176	NI	1
4q3c_D	E	245	MG	0
4q3z_A	E	183	CO	1
4q3z_A	H	142	CO	1
4q3z_A	H	137	CO	1
4q6o_A	H	126	CA	0
4q6o_A	E	47	CA	0
4q6o_A	E	394	CA	0
4q8g_B	C	303	ZN	1
4q8g_B	H	252	ZN	1
4q8g_B	D	251	ZN	1
4q8g_B	C	250	ZN	1
4q8k_A	D	241	CA	0
4q8k_A	D	249	CA	0
4qaw_D	E	408	CA	0
4qaw_D	E	406	CA	0
4qaw_D	D	522	CA	0
4qaw_D	E	517	CA	0
4qbo_A	D	33	MG	0
4qbo_A	E	5	MG	0
4qbo_A	E	46	MG	0
4qdc_A	H	74	FES	2
4qdc_A	C	91	FES	2
4qdc_A	H	94	FES	2
4qdc_A	C	72	FES	2
4qdc_A	D	310	FE	1
4qdc_A	H	186	FE	1
4qdc_A	H	191	FE	1
4qdg_B	H	123	MG	0
4qdg_B	D	35	MG	0
4qdg_B	C	85	MG	0
4qdg_B	C	36	MG	0
4qdg_B	E	275	MG	0
4qge_B	H	291	ZN	1
4qge_B	D	292	ZN	1
4qge_B	H	255	ZN	1
4qge_B	D	401	ZN	1
4qgp_B	E	44	MG	0
4qgp_B	E	75	MG	0
4qgp_B	D	78	MG	0
4qgp_B	E	47	MG	0
4qgs_A	H	277	ZN	1
4qgs_A	D	204	ZN	1
4qgs_A	H	291	ZN	1
4qgs_A	H	208	ZN	1
4qhf_A	H	72	NI	1
4qhf_A	H	68	NI	1
4qhf_A	H	79	NI	1
4qhz_D	E	127	MG	0
4qjb_B	D	245	MG	0
4qjb_B	D	34	MG	0
4qjb_B	D	36	MG	0
4qkd_C	E	46	MN	1
4qkd_C	H	49	MN	1
4qkd_C	E	59	MN	1
4ql5_B	E	25	ZN	1
4ql5_B	E	8	ZN	1
4qn1_A	H	231	ZN	1
4qn1_A	C	242	ZN	1
4qn1_A	C	245	ZN	1
4qn1_A	C	230	ZN	1
4qpb_B	H	115	ZN	1
4qpb_B	D	36	ZN	1
4qpb_B	H	32	ZN	1
4qpj_B	E	128	CA	0
4qpl_C	C	30	ZN	1
4qpl_C	C	10	ZN	1
4qpl_C	C	27	ZN	1
4qpl_C	C	7	ZN	1
4qpl_C	C	44	ZN	1
4qpl_C	H	24	ZN	1
4qpl_C	C	41	ZN	1
4qpl_C	C	22	ZN	1
4qql_E	D	88	MG	0
4qql_E	D	92	MG	0
4qqr_A	H	81	ZN	1
4qqr_A	D	76	ZN	1
4qqr_A	C	78	ZN	1
4qtg_B	E	40	MN	1
4qtg_B	D	335	MN	1
4qtg_B	H	209	MN	1
4qtq_A	D	97	CA	0
4qtq_A	H	103	CA	0
4qtq_A	D	101	CA	0
4qtq_A	D	105	CA	0
4qu6_A	D	8	CA	0
4qu6_A	D	94	CA	0
4qvu_A	C	177	ZN	1
4qvu_A	E	180	ZN	1
4qvu_A	H	152	ZN	1
4r12_A	C	527	CA	0
4r12_A	D	524	CA	0
4r1d_A	E	151	CA	0
4r1d_A	D	155	CA	0
4r1d_A	D	202	CA	0
4r1p_F	H	348	MN	1
4r1p_F	H	447	MN	1
4r1p_F	E	306	MN	1
4r1p_F	E	331	MN	1
4r2y_D	C	27	ZN	1
4r2y_D	C	20	ZN	1
4r2y_D	H	41	ZN	1
4r2y_D	C	17	ZN	1
4r2y_D	C	6	ZN	1
4r2y_D	C	9	ZN	1
4r2y_D	H	39	ZN	1
4r2y_D	C	42	ZN	1
4r2y_D	C	59	ZN	1
4r2y_D	H	36	ZN	1
4r2y_D	C	34	ZN	1
4r2y_D	C	56	ZN	1
4r42_C	E	34	MN	1
4r42_C	E	64	MN	1
4r42_C	E	162	MN	1
4r42_C	H	67	MN	1
4r42_C	E	132	MN	1
4r42_C	H	165	MN	1
4r42_C	D	59	CA	0
4r42_C	D	55	CA	0
4r52_A	E	56	FE	1
4r52_A	H	94	FE	1
4r52_A	H	50	FE	1
4r52_A	C	124	FE	1
4r52_A	C	127	FE	1
4r52_A	C	164	FE	1
4r52_A	C	161	FE	1
4r60_B	H	331	MN	1
4r60_B	D	262	MN	1
4r60_B	E	374	MN	1
4r60_B	E	360	MN	1
4r60_B	D	251	MN	1
4r7o_E	E	47	MG	0
4r7o_E	D	49	MG	0
4r7o_E	E	129	MG	0
4r7o_E	D	67	MG	0
4r8z_B	H	130	NI	1
4r8z_B	H	131	NI	1
4r8z_B	H	98	NI	1
4r8z_B	D	70	NI	1
4r8z_B	H	29	NI	1
4r8z_B	H	69	NI	1
4r9x_A	E	189	CA	0
4rab_A	E	132	MG	0
4rab_A	D	133	MG	0
4rag_A	D	280	MN	1
4rag_A	D	237	MN	1
4rag_A	D	58	MN	1
4rap_L	C	341	FE	1
4rap_L	C	338	FE	1
4rap_L	C	357	FE	1
4rap_L	C	369	FE	1
4rc6_A	H	134	FE	1
4rc6_A	E	102	FE	1
4rc6_A	E	131	FE	1
4rc6_A	E	47	FE	1
4rc6_A	E	19	FE	1
4rc6_A	H	50	FE	1
4rck_B	D	131	MG	0
4rfu_B	D	61	CA	0
4rfu_B	D	59	CA	0
4rgp_A	E	43	CA	0
4rgp_A	E	46	CA	0
4rgp_A	D	206	CA	0
4rgp_A	D	128	CA	0
4rgp_A	D	135	CA	0
4rgv_B	D	180	MG	0
4rgv_B	H	258	ZN	1
4rgv_B	H	279	ZN	1
4rhm_C	D	245	MN	1
4rhm_C	H	170	MN	1
4rhm_C	D	243	MN	1
4rhm_C	D	168	MN	1
4ric_B	E	596	CA	0
4ric_B	D	581	CA	0
4rkh_F	C	25	ZN	1
4rkh_F	C	20	ZN	1
4rkh_F	C	6	ZN	1
4rkh_F	C	8	ZN	1
4rkh_F	C	42	ZN	1
4rkh_F	C	39	ZN	1
4rkh_F	C	34	ZN	1
4rkh_F	C	37	ZN	1
4rkh_F	C	27	ZN	1
4rn3_B	D	16	MG	0
4rn3_B	D	173	MG	0
4rn3_B	D	18	MG	0
4rnz_A	D	222	ZN	1
4rnz_A	H	300	ZN	1
4rnz_A	E	33	ZN	1
4rnz_A	H	218	ZN	1
4rqo_B	C	413	SF4	2
4rqo_B	C	475	SF4	2
4rqo_B	C	360	SF4	2
4rqo_B	C	402	SF4	2
4rqw_A	D	50	CA	0
4rqw_A	E	80	CA	0
4rr1_B	H	319	NI	1
4rr1_B	H	317	NI	1
4rr1_B	H	314	NI	1
4rsr_A	D	206	CA	0
4rsr_A	E	366	CA	0
4rtz_A	H	2	NI	1
4ru5_C	D	269	CA	0
4ru5_C	E	270	CA	0
4rul_A	C	603	ZN	1
4rul_A	C	620	ZN	1
4rul_A	C	631	ZN	1
4rul_A	C	600	ZN	1
4rul_A	C	690	ZN	1
4rul_A	C	684	ZN	1
4rul_A	C	666	ZN	1
4rul_A	C	663	ZN	1
4rul_A	C	737	ZN	1
4rul_A	C	715	ZN	1
4rul_A	C	732	ZN	1
4rul_A	C	712	ZN	1
4rus_A	E	169	CA	0
4rus_A	D	13	CA	0
4rus_A	D	81	CA	0
4rus_A	D	6	MG	0
4ruw_A	D	99	ZN	1
4ruw_A	H	106	ZN	1
4ruw_A	H	136	ZN	1
4ruw_A	H	97	ZN	1
4rzx_A	H	66	NI	1
4rzx_A	H	45	NI	1
4s1c_D	H	110	FE	1
4s1c_D	H	86	FE	1
4s1c_D	D	50	FE	1
4s1c_D	H	111	FE	1
4s1c_D	H	49	FE	1
4s1c_D	D	154	FE	1
4s1c_D	H	20	FE	1
4s2a_A	C	562	SF4	2
4s2a_A	C	565	SF4	2
4s2a_A	C	570	SF4	2
4s39_A	C	299	SF4	2
4s39_A	C	342	SF4	2
4s39_A	C	296	SF4	2
4s3o_E	C	52	ZN	1
4s3o_E	C	55	ZN	1
4s3o_E	C	76	ZN	1
4s3o_E	C	73	ZN	1
4s3o_E	C	68	ZN	1
4s3o_E	C	88	ZN	1
4s3o_E	C	91	ZN	1
4s3o_E	H	70	ZN	1
4s3o_F	C	41	ZN	1
4s3o_F	C	38	ZN	1
4s3o_F	C	17	ZN	1
4s3o_F	C	20	ZN	1
4s3o_F	C	33	ZN	1
4s3o_F	C	55	ZN	1
4s3o_F	H	35	ZN	1
4s3o_F	C	52	ZN	1
4sgb_E	D	83	CA	0
4tkp_B	C	59	ZN	1
4tkp_B	C	56	ZN	1
4tkp_B	C	30	ZN	1
4tkp_B	H	32	ZN	1
4tkp_B	C	35	ZN	1
4tkp_B	C	38	ZN	1
4tkp_B	C	18	ZN	1
4tkp_B	C	15	ZN	1
4toi_A	D	207	ZN	1
4toi_A	D	206	ZN	1
4toi_A	H	20	ZN	1
4toi_A	D	190	ZN	1
4tpu_A	C	81	SF4	2
4tpu_A	C	68	SF4	2
4tpu_A	C	83	SF4	2
4tpu_A	C	49	SF4	2
4tpu_A	C	66	SF4	2
4tpu_A	C	160	FE	1
4tpu_A	C	144	FE	1
4tpu_A	C	157	FE	1
4tpu_A	C	141	FE	1
4tr2_B	D	296	CA	0
4tr2_B	D	340	CA	0
4tr2_B	E	144	CA	0
4tr2_B	D	368	CA	0
4tr2_B	E	351	CA	0
4tr2_B	D	361	CA	0
4tr2_B	D	359	CA	0
4tr2_B	D	360	CA	0
4tr2_B	D	367	CA	0
4tsd_B	H	144	ZN	1
4tsd_B	D	85	ZN	1
4tsd_B	H	80	ZN	1
4tsr_A	D	89	NI	1
4tsr_A	D	87	NI	1
4tsr_A	H	302	NI	1
4tsr_A	D	324	NI	1
4tsr_A	H	249	NI	1
4tvr_A	C	218	ZN	1
4tvr_A	C	229	ZN	1
4tvr_A	C	215	ZN	1
4tvr_A	C	226	ZN	1
4tvr_A	H	254	ZN	1
4tvr_A	C	234	ZN	1
4tvr_A	C	231	ZN	1
4tvr_A	C	257	ZN	1
4tvr_A	C	246	ZN	1
4tvr_A	C	249	ZN	1
4tvr_A	C	273	ZN	1
4tx8_A	D	217	CA	0
4tx8_A	E	219	CA	0
4txa_A	D	52	ZN	1
4txa_A	C	32	ZN	1
4txa_A	C	49	ZN	1
4txa_A	H	34	ZN	1
4txa_A	C	37	ZN	1
4txa_A	C	16	ZN	1
4txa_A	C	13	ZN	1
4txd_A	D	164	ZN	1
4txd_A	C	167	ZN	1
4txd_A	C	145	ZN	1
4txd_A	C	170	ZN	1
4txw_A	E	156	CA	0
4txw_A	D	26	CA	0
4txw_A	D	28	CA	0
4txw_A	D	72	CA	0
4txw_A	D	92	CA	0
4u06_A	E	145	ZN	1
4u0o_B	C	47	SF4	2
4u0o_B	C	36	SF4	2
4u0o_B	C	41	SF4	2
4u10_B	D	74	ZN	1
4u10_B	H	143	ZN	1
4u10_B	H	148	ZN	1
4u5p_A	D	105	MG	0
4u65_F	D	60	CA	0
4u65_F	D	83	CA	0
4u65_F	D	86	CA	0
4u65_F	E	85	CA	0
4u65_F	D	68	CA	0
4u6d_B	E	62	CA	0
4u6d_B	D	373	CA	0
4u7t_C	C	46	ZN	1
4u7t_C	C	26	ZN	1
4u7t_C	C	29	ZN	1
4u7t_C	C	49	ZN	1
4u7t_C	C	91	ZN	1
4u7t_C	C	69	ZN	1
4u7t_C	C	94	ZN	1
4u7t_C	C	72	ZN	1
4u7t_C	C	115	ZN	1
4u7t_C	C	81	ZN	1
4u7t_C	C	118	ZN	1
4u7t_C	C	86	ZN	1
4u8h_D	C	118	ZN	1
4u8h_D	C	115	ZN	1
4u9d_A	E	85	ZN	1
4u9d_A	H	99	ZN	1
4u9d_A	H	88	ZN	1
4u9d_A	H	62	ZN	1
4u9d_A	D	73	ZN	1
4u9d_A	H	72	ZN	1
4u9d_A	H	76	ZN	1
4u9h_S	C	111	SF4	2
4u9h_S	C	17	SF4	2
4u9h_S	C	147	SF4	2
4u9h_S	C	14	SF4	2
4u9h_S	C	213	SF4	2
4u9h_S	C	188	SF4	2
4u9h_S	C	219	SF4	2
4u9h_S	H	185	SF4	2
4u9h_S	C	228	F3S	2
4u9h_S	C	249	F3S	2
4u9h_S	C	246	F3S	2
4uap_B	E	143	CA	0
4uap_B	D	25	CA	0
4uav_A	D	10	MG	0
4uav_A	D	8	MG	0
4uav_A	D	184	MG	0
4uci_B	H	167	ZN	1
4uci_B	C	206	ZN	1
4uci_B	H	199	ZN	1
4uci_B	C	203	ZN	1
4udm_B	E	61	CA	0
4udm_B	E	59	CA	0
4udm_B	D	54	CA	0
4udm_B	E	52	CA	0
4ueg_B	D	101	MG	0
4ueg_B	H	211	MG	0
4ueg_B	D	103	MG	0
4ufc_B	E	701	CA	0
4ufc_B	E	593	CA	0
4ufc_B	E	702	CA	0
4ufc_B	E	61	CA	0
4uj7_A	E	196	CA	0
4uj7_A	E	161	CA	0
4uj7_A	D	164	CA	0
4up4_B	D	350	CA	0
4up4_B	D	346	CA	0
4up4_B	C	348	CA	0
4up4_B	D	342	CA	0
4up4_B	D	236	CA	0
4up4_B	D	232	CA	0
4up4_B	D	240	CA	0
4up4_B	D	176	CA	0
4up4_B	D	180	CA	0
4up4_B	D	184	CA	0
4upl_C	D	342	ZN	1
4upl_C	C	65	ZN	1
4upl_C	D	25	ZN	1
4upl_C	H	343	ZN	1
4usa_A	C	47	FES	2
4usa_A	C	39	FES	2
4usa_A	C	59	FES	2
4usa_A	C	44	FES	2
4usa_A	C	102	FES	2
4usa_A	C	99	FES	2
4usa_A	C	138	FES	2
4usa_A	C	136	FES	2
4usl_A	E	123	CA	0
4usl_A	D	112	CA	0
4usl_A	D	114	CA	0
4usl_A	E	52	CA	0
4usl_A	D	45	CA	0
4usl_A	D	82	CA	0
4usl_A	E	93	CA	0
4usl_A	D	84	CA	0
4uvq_A	E	66	ZN	1
4uvq_A	H	176	ZN	1
4uvq_A	H	179	ZN	1
4uxa_T	H	95	MN	1
4uxa_T	H	54	MN	1
4uxa_T	H	52	MN	1
4uxa_T	H	93	MN	1
4uyq_A	D	4	CA	0
4uyq_A	D	135	CA	0
4uzg_A	E	207	CA	0
4v1t_B	C	313	ZN	1
4v1t_B	C	202	ZN	1
4v1t_B	C	310	ZN	1
4v1t_B	C	205	ZN	1
4v1x_F	H	295	FE	1
4v1x_F	H	87	FE	1
4v1x_F	D	346	FE	1
4v1x_F	H	85	FE	1
4v29_B	D	86	CA	0
4v29_B	D	33	CA	0
4v29_B	D	84	CA	0
4v29_B	D	38	CA	0
4v29_B	H	85	CA	0
4v29_B	D	92	CA	0
4v3l_C	C	52	ZN	1
4v3l_C	C	26	ZN	1
4v3l_C	C	29	ZN	1
4v3l_C	H	49	ZN	1
4v3l_C	C	44	ZN	1
4v3l_C	C	66	ZN	1
4v3l_C	C	63	ZN	1
4v3l_C	H	46	ZN	1
4v3q_A	E	105	CA	0
4v3q_A	E	147	CA	0
4v3q_A	E	63	CA	0
4v3q_A	E	189	CA	0
4v4e_X	C	148	SF4	2
4v4e_X	C	15	SF4	2
4v4e_X	C	18	SF4	2
4v4e_X	C	12	SF4	2
4v4e_X	C	125	SF4	2
4v4e_X	C	128	SF4	2
4v4e_X	C	22	SF4	2
4v4e_X	C	144	SF4	2
4v4e_X	C	75	SF4	2
4v4e_X	C	70	SF4	2
4v4e_X	C	67	SF4	2
4v4e_X	C	108	SF4	2
4v4m_U	D	194	CA	0
4v4m_U	E	25	CA	0
4v4m_U	D	55	CA	0
4v88_Cd	C	41	ZN	1
4v88_Cd	C	20	ZN	1
4v88_Cd	C	23	ZN	1
4v88_Cd	C	38	ZN	1
4w1t_A	H	195	CU	1
4w1t_A	H	257	CU	1
4w1t_A	C	252	CU	1
4w1t_A	H	251	CU	1
4w1t_A	H	122	CU	1
4w1t_A	H	200	CU	1
4w1t_A	H	253	CU	1
4w1t_A	H	120	CU	1
4w1t_A	H	68	CU	1
4w2f_BS	D	87	MG	0
4w2g_BD	D	84	MG	0
4w8y_B	C	467	ZN	1
4w8y_B	C	464	ZN	1
4w8y_B	C	494	ZN	1
4w8y_B	C	497	ZN	1
4w8y_B	H	223	MN	1
4w8y_B	D	30	MN	1
4w8y_B	H	29	MN	1
4w8y_B	H	41	MN	1
4w8y_B	E	710	MN	1
4w8y_B	E	716	MN	1
4w8y_B	E	672	MN	1
4wa0_A	D	238	MG	0
4wa0_A	E	274	MG	0
4wai_D	C	49	ZN	1
4wai_D	C	110	ZN	1
4wai_D	C	47	ZN	1
4wai_D	C	52	ZN	1
4wbq_B	E	15	CA	0
4wbq_B	D	13	CA	0
4wbq_B	H	120	CA	0
4wbq_B	D	125	CA	0
4wbr_D	C	38	CU	1
4wbr_D	H	122	CU	1
4wbr_D	C	34	CU	1
4wcj_A	D	98	ZN	1
4wcj_A	H	161	ZN	1
4wcj_A	H	156	ZN	1
4wd1_A	E	544	CA	0
4wd7_B	E	193	ZN	1
4wd7_B	D	192	ZN	1
4wd7_B	H	196	ZN	1
4wd7_B	H	110	ZN	1
4wd7_B	H	113	ZN	1
4wd7_B	H	292	ZN	1
4wes_B	D	304	FE	1
4wes_B	E	61	FE	1
4wes_B	D	300	FE	1
4wff_A	D	248	CA	0
4wff_A	D	114	CA	0
4wff_A	E	57	CA	0
4wff_A	D	99	CA	0
4wfo_A	H	708	MN	1
4wfo_A	H	517	MN	1
4wfo_A	H	522	MN	1
4wh5_A	D	46	MG	0
4wh5_A	D	48	MG	0
4whp_F	H	161	FE	1
4whp_F	H	159	FE	1
4wiw_F	D	127	CA	0
4wiw_F	D	133	CA	0
4wiw_F	D	130	CA	0
4wk0_B	E	228	MG	0
4wk0_B	D	136	CA	0
4wk0_B	D	137	CA	0
4wk0_B	E	168	CA	0
4wk0_B	D	225	CA	0
4wkz_A	D	180	CA	0
4wkz_A	D	184	CA	0
4wkz_A	D	204	CA	0
4wkz_A	D	123	CA	0
4wkz_A	D	125	CA	0
4wkz_A	D	134	CA	0
4wlm_B	D	140	MN	1
4wlm_B	H	295	MN	1
4wlm_B	D	138	MN	1
4wmq_B	D	125	CA	0
4wmq_B	H	78	CA	0
4wmq_B	D	274	CA	0
4wmq_B	E	79	CA	0
4wmq_B	D	90	CA	0
4wmq_B	D	81	CA	0
4wmq_B	E	266	CA	0
4wmq_B	E	254	CA	0
4wok_A	E	196	ZN	1
4wok_A	H	193	ZN	1
4wok_A	H	198	ZN	1
4wok_A	E	191	ZN	1
4wqf_AF	H	74	MG	0
4wr2_A	D	33	CA	0
4wr2_A	D	264	CA	0
4wr2_A	D	38	CA	0
4wr9_A	D	134	CA	0
4wr9_A	E	114	CA	0
4wr9_A	E	121	CA	0
4wr9_A	D	90	CA	0
4wrr_D	D	218	MG	0
4wsq_A	H	156	ZN	1
4wsq_A	H	160	ZN	1
4wsq_A	D	157	ZN	1
4wvz_D	H	90	FE	1
4wvz_D	H	141	FE	1
4wvz_D	H	88	FE	1
4wz9_B	H	348	ZN	1
4wz9_B	E	371	ZN	1
4wz9_B	H	352	ZN	1
4wzi_B	D	365	ZN	1
4wzi_B	D	482	ZN	1
4wzi_B	H	364	ZN	1
4wzi_B	H	328	ZN	1
4x33_A	C	26	FE	1
4x33_A	C	24	FE	1
4x33_A	C	46	FE	1
4x33_A	C	49	FE	1
4x36_A	D	148	ZN	1
4x36_A	H	25	ZN	1
4x36_A	H	132	ZN	1
4x3k_B	E	5	NI	1
4x3k_B	H	44	NI	1
4x3k_B	H	2	NI	1
4x3n_C	E	154	CA	0
4x3n_C	D	147	CA	0
4x3n_C	D	143	CA	0
4x7y_B	D	208	MG	0
4x7y_B	D	236	MG	0
4x7y_B	D	235	MG	0
4x8b_B	H	51	FE	1
4x8b_B	H	134	FE	1
4x8b_B	H	138	FE	1
4xaa_A	D	126	NI	1
4xaa_A	H	124	NI	1
4xaa_A	H	195	NI	1
4xb6_H	C	243	ZN	1
4xb6_H	C	271	ZN	1
4xb6_H	C	240	ZN	1
4xb6_H	C	265	ZN	1
4xba_B	C	170	ZN	1
4xba_B	H	184	ZN	1
4xba_B	E	188	ZN	1
4xba_B	C	167	ZN	1
4xbz_F	H	243	NI	1
4xbz_F	H	159	NI	1
4xbz_F	D	161	NI	1
4xch_D	H	90	ZN	1
4xch_D	H	94	ZN	1
4xch_D	C	160	ZN	1
4xd2_B	C	173	ZN	1
4xd2_B	C	45	ZN	1
4xd2_B	H	66	ZN	1
4xd2_B	C	96	ZN	1
4xd2_B	C	102	ZN	1
4xd2_B	C	110	ZN	1
4xd2_B	C	99	ZN	1
4xea_A	E	135	NI	1
4xea_A	H	60	NI	1
4xea_A	H	64	NI	1
4xed_A	D	35	CA	0
4xed_A	D	4	CA	0
4xed_A	D	31	CA	0
4xed_A	D	81	CA	0
4xga_A	D	226	CA	0
4xga_A	D	228	CA	0
4xga_A	D	192	CA	0
4xgl_A	C	143	ZN	1
4xgl_A	C	146	ZN	1
4xgl_A	C	373	ZN	1
4xgl_A	H	352	ZN	1
4xgw_D	D	279	CA	0
4xgw_D	D	282	CA	0
4xhe_B	D	6	CA	0
4xhe_B	D	5	CA	0
4xhz_A	D	139	CA	0
4xhz_A	D	137	CA	0
4xhz_A	D	195	CA	0
4xhz_A	D	103	CA	0
4xhz_A	E	68	CA	0
4xhz_A	D	106	CA	0
4xhz_A	E	15	CA	0
4xhz_A	D	66	CA	0
4xi6_A	C	105	ZN	1
4xi6_A	C	81	ZN	1
4xi6_A	C	102	ZN	1
4xi6_A	C	78	ZN	1
4xi6_A	C	96	ZN	1
4xi6_A	C	93	ZN	1
4xi6_A	H	115	ZN	1
4xi6_A	H	111	ZN	1
4xj5_A	D	130	MG	0
4xj5_A	D	132	MG	0
4xj5_A	D	192	MG	0
4xkl_D	C	8	ZN	1
4xkl_D	H	26	ZN	1
4xkl_D	H	30	ZN	1
4xkl_D	C	11	ZN	1
4xnv_A	C	251	ZN	1
4xnv_A	C	254	ZN	1
4xnv_A	C	284	ZN	1
4xnv_A	C	287	ZN	1
4xpx_A	H	79	FE	1
4xpx_A	D	120	FE	1
4xpx_A	H	75	FE	1
4xpx_A	H	115	FE	1
4xpx_A	E	60	FE	1
4xpx_A	H	56	FE	1
4xpx_A	H	20	FE	1
4xuo_B	E	149	CA	0
4xuo_B	D	148	CA	0
4xuo_B	E	16	CA	0
4xup_F	D	148	CA	0
4xup_F	E	16	CA	0
4xup_F	D	176	CA	0
4xup_F	E	178	CA	0
4xup_F	D	324	CA	0
4xur_C	D	166	CA	0
4xur_C	E	20	CA	0
4xur_C	D	18	CA	0
4xww_B	D	87	ZN	1
4xww_B	H	88	ZN	1
4xww_B	H	402	ZN	1
4xww_B	H	152	ZN	1
4xww_B	H	83	ZN	1
4xww_B	H	85	ZN	1
4xxf_A	H	116	ZN	1
4xxf_A	H	118	ZN	1
4xxf_A	H	180	ZN	1
4xzp_A	D	91	CA	0
4xzw_A	D	169	CA	0
4xzw_A	D	167	CA	0
4y0h_C	C	125	FES	2
4y0h_C	C	128	FES	2
4y0x_A	C	97	ZN	1
4y0x_A	C	75	ZN	1
4y0x_A	C	100	ZN	1
4y0x_A	C	78	ZN	1
4y1t_A	D	75	CA	0
4y1t_A	D	19	CA	0
4y1t_A	D	73	CA	0
4y1t_A	D	25	CA	0
4y1t_A	D	81	CA	0
4y1t_A	D	79	CA	0
4y2p_A	D	184	MG	0
4y2p_A	D	8	MG	0
4y2p_A	D	10	MG	0
4y4p_2q	D	54	MG	0
4y4p_2q	D	12	MG	0
4y4p_2q	E	48	MG	0
4y7e_A	D	234	CA	0
4y7e_A	E	238	CA	0
4y7e_A	D	267	CA	0
4y7e_A	E	270	CA	0
4y7o_A	D	74	ZN	1
4y7o_A	H	65	ZN	1
4y7o_A	H	110	ZN	1
4y7o_A	E	217	ZN	1
4y8e_B	E	134	CA	0
4y8e_B	E	216	CA	0
4y8e_B	D	159	CA	0
4y8e_B	D	160	CA	0
4y93_A	C	154	ZN	1
4y93_A	C	155	ZN	1
4y93_A	C	165	ZN	1
4y93_A	H	143	ZN	1
4y97_H	C	45	ZN	1
4y97_H	C	21	ZN	1
4y97_H	C	50	ZN	1
4y97_H	C	18	ZN	1
4y97_H	C	88	ZN	1
4y97_H	C	109	ZN	1
4y97_H	C	106	ZN	1
4y97_H	C	83	ZN	1
4ybg_A	C	221	ZN	1
4ybg_A	E	52	ZN	1
4ybg_A	H	212	ZN	1
4ybg_A	C	209	ZN	1
4ydd_E	C	35	SF4	2
4ydd_E	H	31	SF4	2
4ydd_E	C	73	SF4	2
4ydd_E	C	39	SF4	2
4ydd_F	C	169	F3S	2
4ydd_F	C	175	F3S	2
4ydd_F	C	148	F3S	2
4ydd_F	C	139	SF4	2
4ydd_F	C	136	SF4	2
4ydd_F	C	144	SF4	2
4ydd_F	C	179	SF4	2
4ydd_F	C	20	SF4	2
4ydd_F	C	26	SF4	2
4ydd_F	C	23	SF4	2
4ydd_F	C	215	SF4	2
4ydd_F	C	199	SF4	2
4ydd_F	C	211	SF4	2
4ydd_F	C	30	SF4	2
4ydd_F	C	196	SF4	2
4yde_B	C	431	ZN	1
4yde_B	D	429	ZN	1
4yde_B	H	495	ZN	1
4ygb_D	D	40	CA	0
4ygb_D	E	49	CA	0
4ygb_D	D	38	CA	0
4ygb_D	E	97	CA	0
4ygb_D	D	90	CA	0
4ygb_D	D	86	CA	0
4ygs_A	D	6	MG	0
4ygs_A	D	8	MG	0
4ygs_A	D	165	MG	0
4yh8_A	C	26	ZN	1
4yh8_A	H	36	ZN	1
4yh8_A	C	17	ZN	1
4yh8_A	C	32	ZN	1
4yh8_A	C	148	ZN	1
4yh8_A	C	156	ZN	1
4yh8_A	C	162	ZN	1
4yh8_A	H	166	ZN	1
4yhb_B	H	52	ZN	1
4yhb_B	H	264	ZN	1
4yhb_B	H	265	ZN	1
4yki_A	D	109	MG	0
4yki_A	E	212	MG	0
4ymd_E	E	124	CA	0
4ymd_E	D	137	CA	0
4ymd_E	E	116	CA	0
4ymd_E	E	95	CA	0
4ymd_E	D	125	CA	0
4yn0_A	C	110	MG	0
4yn8_A	D	25	MG	0
4ypo_A	E	223	MG	0
4ypo_A	D	187	MG	0
4ypo_A	E	227	MG	0
4ypt_A	C	303	ZN	1
4ypt_A	C	271	ZN	1
4ypt_A	C	305	ZN	1
4ypt_A	C	269	ZN	1
4yu6_B	D	339	ZN	1
4yu6_B	H	333	ZN	1
4yu6_B	H	329	ZN	1
4yu6_B	H	651	CA	0
4yu6_B	D	649	CA	0
4yu6_B	D	674	CA	0
4yu6_B	D	259	CA	0
4yu6_B	D	255	CA	0
4yu6_B	D	238	CA	0
4yu6_B	D	279	CA	0
4yu6_B	D	203	CA	0
4yu6_B	D	209	CA	0
4yu6_B	D	545	CA	0
4yu6_B	D	486	CA	0
4yu6_B	E	482	CA	0
4ywe_G	D	184	CA	0
4ywe_G	D	98	CA	0
4ywe_G	H	249	CA	0
4yx6_B	H	276	CA	0
4yx6_B	E	270	CA	0
4yxp_B	C	250	ZN	1
4yxp_B	C	162	ZN	1
4yxp_B	H	241	ZN	1
4yxp_B	C	245	ZN	1
4yzi_A	H	8	ZN	1
4yzi_A	D	1	ZN	1
4yzi_A	D	103	ZN	1
4yzi_A	H	5	ZN	1
4z0o_A	C	51	ZN	1
4z0o_A	C	40	ZN	1
4z0o_A	C	18	ZN	1
4z0o_A	C	13	ZN	1
4z0z_D	H	92	CU	1
4z0z_D	H	124	CU	1
4z0z_D	H	115	CU	1
4z12_B	H	95	CU	1
4z12_B	H	118	CU	1
4z12_B	H	127	CU	1
4z12_B	H	288	CU	1
4z12_B	H	254	CU	1
4z12_B	H	258	CU	1
4z1d_B	H	203	ZN	1
4z1d_B	E	240	ZN	1
4z1d_B	D	251	ZN	1
4z2a_A	D	5	CA	0
4z2a_A	D	52	CA	0
4z2a_A	D	64	CA	0
4z2a_A	D	69	CA	0
4z2a_A	D	71	CA	0
4z2a_A	E	221	CA	0
4z2a_A	D	191	CA	0
4z2a_A	D	148	CA	0
4z3u_D	C	59	ZN	1
4z3u_D	C	78	ZN	1
4z3u_D	H	174	ZN	1
4z3u_D	C	75	ZN	1
4z3x_H	C	22	SF4	2
4z3x_H	C	19	SF4	2
4z3x_H	C	25	SF4	2
4z3x_H	C	127	SF4	2
4z3x_H	C	115	SF4	2
4z3x_H	C	123	SF4	2
4z3x_H	C	112	SF4	2
4z3x_H	C	29	SF4	2
4z3x_H	C	95	SF4	2
4z3x_H	C	88	SF4	2
4z3x_H	C	72	SF4	2
4z3x_H	C	91	SF4	2
4z4k_B	H	263	ZN	1
4z4k_B	C	240	ZN	1
4z4k_B	H	259	ZN	1
4z4k_B	C	243	ZN	1
4z4k_B	H	290	ZN	1
4z4k_B	H	286	ZN	1
4z4k_B	C	270	ZN	1
4z4k_B	C	267	ZN	1
4z4p_A	C	153	ZN	1
4z4p_A	C	146	ZN	1
4z4p_A	C	148	ZN	1
4z4p_A	C	98	ZN	1
4z60_A	C	19	ZN	1
4z60_A	C	21	ZN	1
4z60_A	C	24	ZN	1
4z60_A	H	269	ZN	1
4z60_A	D	92	ZN	1
4z60_A	H	93	ZN	1
4z6m_D	H	213	FE	1
4z6m_D	H	154	FE	1
4z6m_D	E	266	FE	1
4z8i_A	H	201	ZN	1
4z8i_A	H	92	ZN	1
4z8i_A	C	209	ZN	1
4z8y_B	D	25	ZN	1
4z8y_B	D	148	ZN	1
4z8y_B	H	103	ZN	1
4zdt_C	C	8	ZN	1
4zdt_C	C	5	ZN	1
4zdt_C	C	34	ZN	1
4zdt_C	H	31	ZN	1
4zdt_C	C	21	ZN	1
4zdt_C	C	56	ZN	1
4zdt_C	C	53	ZN	1
4zdt_C	C	26	ZN	1
4zi8_B	D	150	CA	0
4zi8_B	D	152	CA	0
4zi8_B	D	207	CA	0
4zi8_B	D	119	CA	0
4zi8_B	E	84	CA	0
4zi8_B	E	28	CA	0
4zi8_B	D	116	CA	0
4zi8_B	D	82	CA	0
4zi8_B	E	29	CA	0
4zi8_B	D	225	CA	0
4zi8_B	E	194	CA	0
4zi8_B	D	228	CA	0
4zi8_B	E	135	CA	0
4zi8_B	D	261	CA	0
4zi8_B	D	192	CA	0
4zi8_B	D	315	CA	0
4zi8_B	D	259	CA	0
4zk8_A	H	142	CU	1
4zk8_A	H	94	CU	1
4zk8_A	C	134	CU	1
4zkf_A	H	308	MG	0
4zkf_A	D	348	MG	0
4zlh_B	C	320	ZN	1
4zlh_B	C	306	ZN	1
4zlh_B	C	323	ZN	1
4zlh_B	C	309	ZN	1
4zn3_A	H	144	FE	1
4zn3_A	E	89	FE	1
4zn3_A	D	146	FE	1
4zo2_B	H	200	ZN	1
4zo2_B	H	110	ZN	1
4zo2_B	D	221	ZN	1
4zo2_B	H	108	ZN	1
4zo2_B	H	113	ZN	1
4zo2_B	H	268	ZN	1
4zo2_B	D	112	ZN	1
4zr1_B	H	250	ZN	1
4zr1_B	H	231	ZN	1
4zr1_B	H	176	ZN	1
4zr1_B	H	254	ZN	1
4zr1_B	H	235	ZN	1
4zr1_B	H	177	ZN	1
4zr1_B	H	149	ZN	1
4zr1_B	H	154	ZN	1
4zr1_B	H	173	ZN	1
4zr1_B	H	253	ZN	1
4zzi_A	C	212	ZN	1
4zzi_A	C	215	ZN	1
4zzi_A	C	191	ZN	1
4zzi_A	C	188	ZN	1
5a29_A	H	132	MN	1
5a29_A	E	153	MN	1
5a29_A	H	195	MN	1
5a3a_A	C	158	ZN	1
5a3a_A	C	192	ZN	1
5a3a_A	C	154	ZN	1
5a3a_A	C	189	ZN	1
5a3d_B	C	6	ZN	1
5a3d_B	C	25	ZN	1
5a3d_B	C	3	ZN	1
5a3d_B	C	28	ZN	1
5a3p_A	C	403	ZN	1
5a3p_A	H	426	ZN	1
5a3p_A	C	423	ZN	1
5a3p_A	C	400	ZN	1
5a3p_A	C	431	ZN	1
5a3p_A	C	416	ZN	1
5a3p_A	C	414	ZN	1
5a3p_A	C	433	ZN	1
5a3p_A	E	127	MN	1
5a3p_A	E	209	MN	1
5a3p_A	H	207	MN	1
5a3p_A	H	295	MN	1
5a3y_A	E	397	ZN	1
5a3y_A	H	377	ZN	1
5a3y_A	H	373	ZN	1
5a3y_A	E	408	CA	0
5a3y_A	D	369	CA	0
5a3y_A	D	416	CA	0
5a3y_A	E	418	CA	0
5a3y_A	E	421	CA	0
5a3y_A	D	290	CA	0
5a3y_A	D	288	CA	0
5a3y_A	D	431	CA	0
5a89_B	H	142	ZN	1
5a89_B	H	3	ZN	1
5a89_B	D	138	ZN	1
5aa5_M	C	256	SF4	2
5aa5_M	C	230	SF4	2
5aa5_M	C	250	SF4	2
5aa5_M	H	227	SF4	2
5aa5_M	C	287	SF4	2
5aa5_M	C	284	SF4	2
5aa5_M	C	277	SF4	2
5aa5_M	C	263	SF4	2
5aa5_M	C	144	SF4	2
5aa5_M	D	34	SF4	2
5aa5_M	C	185	SF4	2
5aa5_M	C	31	SF4	2
5abd_X	H	15	CU	1
5abd_X	H	91	CU	1
5aeg_B	D	471	CA	0
5aeg_B	D	480	CA	0
5af0_D	C	224	ZN	1
5af0_D	C	212	ZN	1
5af0_D	E	59	ZN	1
5af0_D	H	215	ZN	1
5aja_B	H	80	ZN	1
5aja_B	C	85	ZN	1
5aja_B	H	37	ZN	1
5al9_A	E	35	CA	0
5al9_A	E	58	CA	0
5am9_C	H	360	ZN	1
5am9_C	H	364	ZN	1
5am9_C	E	388	ZN	1
5am9_C	D	353	CA	0
5am9_C	E	261	CA	0
5anz_A	D	217	CA	0
5anz_A	D	232	CA	0
5anz_A	D	221	CA	0
5anz_A	D	219	CA	0
5aun_A	C	72	ZN	1
5aun_A	C	75	ZN	1
5aun_A	C	109	ZN	1
5aun_A	C	112	ZN	1
5avn_B	E	215	MN	1
5avn_B	D	255	MN	1
5avn_B	D	253	MN	1
5avn_B	H	218	MN	1
5avn_B	E	179	CA	0
5avn_B	D	243	CA	0
5avn_B	D	285	CA	0
5axm_B	D	20	MG	0
5axm_B	D	68	MG	0
5aym_A	D	23	FE	1
5aza_A	E	452	CA	0
5aza_A	E	694	CA	0
5b0h_B	D	40	ZN	1
5b0h_B	H	121	ZN	1
5b0h_B	H	36	ZN	1
5b3h_F	C	35	ZN	1
5b3h_F	H	50	ZN	1
5b3h_F	C	54	ZN	1
5b3h_F	C	37	ZN	1
5b3h_F	C	11	ZN	1
5b3h_F	H	24	ZN	1
5b3h_F	C	8	ZN	1
5b3h_F	C	28	ZN	1
5b5x_A	C	166	ZN	1
5b5x_A	C	82	ZN	1
5b5x_A	H	142	ZN	1
5b78_A	C	91	ZN	1
5b78_A	C	117	ZN	1
5b78_A	C	88	ZN	1
5b78_A	C	114	ZN	1
5b78_A	C	75	ZN	1
5b78_A	H	96	ZN	1
5b78_A	C	99	ZN	1
5b78_A	C	72	ZN	1
5b78_A	H	45	ZN	1
5b78_A	C	19	ZN	1
5b78_A	C	48	ZN	1
5b78_A	C	16	ZN	1
5b78_A	C	66	ZN	1
5b78_A	C	40	ZN	1
5b78_A	C	69	ZN	1
5b78_A	C	37	ZN	1
5b7y_B	E	168	CO	1
5b7y_B	D	201	CO	1
5b7y_B	H	227	CO	1
5b7y_B	E	262	CO	1
5bkn_K	E	43	MG	0
5bpj_A	D	49	MG	0
5bpj_A	D	47	MG	0
5bpj_A	D	45	MG	0
5bpj_A	E	56	MG	0
5bpj_A	D	137	MG	0
5bpj_A	D	141	MG	0
5bpj_A	D	139	MG	0
5bpj_A	E	148	MG	0
5bpj_A	E	179	MG	0
5bpj_A	E	182	MG	0
5bpj_A	D	173	MG	0
5bpj_A	D	171	MG	0
5bqt_B	E	139	CA	0
5buo_A	H	138	ZN	1
5buo_A	H	19	ZN	1
5buo_A	H	88	ZN	1
5by0_A	D	293	MG	0
5by0_A	D	255	MG	0
5bz0_A	C	219	ZN	1
5bz0_A	C	184	ZN	1
5bz0_A	C	182	ZN	1
5bz0_A	C	216	ZN	1
5c0q_C	H	447	ZN	1
5c0q_C	E	333	ZN	1
5c0q_C	H	160	ZN	1
5c0q_C	D	116	ZN	1
5c0q_C	H	164	ZN	1
5c0q_C	E	326	ZN	1
5c0q_C	E	329	ZN	1
5c0u_B	C	95	CU	1
5c0u_B	C	158	CU	1
5c11_A	C	2	ZN	1
5c11_A	C	32	ZN	1
5c11_A	H	29	ZN	1
5c11_A	C	7	ZN	1
5c11_A	C	50	ZN	1
5c11_A	C	24	ZN	1
5c11_A	C	47	ZN	1
5c11_A	C	20	ZN	1
5c2d_A	D	251	CA	0
5c2d_A	D	51	CA	0
5c2d_A	D	103	CA	0
5c2o_B	C	99	ZN	1
5c2o_B	H	92	ZN	1
5c2o_B	C	87	ZN	1
5c2o_B	C	57	ZN	1
5c2o_B	C	135	ZN	1
5c2o_B	C	132	ZN	1
5c2o_B	H	104	ZN	1
5c2v_D	D	767	CA	0
5c2v_D	D	773	CA	0
5c2v_D	D	376	CA	0
5c2v_D	D	375	CA	0
5c2v_D	D	381	CA	0
5c2v_F	D	256	CA	0
5c2v_F	E	82	CA	0
5c2v_F	D	78	CA	0
5c39_A	E	9	MN	1
5c39_A	E	39	MN	1
5c39_A	H	42	MN	1
5c3o_A	D	217	CA	0
5c3o_A	H	272	CA	0
5c3o_A	H	215	CA	0
5c4v_F	H	71	ZN	1
5c4v_F	H	69	ZN	1
5c4v_F	C	54	ZN	1
5c4v_F	C	57	ZN	1
5c5h_A	C	35	MG	0
5c5h_A	D	39	MG	0
5c5u_B	H	137	MN	1
5c5u_B	D	139	MN	1
5c5u_B	H	206	MN	1
5c6c_B	H	69	CA	0
5c6c_B	D	123	CA	0
5c74_A	E	176	NI	1
5c74_A	H	206	NI	1
5c74_A	H	208	NI	1
5c74_A	E	173	NI	1
5c74_A	H	207	NI	1
5c74_A	H	209	NI	1
5c74_A	D	202	NI	1
5c9x_A	H	373	MG	0
5caw_C	H	75	ZN	1
5caw_C	C	14	ZN	1
5caw_C	C	10	ZN	1
5caw_C	C	72	ZN	1
5caw_C	C	26	ZN	1
5caw_C	C	56	ZN	1
5caw_C	C	29	ZN	1
5caw_C	C	61	ZN	1
5caw_C	C	99	ZN	1
5caw_C	C	124	ZN	1
5caw_C	C	102	ZN	1
5caw_C	C	121	ZN	1
5caw_C	C	154	ZN	1
5caw_C	H	118	ZN	1
5caw_C	C	114	ZN	1
5caw_C	C	150	ZN	1
5caw_C	C	213	ZN	1
5caw_C	C	215	ZN	1
5caw_C	C	193	ZN	1
5caw_C	C	198	ZN	1
5caw_C	C	232	ZN	1
5caw_C	H	228	ZN	1
5caw_C	C	220	ZN	1
5caw_C	C	223	ZN	1
5caw_C	C	297	ZN	1
5caw_C	C	292	ZN	1
5caw_C	C	277	ZN	1
5caw_C	C	274	ZN	1
5caw_C	H	317	ZN	1
5caw_C	C	305	ZN	1
5caw_C	C	302	ZN	1
5caw_C	C	313	ZN	1
5cb9_A	E	116	NI	1
5cb9_A	H	64	NI	1
5cf3_A	E	34	CA	0
5cf3_A	D	25	CA	0
5cf3_A	E	20	CA	0
5cfr_B	D	78	CA	0
5cge_C	D	87	MG	0
5cge_C	C	189	MG	0
5cht_A	C	135	ZN	1
5cht_A	C	132	ZN	1
5cht_A	C	183	ZN	1
5cht_A	C	186	ZN	1
5cht_A	C	293	ZN	1
5cht_A	H	291	ZN	1
5chu_B	E	5	ZN	1
5chu_B	E	361	ZN	1
5cio_A	H	74	ZN	1
5cio_A	H	9	ZN	1
5cio_A	E	151	ZN	1
5cio_A	H	70	ZN	1
5cjz_A	D	464	CA	0
5co8_A	E	120	MG	0
5co8_A	D	141	MG	0
5co8_A	D	139	MG	0
5cu1_A	E	144	FE	1
5cu1_A	H	140	FE	1
5cu1_A	H	179	FE	1
5cum_A	E	20	CA	0
5cuo_B	H	124	ZN	1
5cuo_B	H	126	ZN	1
5cuo_B	H	171	ZN	1
5cuy_D	D	290	MG	0
5cuy_D	D	295	MG	0
5cuy_D	D	327	MG	0
5cvi_B	D	6	ZN	1
5cvi_B	E	98	ZN	1
5cvi_B	H	102	ZN	1
5cvi_B	E	101	ZN	1
5cvi_B	E	79	ZN	1
5cvi_B	C	122	ZN	1
5cvi_B	H	124	ZN	1
5cvi_B	H	75	ZN	1
5cvi_B	H	94	ZN	1
5cvi_B	D	159	ZN	1
5cw4_A	H	97	ZN	1
5cw4_A	D	108	ZN	1
5cw4_A	H	95	ZN	1
5cwf_C	E	84	CA	0
5cwf_C	E	174	CA	0
5cwf_C	E	81	CA	0
5cwf_C	E	171	CA	0
5cxl_B	D	32	CA	0
5cxl_B	D	10	CA	0
5cxl_B	D	50	CA	0
5cxl_B	D	70	CA	0
5cxl_B	D	46	CA	0
5cxl_B	D	23	CA	0
5cxl_B	D	5	CA	0
5cxl_B	E	38	CA	0
5cxl_B	D	41	CA	0
5cxl_B	D	37	CA	0
5cxl_B	D	59	CA	0
5cxl_B	D	80	CA	0
5cxl_B	E	74	CA	0
5cxm_D	H	74	FES	2
5cxm_D	C	53	FES	2
5cxm_D	C	71	FES	2
5cxm_D	H	55	FES	2
5cy4_F	D	120	CA	0
5cy4_F	D	20	CA	0
5cy4_F	E	22	CA	0
5cyz_C	C	32	ZN	1
5cyz_C	C	65	ZN	1
5cyz_C	C	27	ZN	1
5cyz_C	H	29	ZN	1
5cz2_L	C	39	ZN	1
5cz2_L	H	12	ZN	1
5cz2_L	C	36	ZN	1
5cz2_L	H	8	ZN	1
5czw_A	H	140	ZN	1
5czw_A	H	146	ZN	1
5czw_A	H	136	ZN	1
5czw_A	C	22	ZN	1
5d08_B	C	221	SF4	2
5d08_B	C	218	SF4	2
5d08_B	C	215	SF4	2
5d08_B	C	274	SF4	2
5d08_B	C	267	SF4	2
5d08_B	C	225	SF4	2
5d08_B	C	241	SF4	2
5d08_B	C	270	SF4	2
5d0i_B	C	81	ZN	1
5d0i_B	C	84	ZN	1
5d0i_B	C	62	ZN	1
5d0i_B	H	64	ZN	1
5d0i_B	H	67	ZN	1
5d0i_B	C	70	ZN	1
5d0i_B	C	44	ZN	1
5d0i_B	C	47	ZN	1
5d1m_B	C	12	ZN	1
5d1m_B	H	32	ZN	1
5d1m_B	C	9	ZN	1
5d1m_B	C	35	ZN	1
5d1m_B	C	27	ZN	1
5d1m_B	C	75	ZN	1
5d1m_B	H	29	ZN	1
5d1m_B	C	72	ZN	1
5d1r_A	H	233	NI	1
5d1r_A	H	237	NI	1
5d1r_A	H	238	NI	1
5d1r_A	H	235	NI	1
5d5v_D	D	42	MG	0
5d5v_D	D	38	MG	0
5d8v_A	C	74	SF4	2
5d8v_A	C	42	SF4	2
5d8v_A	C	45	SF4	2
5d8v_A	C	60	SF4	2
5deu_A	C	94	ZN	1
5deu_A	C	6	ZN	1
5deu_A	C	8	ZN	1
5deu_A	H	92	ZN	1
5deu_A	C	146	ZN	1
5deu_A	H	253	ZN	1
5deu_A	C	144	ZN	1
5deu_A	C	66	ZN	1
5deu_A	C	171	ZN	1
5deu_A	C	162	ZN	1
5deu_A	C	231	ZN	1
5deu_A	H	437	ZN	1
5dka_B	C	39	ZN	1
5dka_B	C	59	ZN	1
5dka_B	C	56	ZN	1
5dka_B	C	36	ZN	1
5dka_B	C	102	ZN	1
5dka_B	H	114	ZN	1
5dka_B	C	99	ZN	1
5dka_B	C	118	ZN	1
5dka_B	C	71	ZN	1
5dka_B	C	51	ZN	1
5dka_B	C	74	ZN	1
5dka_B	H	53	ZN	1
5dl7_A	D	34	CA	0
5dl7_A	D	38	CA	0
5dl8_B	D	45	CA	0
5dl8_B	D	37	CA	0
5dl8_B	D	392	CA	0
5doc_B	C	34	ZN	1
5doc_B	C	37	ZN	1
5doc_B	C	18	ZN	1
5doc_B	H	123	ZN	1
5dqq_A	E	330	CA	0
5dqq_A	D	324	CA	0
5dqq_A	D	326	CA	0
5dqr_F	C	42	SF4	2
5dqr_F	C	36	SF4	2
5dqr_F	C	54	SF4	2
5dqr_F	C	39	SF4	2
5dqr_F	C	276	SF4	2
5dqr_F	C	273	SF4	2
5dqr_F	C	185	SF4	2
5dqr_F	C	209	SF4	2
5dqv_B	H	34	NI	1
5dqv_B	H	63	NI	1
5dqv_B	D	129	NI	1
5dqz_C	D	220	MG	0
5dqz_C	E	140	MG	0
5dqz_C	H	207	MG	0
5dzt_A	H	911	ZN	1
5dzt_A	C	874	ZN	1
5dzt_A	C	910	ZN	1
5e3a_A	E	507	ZN	1
5e3a_A	H	454	ZN	1
5e3a_A	H	449	ZN	1
5e44_A	C	130	SF4	2
5e44_A	C	28	SF4	2
5e44_A	C	31	SF4	2
5e44_A	C	37	SF4	2
5e4l_A	D	417	CA	0
5e4l_A	D	451	CA	0
5e4l_A	E	450	CA	0
5e4l_A	D	464	CA	0
5e4l_A	E	441	CA	0
5e4l_A	D	299	CA	0
5e4l_A	E	304	CA	0
5e5a_D	E	102	MG	0
5e5a_D	H	106	MG	0
5e7g_A	D	448	CA	0
5e7g_A	D	289	CA	0
5e84_F	E	177	ZN	1
5e84_F	D	200	ZN	1
5e84_F	D	207	ZN	1
5e9n_A	H	451	CU	1
5e9n_A	H	111	CU	1
5e9n_A	H	401	CU	1
5e9n_A	H	66	CU	1
5e9n_A	H	109	CU	1
5e9n_A	H	453	CU	1
5e9n_A	H	396	CU	1
5e9n_A	H	457	CU	1
5e9n_A	C	452	CU	1
5ed8_A	D	145	MG	0
5efv_A	H	61	FE	1
5efv_A	H	53	FE	1
5ek8_A	H	358	FE	1
5ek8_A	H	569	FE	1
5ek8_A	H	363	FE	1
5elh_B	H	35	ZN	1
5elh_B	C	23	ZN	1
5elh_B	C	31	ZN	1
5elh_B	C	15	ZN	1
5elh_B	H	80	ZN	1
5elh_B	C	76	ZN	1
5elh_B	C	70	ZN	1
5elh_B	C	60	ZN	1
5elh_B	H	121	ZN	1
5elh_B	C	100	ZN	1
5elh_B	C	117	ZN	1
5elh_B	C	110	ZN	1
5elk_A	C	25	ZN	1
5elk_A	C	31	ZN	1
5elk_A	H	35	ZN	1
5elk_A	C	18	ZN	1
5elk_A	C	54	ZN	1
5elk_A	H	79	ZN	1
5elk_A	C	69	ZN	1
5elk_A	C	75	ZN	1
5elk_A	C	96	ZN	1
5elk_A	H	115	ZN	1
5elk_A	C	111	ZN	1
5elk_A	C	105	ZN	1
5emi_A	E	27	ZN	1
5emi_A	H	12	ZN	1
5emi_A	H	80	ZN	1
5epc_B	D	314	MG	0
5epc_B	D	310	MG	0
5epc_B	D	312	MG	0
5ere_A	E	281	CA	0
5esr_A	D	237	CO	1
5esr_A	H	304	CO	1
5esr_A	H	302	CO	1
5ex2_B	E	134	CA	0
5exc_H	H	21	MG	0
5exc_P	D	35	MG	0
5exc_P	E	78	MG	0
5exe_C	C	23	SF4	2
5exe_C	C	224	SF4	2
5exe_C	C	51	SF4	2
5exe_C	C	26	SF4	2
5exe_C	D	129	MG	0
5exe_E	C	289	SF4	2
5exe_E	C	270	SF4	2
5exe_E	C	292	SF4	2
5exe_E	C	295	SF4	2
5exe_E	C	299	SF4	2
5exe_E	C	266	SF4	2
5exe_E	C	260	SF4	2
5exe_E	C	263	SF4	2
5eym_A	D	31	CA	0
5eym_A	D	30	CA	0
5ezb_B	C	97	ZN	1
5ezb_B	C	99	ZN	1
5ezb_B	C	137	ZN	1
5f0e_B	E	34	CA	0
5f0e_B	D	23	CA	0
5f0e_B	D	27	CA	0
5f0e_B	D	33	CA	0
5f0e_B	D	74	CA	0
5f0e_B	D	68	CA	0
5f0e_B	E	75	CA	0
5f0e_B	D	64	CA	0
5f0p_B	H	174	ZN	1
5f0p_B	E	166	ZN	1
5f5e_A	C	152	ZN	1
5f5e_A	C	145	ZN	1
5f5e_A	C	147	ZN	1
5f5e_A	C	97	ZN	1
5f7r_E	C	255	ZN	1
5f7r_E	H	243	ZN	1
5f7r_E	C	253	ZN	1
5f7r_E	C	260	ZN	1
5fa8_A	H	149	MG	0
5fa8_A	E	128	MG	0
5fa8_A	H	127	MG	0
5faf_A	D	111	CA	0
5faf_A	E	61	CA	0
5faf_A	D	39	CA	0
5fb9_B	H	5	ZN	1
5fb9_B	D	118	ZN	1
5fb9_B	H	59	ZN	1
5fb9_B	H	114	ZN	1
5fb9_B	D	44	ZN	1
5fb9_B	D	151	ZN	1
5fb9_B	H	147	ZN	1
5fb9_B	H	124	ZN	1
5fca_A	D	94	ZN	1
5fca_A	D	29	ZN	1
5fca_A	H	279	ZN	1
5fca_A	H	31	ZN	1
5fca_A	H	236	ZN	1
5fca_A	H	277	ZN	1
5fca_A	D	247	ZN	1
5fca_A	H	407	ZN	1
5fca_A	D	425	ZN	1
5fd3_B	C	25	ZN	1
5fd3_B	C	20	ZN	1
5fd3_B	C	15	ZN	1
5fd3_B	C	13	ZN	1
5fd3_B	C	39	ZN	1
5fd3_B	C	42	ZN	1
5fd3_B	C	34	ZN	1
5fd3_B	C	37	ZN	1
5fd3_B	C	27	ZN	1
5fd3_B	C	89	ZN	1
5fd3_B	C	94	ZN	1
5fd3_B	C	99	ZN	1
5fd3_B	C	87	ZN	1
5fd3_B	C	114	ZN	1
5fd3_B	C	117	ZN	1
5fd3_B	C	108	ZN	1
5fd3_B	C	112	ZN	1
5fd3_B	C	101	ZN	1
5fem_B	D	339	MG	0
5fey_B	C	17	ZN	1
5fey_B	C	14	ZN	1
5fey_B	C	41	ZN	1
5fey_B	C	38	ZN	1
5fey_B	H	35	ZN	1
5fey_B	C	55	ZN	1
5fey_B	C	33	ZN	1
5fey_B	C	58	ZN	1
5ffc_A	H	31	CU	1
5ffc_A	H	123	CU	1
5ffc_A	D	34	CU	1
5ffg_A	D	283	CA	0
5ffg_A	D	291	CA	0
5ffg_A	D	287	CA	0
5ffg_A	D	356	CA	0
5ffg_A	D	350	CA	0
5ffg_A	D	348	CA	0
5ffg_A	D	352	CA	0
5ffg_A	D	413	CA	0
5ffg_A	D	415	CA	0
5ffg_A	D	421	CA	0
5ffg_A	D	233	CA	0
5ffg_A	D	237	CA	0
5ffg_A	D	229	CA	0
5ffg_B	D	20	CA	0
5ffg_B	D	19	CA	0
5ffg_B	D	143	CA	0
5ffg_B	E	112	CA	0
5ffg_B	D	12	CA	0
5fgn_A	E	239	ZN	1
5fgn_A	H	452	ZN	1
5fgn_A	D	451	ZN	1
5fju_D	D	238	MG	0
5fju_D	E	239	MG	0
5fju_D	D	188	MG	0
5flh_B	H	114	NI	1
5flh_B	H	68	NI	1
5flh_B	H	70	NI	1
5flh_B	E	75	NI	1
5fno_B	H	283	MN	1
5fno_B	H	468	MN	1
5fno_B	H	288	MN	1
5fpx_B	H	50	NI	1
5fpx_B	H	89	NI	1
5fpx_B	H	48	NI	1
5fq4_B	D	411	CA	0
5fq4_B	D	478	CA	0
5fq8_D	D	279	CA	0
5fq8_D	D	287	CA	0
5fqd_E	C	309	ZN	1
5fqd_E	C	374	ZN	1
5fqd_E	C	306	ZN	1
5fqd_E	C	377	ZN	1
5fre_C	D	106	CA	0
5fre_C	E	163	CA	0
5fry_B	C	150	ZN	1
5fry_B	E	173	ZN	1
5fry_B	C	176	ZN	1
5fry_B	C	184	ZN	1
5fsh_B	E	460	NI	1
5fsh_B	H	312	NI	1
5fsh_B	E	316	NI	1
5fws_A	D	276	CA	0
5fws_A	D	316	CA	0
5fws_A	D	273	CA	0
5fy1_B	C	428	ZN	1
5fy1_B	C	404	ZN	1
5fy1_B	C	431	ZN	1
5fy1_B	C	401	ZN	1
5fy1_B	E	218	MN	1
5fy1_B	H	296	MN	1
5fy1_B	H	216	MN	1
5fyp_D	E	47	CA	0
5fyp_D	D	118	CA	0
5fyp_D	D	49	CA	0
5fzp_B	E	271	CA	0
5fzp_B	D	266	CA	0
5g2u_A	C	232	ZN	1
5g2u_A	C	233	ZN	1
5g2u_A	H	469	ZN	1
5g2u_A	H	476	ZN	1
5g56_A	D	356	CA	0
5g56_A	D	373	CA	0
5g56_A	D	358	CA	0
5g56_A	E	393	CA	0
5g56_A	E	343	CA	0
5g56_A	E	341	CA	0
5g5g_A	C	207	FES	2
5g5g_A	C	160	FES	2
5g5g_A	C	209	FES	2
5g5g_A	C	157	FES	2
5g5g_A	C	106	FES	2
5g5g_A	C	103	FES	2
5g5g_A	C	118	FES	2
5g5g_A	C	98	FES	2
5g5y_A	E	179	CA	0
5g5y_A	E	176	CA	0
5g5y_A	D	170	CA	0
5g5y_A	D	178	CA	0
5g5y_A	D	222	CA	0
5g5y_A	D	218	CA	0
5g5y_A	H	259	ZN	1
5g5y_A	D	260	ZN	1
5g5y_A	D	43	ZN	1
5g5y_A	D	126	ZN	1
5g5y_A	E	123	ZN	1
5g6t_B	H	141	ZN	1
5g6t_B	D	140	ZN	1
5g6t_B	D	138	ZN	1
5g6t_B	H	181	ZN	1
5gj3_A	D	69	ZN	1
5gj3_A	D	13	ZN	1
5gj3_A	D	93	ZN	1
5gl4_D	D	245	MN	1
5gl4_D	D	60	MN	1
5gl4_D	D	156	MN	1
5gl4_D	E	114	MN	1
5gl4_D	E	160	MN	1
5gl4_D	D	38	MN	1
5gl7_A	C	219	ZN	1
5gl7_A	C	170	ZN	1
5gl7_A	C	216	ZN	1
5gl7_A	C	173	ZN	1
5gl7_A	C	202	ZN	1
5gl7_A	C	186	ZN	1
5gl7_A	C	199	ZN	1
5gl7_A	C	189	ZN	1
5gnf_A	E	70	CA	0
5gnf_A	E	66	CA	0
5gof_A	H	150	ZN	1
5gof_A	C	162	ZN	1
5gof_A	H	153	ZN	1
5gof_A	C	117	ZN	1
5gol_A	C	1	NI	1
5gol_A	H	4	NI	1
5gpo_B	H	38	ZN	1
5gpo_B	D	42	ZN	1
5gpy_A	C	159	ZN	1
5gpy_A	C	131	ZN	1
5gpy_A	C	156	ZN	1
5gpy_A	C	134	ZN	1
5gqf_B	D	208	CA	0
5gqf_B	D	149	CA	0
5gqf_B	D	148	CA	0
5gt1_A	D	60	ZN	1
5gt1_A	H	56	ZN	1
5gt1_A	H	136	ZN	1
5gtq_A	E	20	MG	0
5gtq_A	D	214	MG	0
5guf_A	D	11	MG	0
5guf_A	D	7	MG	0
5guf_A	E	15	MG	0
5gv3_B	H	143	ZN	1
5gv3_B	E	157	ZN	1
5gvi_A	C	222	ZN	1
5gvi_A	C	225	ZN	1
5gvi_A	C	175	ZN	1
5gvi_A	C	172	ZN	1
5gvw_D	H	226	MN	1
5gvw_D	D	107	MN	1
5gvw_D	D	105	MN	1
5gvx_A	D	187	MG	0
5gvx_A	D	185	MG	0
5gvx_A	D	368	MG	0
5gxx_B	E	199	CA	0
5gxx_B	D	198	CA	0
5gxx_B	D	245	CA	0
5gxx_B	D	569	CA	0
5gxx_B	D	565	CA	0
5gxx_B	E	490	CA	0
5gxx_B	D	487	CA	0
5h06_D	D	27	CA	0
5h06_D	D	44	CA	0
5h06_D	D	303	CA	0
5h06_D	E	347	CA	0
5h0m_A	C	113	ZN	1
5h0m_A	C	116	ZN	1
5h0m_A	C	75	ZN	1
5h0m_A	C	78	ZN	1
5h1y_B	E	215	MG	0
5h3j_A	C	105	ZN	1
5h3j_A	H	20	ZN	1
5h4y_A	D	104	CA	0
5h4y_A	D	46	CA	0
5h4y_A	D	106	CA	0
5h4y_A	D	52	CA	0
5h4y_A	D	112	CA	0
5h62_A	H	266	MN	1
5h62_A	D	321	MN	1
5h6u_A	E	179	CA	0
5h6u_A	D	170	CA	0
5h6u_A	D	178	CA	0
5h6u_A	D	439	CA	0
5h6u_A	D	120	CA	0
5h7d_P	E	76	CA	0
5h7d_P	D	65	CA	0
5h7d_P	D	69	CA	0
5h7d_P	D	67	CA	0
5h7d_P	D	101	CA	0
5h7d_P	E	112	CA	0
5h7d_P	D	103	CA	0
5h7r_D	C	6	ZN	1
5h7r_D	H	16	ZN	1
5h7r_D	H	10	ZN	1
5h7r_D	C	3	ZN	1
5h7r_D	C	53	ZN	1
5h7r_D	C	33	ZN	1
5h7r_D	C	50	ZN	1
5h7r_D	C	30	ZN	1
5h7r_D	C	117	ZN	1
5h7r_D	C	94	ZN	1
5h7r_D	H	112	ZN	1
5h7r_D	C	100	ZN	1
5h7r_D	D	67	ZN	1
5h7r_D	C	64	ZN	1
5h7r_D	C	45	ZN	1
5h8w_A	C	73	SF4	2
5h8w_A	C	109	SF4	2
5h8w_A	C	145	SF4	2
5h8w_A	C	94	SF4	2
5h92_B	C	491	SF4	2
5h92_B	C	441	SF4	2
5h92_B	C	487	SF4	2
5h92_B	C	447	SF4	2
5h9f_A	C	142	ZN	1
5h9f_A	C	249	ZN	1
5h9f_A	C	139	ZN	1
5h9f_A	C	252	ZN	1
5haa_B	H	105	ZN	1
5haa_B	H	103	ZN	1
5haa_B	H	173	ZN	1
5haa_B	D	195	ZN	1
5haa_B	D	107	ZN	1
5haa_B	H	431	ZN	1
5hda_C	C	106	ZN	1
5hda_C	C	84	ZN	1
5hda_C	C	102	ZN	1
5hda_C	C	87	ZN	1
5hda_C	C	96	ZN	1
5hda_C	C	95	ZN	1
5hda_C	C	119	ZN	1
5hda_C	H	115	ZN	1
5hee_B	D	221	ZN	1
5hee_B	H	9	ZN	1
5hee_B	H	47	ZN	1
5hgj_B	D	111	CA	0
5hh7_A	C	55	ZN	1
5hh7_A	H	74	ZN	1
5hh7_A	C	52	ZN	1
5hh7_A	C	77	ZN	1
5hh7_A	C	92	ZN	1
5hh7_A	C	66	ZN	1
5hh7_A	C	69	ZN	1
5hh7_A	C	95	ZN	1
5hha_B	D	191	CA	0
5hl3_A	D	104	CA	0
5hl3_A	D	354	CA	0
5hl3_A	D	338	CA	0
5hlv_C	D	63	CA	0
5hlv_C	D	59	CA	0
5hlv_C	E	70	CA	0
5hlv_C	H	83	ZN	1
5hlv_C	H	87	ZN	1
5hlv_C	H	17	ZN	1
5hlv_C	H	27	ZN	1
5hmm_A	D	110	MG	0
5hmm_A	D	135	MG	0
5hmm_A	D	133	MG	0
5hmq_F	E	240	MG	0
5hmq_F	E	135	MG	0
5hmq_F	D	166	MG	0
5hmq_F	H	522	MG	0
5hmq_F	H	444	MG	0
5hmq_F	E	600	MG	0
5hon_B	D	186	CA	0
5hon_B	D	11	CA	0
5hon_B	E	187	CA	0
5hp6_A	E	826	CA	0
5hp6_A	D	650	CA	0
5hp6_A	D	825	CA	0
5hq4_A	E	153	CA	0
5hq4_A	E	436	CA	0
5hq4_A	E	460	CA	0
5hq4_A	E	454	CA	0
5hq4_A	D	591	MG	0
5hq4_A	D	565	MG	0
5hr4_J	C	282	CA	0
5hr4_J	D	200	CA	0
5hrm_D	E	113	MN	1
5hrm_D	H	387	MN	1
5hrm_D	H	301	MN	1
5hrm_D	E	319	MN	1
5hrm_D	H	229	MN	1
5hrm_D	H	170	MN	1
5ht7_A	H	15	FE	1
5ht7_A	H	13	FE	1
5hyh_A	E	213	FE	1
5hyh_A	H	124	FE	1
5hyh_A	E	86	FE	1
5hyh_A	E	121	FE	1
5hyh_A	H	209	FE	1
5hyh_A	H	216	FE	1
5hyh_A	E	182	FE	1
5hyn_Q	H	296	ZN	1
5hyn_Q	C	285	ZN	1
5hyn_Q	C	293	ZN	1
5hyn_Q	C	288	ZN	1
5hyn_Q	C	319	ZN	1
5hyn_Q	C	451	ZN	1
5hyn_Q	C	462	ZN	1
5hyn_Q	C	552	ZN	1
5hyn_Q	C	548	ZN	1
5hyn_Q	C	542	ZN	1
5hyn_Q	C	529	ZN	1
5hyn_Q	C	533	ZN	1
5hyn_Q	H	524	ZN	1
5hyn_Q	C	522	ZN	1
5hyn_Q	C	546	ZN	1
5hyn_Q	C	535	ZN	1
5hyn_Q	C	600	ZN	1
5hyn_Q	C	587	ZN	1
5hyn_Q	C	579	ZN	1
5hyn_Q	C	565	ZN	1
5hyn_Q	C	572	ZN	1
5hyn_Q	C	584	ZN	1
5hyn_Q	C	559	ZN	1
5hyn_Q	C	561	ZN	1
5hyn_Q	C	570	ZN	1
5hzd_A	H	29	ZN	1
5hzd_A	H	24	ZN	1
5hzd_A	C	7	ZN	1
5hzd_A	C	10	ZN	1
5i01_D	H	62	ZN	1
5i01_D	E	66	ZN	1
5i01_D	H	184	ZN	1
5i0f_B	D	485	CA	0
5i0f_B	D	252	CA	0
5i0y_A	H	96	CU	1
5i0y_A	H	126	CU	1
5i0y_A	H	43	CU	1
5i14_A	H	81	NI	1
5i14_A	H	75	NI	1
5i14_A	H	79	NI	1
5i14_A	H	72	NI	1
5i14_A	H	84	NI	1
5i14_A	H	88	NI	1
5i1y_A	H	68	CO	1
5i1y_A	H	26	CO	1
5i29_A	E	137	CA	0
5i29_A	D	140	CA	0
5i72_B	C	25	ZN	1
5i72_B	C	6	ZN	1
5i72_B	C	28	ZN	1
5i72_B	C	9	ZN	1
5i72_B	H	22	ZN	1
5i72_B	C	19	ZN	1
5i72_B	C	39	ZN	1
5i72_B	C	42	ZN	1
5i78_A	D	41	CA	0
5i78_A	E	1	CA	0
5i78_A	E	301	CA	0
5i81_A	H	378	ZN	1
5i81_A	D	231	ZN	1
5i81_A	H	410	ZN	1
5i81_A	H	412	ZN	1
5i81_A	D	159	ZN	1
5i8g_A	C	245	ZN	1
5i8g_A	C	151	ZN	1
5i8g_A	C	150	ZN	1
5i8g_A	H	242	ZN	1
5i8g_A	C	262	ZN	1
5i8g_A	C	234	ZN	1
5i8g_A	C	259	ZN	1
5i8g_A	C	237	ZN	1
5i8g_A	C	191	ZN	1
5i8g_A	C	170	ZN	1
5i8g_A	C	188	ZN	1
5i8g_A	C	164	ZN	1
5i91_A	H	89	NI	1
5i91_A	H	132	NI	1
5i91_A	H	87	NI	1
5i91_A	E	93	NI	1
5iaa_B	C	172	ZN	1
5iaa_B	C	246	ZN	1
5iaa_B	C	251	ZN	1
5iaa_B	C	169	ZN	1
5ib5_A	H	2	CU	1
5ib5_A	E	253	CU	1
5ib5_A	H	190	CU	1
5ibq_A	D	174	CA	0
5ibq_A	D	173	CA	0
5ibq_A	D	170	CA	0
5ic5_A	E	22	ZN	1
5ic5_A	E	151	ZN	1
5ic5_A	H	165	ZN	1
5ic5_A	H	163	ZN	1
5ic5_A	H	160	ZN	1
5ic5_A	E	15	ZN	1
5ic5_A	H	162	ZN	1
5icu_A	H	0	CU	1
5icu_A	D	82	CU	1
5icu_A	H	84	CU	1
5iiu_A	H	66	ZN	1
5iiu_A	D	247	ZN	1
5iiu_A	H	245	ZN	1
5iiu_A	H	155	ZN	1
5iiu_A	H	286	ZN	1
5iiu_A	E	151	ZN	1
5iiu_A	H	8	ZN	1
5iiu_A	D	12	ZN	1
5iiu_A	D	253	ZN	1
5ikj_A	C	203	ZN	1
5ikj_A	C	208	ZN	1
5ikj_A	C	205	ZN	1
5ikj_A	H	188	ZN	1
5ikk_A	D	203	ZN	1
5ikk_A	D	296	ZN	1
5ikk_A	H	205	ZN	1
5ikk_A	H	164	ZN	1
5ikk_A	H	37	ZN	1
5ikk_A	H	46	ZN	1
5ikk_A	C	131	ZN	1
5ikk_A	D	398	MG	0
5iku_A	E	132	CA	0
5iku_A	D	135	CA	0
5iku_A	D	161	CA	0
5iku_A	D	158	CA	0
5iku_A	E	130	CA	0
5iku_A	E	13	CA	0
5iku_A	D	39	CA	0
5iku_A	D	16	CA	0
5iku_A	D	42	CA	0
5iku_A	E	11	CA	0
5iku_A	D	34	CA	0
5ili_A	E	453	MG	0
5ili_A	D	445	MG	0
5iqk_A	H	154	ZN	1
5iqk_A	H	76	ZN	1
5iqk_A	H	78	ZN	1
5iqk_A	D	80	ZN	1
5iqk_A	H	222	ZN	1
5iqk_A	H	81	ZN	1
5iqk_A	C	3	ZN	1
5iqk_A	H	119	ZN	1
5iqk_A	C	6	ZN	1
5iqr_8	C	637	ZN	1
5iqr_8	H	633	ZN	1
5iqr_8	C	611	ZN	1
5iqr_8	C	612	ZN	1
5ir4_A	H	384	FE	1
5ir4_A	H	379	FE	1
5ir4_A	H	557	FE	1
5irb_A	E	24	CA	0
5irb_A	D	17	CA	0
5irb_A	D	208	CA	0
5irb_A	D	295	CA	0
5irb_A	E	128	CA	0
5irb_A	D	121	CA	0
5irb_A	D	76	CA	0
5irb_A	D	78	CA	0
5irb_A	E	231	CA	0
5irb_A	D	224	CA	0
5irb_A	D	284	CA	0
5is2_A	D	338	MG	0
5is2_A	D	184	MG	0
5is2_A	D	182	MG	0
5ize_B	D	97	MN	1
5ize_B	H	36	MN	1
5ize_B	E	110	MN	1
5ize_B	H	8	MN	1
5izo_D	D	99	MN	1
5izo_D	D	45	MN	1
5izo_D	D	175	MN	1
5j1l_C	D	68	ZN	1
5j1l_C	H	147	ZN	1
5j1l_C	H	64	ZN	1
5j6y_A	D	83	CA	0
5j6y_A	D	77	CA	0
5j6y_A	D	7	CA	0
5j6y_A	D	3	CA	0
5j7d_C	H	8	CU	1
5ja5_A	H	201	ZN	1
5ja5_A	H	182	ZN	1
5ja5_A	C	185	ZN	1
5ja5_A	C	203	ZN	1
5jaj_A	C	560	ZN	1
5jaj_A	C	563	ZN	1
5jaj_A	C	619	ZN	1
5jaj_A	C	616	ZN	1
5jca_L	C	100	SF4	2
5jca_L	C	55	SF4	2
5jca_L	C	106	SF4	2
5jca_L	E	125	SF4	2
5jca_L	C	51	SF4	2
5jca_L	C	41	SF4	2
5jca_L	C	44	SF4	2
5jca_L	C	110	SF4	2
5jca_S	C	230	FES	2
5jca_S	C	242	FES	2
5jca_S	D	222	FES	2
5jca_S	C	227	FES	2
5jcb_A	E	2	MG	0
5jcb_A	D	38	CA	0
5jcb_A	E	54	CA	0
5jdh_A	D	126	CA	0
5jdh_A	D	120	CA	0
5jdh_A	E	212	CA	0
5jdh_A	E	53	CA	0
5jea_J	C	55	ZN	1
5jea_J	C	50	ZN	1
5jea_J	H	187	ZN	1
5jea_J	C	58	ZN	1
5jgf_D	H	90	ZN	1
5jgf_D	D	343	ZN	1
5jgf_D	D	261	ZN	1
5jgf_D	H	437	ZN	1
5jgf_D	E	298	ZN	1
5jil_A	E	30	ZN	1
5jil_A	D	38	ZN	1
5jil_A	H	318	ZN	1
5jil_A	H	34	ZN	1
5jip_B	D	257	MG	0
5jip_B	D	226	MG	0
5jip_B	D	303	MG	0
5jjs_A	H	437	ZN	1
5jjs_A	E	433	ZN	1
5jjs_A	C	445	ZN	1
5jjs_A	C	442	ZN	1
5jjs_A	C	724	ZN	1
5jjs_A	H	710	ZN	1
5jjs_A	H	708	ZN	1
5jjs_A	C	843	ZN	1
5jlb_A	C	87	ZN	1
5jlb_A	C	83	ZN	1
5jlb_A	C	66	ZN	1
5jlb_A	C	68	ZN	1
5jlb_A	C	106	ZN	1
5jlb_A	C	100	ZN	1
5jlb_A	C	96	ZN	1
5jlb_A	C	247	ZN	1
5jlb_A	C	245	ZN	1
5jlb_A	C	198	ZN	1
5jlb_A	C	252	ZN	1
5jmf_A	D	439	MG	0
5jmf_A	H	464	MG	0
5jmu_A	D	27	ZN	1
5jmu_A	H	75	ZN	1
5jmu_A	H	79	ZN	1
5jp6_A	D	176	ZN	1
5jp6_A	H	226	ZN	1
5jqp_B	D	70	CA	0
5jqp_B	D	64	CA	0
5jqp_B	D	60	CA	0
5jqp_B	E	71	CA	0
5jqp_B	D	125	CA	0
5jqp_B	D	129	CA	0
5jqp_B	D	138	CA	0
5jqp_B	E	139	CA	0
5jrh_B	H	538	MG	0
5jsk_B	E	52	FE	1
5jsk_B	H	491	FE	1
5juh_A	D	185	CA	0
5juh_A	D	174	CA	0
5juh_A	D	85	CA	0
5juh_A	D	81	CA	0
5juh_A	D	108	CA	0
5juh_A	D	94	CA	0
5juh_A	D	118	CA	0
5juh_A	E	91	CA	0
5juh_A	D	74	CA	0
5k21_C	D	34	CA	0
5k21_C	D	37	CA	0
5k21_C	D	27	CA	0
5k3q_D	D	20	ZN	1
5k3q_D	C	17	ZN	1
5k3q_D	H	37	ZN	1
5k3q_D	H	34	ZN	1
5k3q_D	C	6	ZN	1
5k3q_D	H	9	ZN	1
5k3q_D	C	28	ZN	1
5k3q_D	C	25	ZN	1
5k5s_A	D	233	CA	0
5k5s_A	E	230	CA	0
5k7j_B	H	184	ZN	1
5k7j_B	H	180	ZN	1
5k7j_B	H	211	ZN	1
5k8c_A	D	195	ZN	1
5k8c_A	H	273	ZN	1
5k8c_A	H	259	ZN	1
5k8p_F	E	195	ZN	1
5k8p_F	H	85	ZN	1
5kay_B	H	114	ZN	1
5kay_B	E	189	ZN	1
5kay_B	E	111	ZN	1
5kdj_B	H	349	ZN	1
5kdj_B	E	360	ZN	1
5kdj_B	H	345	ZN	1
5kdn_A	H	282	ZN	1
5kdn_A	H	286	ZN	1
5kdn_A	E	297	ZN	1
5kdw_B	H	655	ZN	1
5kdw_B	E	675	ZN	1
5kdw_B	H	659	ZN	1
5keu_B	D	124	MG	0
5keu_B	H	272	MG	0
5keu_B	H	122	MG	0
5kf0_A	E	92	MG	0
5kf0_A	H	7	MG	0
5kf0_A	H	5	MG	0
5kgn_B	H	411	MN	1
5kgn_B	H	466	MN	1
5kgn_B	D	407	MN	1
5kgn_B	H	449	ZN	1
5kgn_B	D	18	ZN	1
5kgn_B	D	448	ZN	1
5kh0_D	E	304	SF4	2
5kh0_D	C	351	SF4	2
5kh0_D	C	297	SF4	2
5kh0_D	C	348	SF4	2
5kik_A	H	325	FE	1
5kik_A	E	395	FE	1
5kik_A	D	421	FE	1
5kik_A	H	323	FE	1
5kik_A	H	328	FE	1
5kik_A	D	327	FE	1
5kiv_A	C	118	ZN	1
5kiv_A	C	125	ZN	1
5kiv_A	H	123	ZN	1
5kob_D	C	106	FE	1
5kob_D	H	152	FE	1
5kob_D	H	148	FE	1
5ktp_A	C	259	SF4	2
5ktp_A	C	173	SF4	2
5ktp_A	C	86	SF4	2
5kzm_B	D	303	CA	0
5kzm_B	E	294	CA	0
5l0v_B	E	5	CA	0
5l0v_B	D	2	CA	0
5l2l_F	C	19	ZN	1
5l2l_F	C	8	ZN	1
5l2l_F	H	23	ZN	1
5l2l_F	C	14	ZN	1
5l2l_F	C	41	ZN	1
5l2l_F	H	45	ZN	1
5l2l_F	C	36	ZN	1
5l2l_F	C	30	ZN	1
5l2l_F	H	66	ZN	1
5l2l_F	C	57	ZN	1
5l2l_F	C	62	ZN	1
5l2l_F	C	51	ZN	1
5l6q_B	H	94	ZN	1
5l6q_B	D	89	ZN	1
5l73_B	E	23	CA	0
5l73_B	D	168	CA	0
5l73_B	D	57	CA	0
5l7j_A	C	311	ZN	1
5l7j_A	C	309	ZN	1
5l7j_A	C	314	ZN	1
5l8f_F	E	63	MG	0
5l8f_F	E	60	MG	0
5l9n_A	D	13	MG	0
5l9n_A	D	14	MG	0
5lb3_E	C	402	ZN	1
5lb3_E	C	425	ZN	1
5lb3_E	C	422	ZN	1
5lb3_E	C	418	ZN	1
5lcl_B	C	190	ZN	1
5lcl_B	C	215	ZN	1
5lcl_B	C	212	ZN	1
5lcl_B	C	193	ZN	1
5ld9_B	H	87	ZN	1
5ld9_B	H	89	ZN	1
5ld9_B	D	100	ZN	1
5ldt_A	E	287	CA	0
5ldt_A	D	119	CA	0
5ldt_A	D	154	CA	0
5ldt_A	D	144	CA	0
5le5_I	D	177	MG	0
5le5_I	D	204	MG	0
5le5_K	D	166	MG	0
5lew_A	E	66	ZN	1
5lew_A	C	151	ZN	1
5lew_A	H	100	ZN	1
5lew_A	H	7	ZN	1
5lew_A	D	219	ZN	1
5lew_A	H	9	ZN	1
5lew_A	H	41	ZN	1
5lew_A	D	16	ZN	1
5lew_A	H	221	ZN	1
5lf2_B	E	54	CA	0
5lf2_B	D	200	CA	0
5lf2_B	E	56	CA	0
5lhm_A	D	167	MG	0
5lji_C	D	35	CA	0
5lji_C	D	33	CA	0
5ln5_B	H	106	NI	1
5ln5_B	H	96	NI	1
5ln5_B	H	100	NI	1
5lpi_D	C	70	ZN	1
5lpi_D	H	85	ZN	1
5lpi_D	C	73	ZN	1
5lpi_D	C	91	ZN	1
5lpi_D	C	41	ZN	1
5lpi_D	C	61	ZN	1
5lpi_D	H	56	ZN	1
5lpi_D	C	44	ZN	1
5lpi_D	H	30	ZN	1
5lpi_D	C	12	ZN	1
5lpi_D	C	15	ZN	1
5lpi_D	C	35	ZN	1
5lpi_D	C	106	ZN	1
5lpi_D	C	127	ZN	1
5lpi_D	C	103	ZN	1
5lpi_D	H	120	ZN	1
5lq1_B	E	35	MG	0
5lq1_B	E	39	MG	0
5ls4_A	D	25	CA	0
5ls4_A	D	169	CA	0
5ls4_A	E	27	CA	0
5ls4_A	C	142	ZN	1
5ls4_A	C	165	ZN	1
5ls4_A	H	145	ZN	1
5ls4_A	E	35	ZN	1
5lst_A	C	429	ZN	1
5lst_A	C	473	ZN	1
5lst_A	H	476	ZN	1
5lst_A	C	431	ZN	1
5lu4_B	D	771	MG	0
5lu4_B	D	621	MG	0
5lu4_B	E	747	MG	0
5lu7_B	H	63	ZN	1
5lu7_B	E	67	ZN	1
5lu7_B	H	182	ZN	1
5lw3_A	D	132	CA	0
5lw3_A	E	94	CA	0
5ly0_B	C	11	ZN	1
5ly0_B	C	25	ZN	1
5ly0_B	C	21	ZN	1
5ly0_B	C	14	ZN	1
5ly8_A	E	107	MG	0
5ly8_A	D	129	MG	0
5ly8_A	D	20	MG	0
5m0y_B	D	137	CA	0
5m0y_B	D	141	CA	0
5m0y_B	D	148	CA	0
5m0y_B	D	100	CA	0
5m0y_B	D	108	CA	0
5m0y_B	D	115	CA	0
5m11_A	D	510	CA	0
5m11_A	D	511	CA	0
5m11_A	D	501	CA	0
5m11_A	D	383	ZN	1
5m11_A	D	381	ZN	1
5m1m_A	D	129	MG	0
5m1m_A	E	125	MG	0
5m1m_A	E	122	MG	0
5m1p_A	D	176	CA	0
5m1p_A	D	41	CA	0
5m1p_A	D	47	CA	0
5m22_H	H	257	FE	1
5m22_H	E	263	FE	1
5m22_H	H	304	FE	1
5m2a_A	D	159	MG	0
5m2a_A	D	203	MG	0
5m2o_B	D	40	CA	0
5m2o_B	D	29	CA	0
5m2o_B	D	33	CA	0
5m2o_B	D	71	CA	0
5m2o_B	D	77	CA	0
5m2o_B	D	65	CA	0
5m3c_B	E	209	CA	0
5m3c_B	E	300	CA	0
5m3c_B	D	330	CA	0
5m3k_E	C	50	ZN	1
5m3k_E	C	33	ZN	1
5m3k_E	C	47	ZN	1
5m3k_E	C	36	ZN	1
5m3u_A	D	410	MG	0
5m41_A	E	191	MG	0
5m41_A	D	194	MG	0
5m45_L	C	73	ZN	1
5m45_L	C	123	ZN	1
5m45_L	C	75	ZN	1
5m45_L	C	126	ZN	1
5m7o_B	D	53	MG	0
5m7o_B	D	9	MG	0
5m7o_B	E	11	MG	0
5m7o_B	D	10	MG	0
5m86_J	D	219	CA	0
5m86_J	D	218	CA	0
5m8s_A	H	352	ZN	1
5m8s_A	H	356	ZN	1
5m8s_A	H	379	ZN	1
5m8s_A	H	167	ZN	1
5m8s_A	H	190	ZN	1
5m8s_A	H	199	ZN	1
5m8s_A	H	75	ZN	1
5m8s_A	E	41	ZN	1
5mac_E	D	365	MG	0
5mac_E	E	178	MG	0
5mac_E	D	182	MG	0
5mac_E	D	367	MG	0
5mc9_A	D	98	CA	0
5mc9_A	D	174	CA	0
5mc9_A	D	285	CA	0
5mc9_A	D	358	CA	0
5med_B	H	256	FE	1
5med_B	H	261	FE	1
5med_B	H	448	FE	1
5mfa_A	D	213	CA	0
5mfa_A	D	289	CA	0
5mfm_C	E	143	CA	0
5mfm_C	E	269	CA	0
5mfm_C	E	185	CA	0
5mfm_C	E	309	CA	0
5mfm_C	E	227	CA	0
5mh6_A	D	242	MG	0
5mh6_A	E	212	MG	0
5mkc_F	D	126	CA	0
5mkc_F	D	122	CA	0
5mkc_F	D	129	CA	0
5mnj_G	C	35	ZN	1
5mnj_G	C	32	ZN	1
5mnj_G	C	55	ZN	1
5mnj_G	C	58	ZN	1
5mnj_G	H	46	ZN	1
5mnj_G	C	69	ZN	1
5mnj_G	C	72	ZN	1
5mnj_G	H	51	ZN	1
5mqp_E	E	267	CA	0
5mqp_E	D	263	CA	0
5mqp_E	E	25	CA	0
5msx_C	D	359	CA	0
5msx_C	E	454	CA	0
5msz_A	H	0	CU	1
5msz_A	H	90	CU	1
5mtd_B	H	130	ZN	1
5mtd_B	H	126	ZN	1
5mtd_B	C	84	ZN	1
5mtw_D	D	112	CA	0
5mw5_A	D	38	CA	0
5mw5_A	E	39	CA	0
5mw5_A	D	41	CA	0
5mw5_A	D	24	CA	0
5mw5_A	D	125	CA	0
5mw5_A	D	123	CA	0
5mw5_A	C	23	CA	0
5mw8_A	C	164	ZN	1
5mw8_A	C	183	ZN	1
5mw8_A	C	161	ZN	1
5mw8_A	C	293	ZN	1
5mwa_A	D	29	MG	0
5mwa_A	D	31	MG	0
5mwa_A	D	205	MG	0
5mwc_D	E	207	CA	0
5mwc_D	D	198	CA	0
5mwc_D	D	196	CA	0
5mwc_D	D	160	CA	0
5mwc_D	D	164	CA	0
5mwc_D	E	171	CA	0
5mwc_D	D	162	CA	0
5n07_A	C	92	SF4	2
5n07_A	C	104	SF4	2
5n07_A	C	98	SF4	2
5n1t_W	D	139	CU	1
5n1t_W	H	141	CU	1
5n1t_W	H	30	CU	1
5n2g_A	D	465	MN	1
5n2g_A	D	169	MN	1
5n2g_A	E	171	MN	1
5n5e_e	E	61	FE	1
5n5e_e	E	31	FE	1
5n5e_e	H	64	FE	1
5n5p_D	D	9	CA	0
5n5p_D	D	20	CA	0
5n5p_D	D	15	CA	0
5n5p_D	D	13	CA	0
5n5p_D	D	68	CA	0
5n5p_D	D	45	CA	0
5n5p_D	D	63	CA	0
5n6f_A	H	339	ZN	1
5n6f_A	C	310	ZN	1
5n6f_A	C	308	ZN	1
5n6f_A	C	313	ZN	1
5n6n_C	D	129	CA	0
5n6n_C	D	118	CA	0
5n6n_C	D	120	CA	0
5n6x_B	H	10	MN	1
5n6x_B	D	8	MN	1
5n6x_B	H	373	MN	1
5na7_A	H	452	ZN	1
5na7_A	E	475	ZN	1
5na7_A	H	447	ZN	1
5nf2_A	E	451	CA	0
5nf2_A	D	444	CA	0
5nf2_A	D	446	CA	0
5nj9_C	C	467	ZN	1
5nj9_C	H	275	ZN	1
5nj9_C	H	280	ZN	1
5nl9_A	D	108	ZN	1
5nl9_A	D	89	ZN	1
5nl9_A	H	41	ZN	1
5nl9_A	H	97	ZN	1
5nl9_A	H	95	ZN	1
5nmr_A	D	332	CA	0
5nmr_A	E	333	CA	0
5nna_A	D	81	MN	1
5nna_A	H	75	MN	1
5nna_A	H	79	MN	1
5nnw_C	E	105	MG	0
5nnw_C	H	158	MG	0
5nnw_C	D	92	MG	0
5nnw_C	D	103	MG	0
5nof_A	E	294	ZN	1
5nof_A	E	197	ZN	1
5nof_A	E	47	ZN	1
5nof_A	D	295	ZN	1
5nof_A	E	217	ZN	1
5nof_A	D	216	ZN	1
5nof_A	D	77	ZN	1
5nqd_H	C	59	FES	2
5nqd_H	H	61	FES	2
5nqd_H	C	77	FES	2
5nqd_H	H	80	FES	2
5nrm_B	D	14	CA	0
5nrm_B	D	3	CA	0
5nrm_B	D	5	CA	0
5nrm_B	D	39	CA	0
5nrm_B	D	43	CA	0
5nrm_B	D	50	CA	0
5nrm_B	D	34	CA	0
5nrm_B	D	28	CA	0
5nsf_A	E	151	CA	0
5nsf_A	E	146	CA	0
5nsm_L	D	370	MN	1
5nsm_L	D	293	MN	1
5nsm_L	E	372	MN	1
5nsm_L	D	311	MN	1
5nw3_A	C	38	FE	1
5nw3_A	C	41	FE	1
5nw3_A	C	8	FE	1
5nw3_A	C	5	FE	1
5nwg_B	H	161	ZN	1
5nwg_B	C	166	ZN	1
5nwg_B	C	169	ZN	1
5nwg_B	C	158	ZN	1
5o25_B	D	84	MN	1
5o25_B	H	23	MN	1
5o25_B	D	27	MN	1
5o25_B	D	29	MN	1
5o25_B	H	108	MN	1
5o25_B	D	158	MN	1
5o6c_A	C	12	ZN	1
5o6c_A	C	15	ZN	1
5o6c_A	H	35	ZN	1
5o6c_A	C	38	ZN	1
5o6c_A	H	32	ZN	1
5o6c_A	C	62	ZN	1
5o6c_A	C	59	ZN	1
5o6c_A	C	30	ZN	1
5o6c_A	C	128	ZN	1
5o6c_A	C	159	ZN	1
5o6c_A	C	162	ZN	1
5o6c_A	C	131	ZN	1
5o6c_A	C	171	ZN	1
5o6c_A	H	174	ZN	1
5o6c_A	C	253	ZN	1
5o6c_A	C	256	ZN	1
5o6c_A	C	183	ZN	1
5o6c_A	C	204	ZN	1
5o6c_A	C	186	ZN	1
5o6c_A	C	201	ZN	1
5o6c_A	C	187	ZN	1
5o6c_A	C	222	ZN	1
5o6c_A	C	236	ZN	1
5o6c_A	H	242	ZN	1
5o6t_B	C	39	ZN	1
5o6t_B	C	42	ZN	1
5o6t_B	C	21	ZN	1
5o6t_B	C	18	ZN	1
5o6t_B	C	33	ZN	1
5o6t_B	C	52	ZN	1
5o6t_B	C	49	ZN	1
5o6t_B	H	35	ZN	1
5obp_B	C	328	SF4	2
5obp_B	C	331	SF4	2
5obp_B	C	389	SF4	2
5obp_B	C	334	SF4	2
5obp_B	C	385	SF4	2
5obp_B	C	338	SF4	2
5obp_B	C	382	SF4	2
5obp_B	C	371	SF4	2
5ocr_C	E	29	MG	0
5ocr_C	D	277	MG	0
5odc_F	H	447	CA	0
5odc_F	E	41	CA	0
5odc_F	D	51	MG	0
5odq_A	C	402	SF4	2
5odq_A	C	403	SF4	2
5odq_A	C	398	SF4	2
5odq_A	C	385	SF4	2
5odq_A	C	251	SF4	2
5odq_A	C	302	SF4	2
5odq_A	C	248	SF4	2
5odq_A	C	298	SF4	2
5odq_A	C	295	SF4	2
5odq_A	C	255	SF4	2
5odq_A	C	292	SF4	2
5odq_A	C	10	SF4	2
5odq_A	C	70	SF4	2
5odq_A	C	12	SF4	2
5odq_A	C	196	SF4	2
5odq_A	C	45	SF4	2
5odq_A	C	593	SF4	2
5odq_A	C	616	SF4	2
5odq_A	C	619	SF4	2
5odq_A	C	622	SF4	2
5odq_A	C	583	SF4	2
5odq_A	C	626	SF4	2
5odq_A	C	586	SF4	2
5odq_A	C	589	SF4	2
5odq_I	C	39	SF4	2
5odq_I	C	36	SF4	2
5odq_I	C	33	SF4	2
5odq_I	C	86	SF4	2
5odq_I	C	82	SF4	2
5odq_I	C	79	SF4	2
5odq_I	C	43	SF4	2
5odq_I	C	76	SF4	2
5odq_J	C	12	FES	2
5odq_J	C	41	FES	2
5odq_J	C	71	FES	2
5odq_J	C	66	FES	2
5odq_K	C	84	SF4	2
5odq_K	C	14	SF4	2
5odq_K	C	11	SF4	2
5odq_K	C	148	SF4	2
5odq_K	C	223	SF4	2
5odq_K	C	237	SF4	2
5odq_K	C	234	SF4	2
5odq_K	C	227	SF4	2
5odq_K	C	214	SF4	2
5odq_K	C	176	SF4	2
5odq_K	C	206	SF4	2
5odq_K	C	179	SF4	2
5of3_D	C	118	ZN	1
5of3_D	C	127	ZN	1
5of3_D	C	115	ZN	1
5of3_D	D	130	ZN	1
5ofb_B	C	504	ZN	1
5ofb_B	C	501	ZN	1
5ofb_B	C	538	ZN	1
5ofb_B	C	527	ZN	1
5ofb_B	D	71	MG	0
5ofs_A	E	46	ZN	1
5ofs_A	H	22	ZN	1
5ofs_A	E	55	ZN	1
5ofs_A	H	49	ZN	1
5ofs_A	E	41	ZN	1
5ofs_A	D	21	ZN	1
5ogl_A	D	474	MN	1
5ogl_A	D	75	MN	1
5ogx_A	C	41	FES	2
5ogx_A	C	44	FES	2
5ogx_A	C	36	FES	2
5ogx_A	C	76	FES	2
5ohk_A	C	138	ZN	1
5ohk_A	C	188	ZN	1
5ohk_A	C	141	ZN	1
5ohk_A	C	191	ZN	1
5oiu_F	C	319	ZN	1
5oiu_F	C	316	ZN	1
5oiu_F	C	284	ZN	1
5oiu_F	C	281	ZN	1
5ol7_A	D	16	CA	0
5olm_B	C	21	ZN	1
5olm_B	C	38	ZN	1
5olm_B	C	41	ZN	1
5olm_B	C	18	ZN	1
5olm_B	C	53	ZN	1
5olm_B	C	33	ZN	1
5olm_B	H	35	ZN	1
5olm_B	C	56	ZN	1
5olm_B	C	94	ZN	1
5olm_B	C	116	ZN	1
5olm_B	C	113	ZN	1
5olm_B	H	97	ZN	1
5olm_B	D	108	ZN	1
5olm_B	C	105	ZN	1
5olm_B	H	125	ZN	1
5olm_B	H	122	ZN	1
5olw_A	E	123	CA	0
5olw_A	D	9	CA	0
5olw_A	D	169	CA	0
5olw_A	E	168	CA	0
5olw_A	D	7	CA	0
5onm_A	E	56	FE	1
5onm_A	H	91	FE	1
5ons_B	C	27	ZN	1
5ons_B	C	17	ZN	1
5ons_B	C	20	ZN	1
5opf_A	H	0	CU	1
5opf_A	H	107	CU	1
5opj_A	E	336	ZN	1
5opj_A	C	413	ZN	1
5opj_A	C	338	ZN	1
5opj_A	C	414	ZN	1
5oq1_B	H	126	ZN	1
5oq1_B	D	78	ZN	1
5oq1_B	H	71	ZN	1
5oqd_F	C	29	ZN	1
5oqd_F	C	31	ZN	1
5oqd_F	H	52	ZN	1
5oqd_F	C	55	ZN	1
5oqd_F	C	47	ZN	1
5oqd_F	C	44	ZN	1
5oqd_F	C	74	ZN	1
5oqd_F	C	77	ZN	1
5osq_A	D	296	CA	0
5osq_A	D	184	CA	0
5osq_A	D	209	CA	0
5osq_A	D	436	CA	0
5ot1_A	D	349	CA	0
5ot1_A	D	308	CA	0
5otj_D	E	23	CA	0
5otj_D	D	16	CA	0
5otj_D	D	12	CA	0
5otj_D	D	49	CA	0
5otj_D	D	51	CA	0
5otj_D	E	58	CA	0
5otj_D	D	47	CA	0
5ow3_C	H	354	ZN	1
5ow3_C	H	187	ZN	1
5ow3_C	E	256	ZN	1
5owo_A	E	57	CA	0
5qk0_B	E	166	MG	0
5qk0_B	E	112	MG	0
5qk0_B	E	115	MG	0
5r7x_B	D	205	MN	1
5r7x_B	H	332	MN	1
5r7x_B	H	203	MN	1
5rl9_B	H	38	ZN	1
5rl9_B	H	32	ZN	1
5rl9_B	C	18	ZN	1
5rl9_B	C	15	ZN	1
5rl9_B	C	25	ZN	1
5rl9_B	C	4	ZN	1
5rl9_B	C	28	ZN	1
5rl9_B	C	54	ZN	1
5rl9_B	H	74	ZN	1
5rl9_B	C	71	ZN	1
5rl9_B	C	49	ZN	1
5sbg_C	C	2	ZN	1
5sbg_C	C	20	ZN	1
5sbg_C	C	17	ZN	1
5sbg_C	C	5	ZN	1
5sld_D	H	259	ZN	1
5sld_D	H	252	ZN	1
5sld_D	C	256	ZN	1
5sld_D	C	274	ZN	1
5sld_D	C	472	ZN	1
5sld_D	H	482	ZN	1
5sld_D	C	447	ZN	1
5sld_D	C	479	ZN	1
5sld_D	C	205	ZN	1
5sld_D	H	224	ZN	1
5sld_D	C	221	ZN	1
5sld_D	C	202	ZN	1
5std_A	E	154	CA	0
5std_A	E	158	CA	0
5std_A	D	155	CA	0
5svb_D	D	152	MN	1
5svb_D	H	149	MN	1
5svb_D	H	174	MN	1
5svb_D	E	88	MN	1
5sve_A	D	117	FE	1
5sve_A	D	89	FE	1
5sve_A	H	91	FE	1
5sve_A	H	198	ZN	1
5sve_A	H	280	ZN	1
5svy_A	C	40	ZN	1
5svy_A	C	29	ZN	1
5svy_A	C	7	ZN	1
5svy_A	C	10	ZN	1
5swc_F	H	116	ZN	1
5swc_F	C	119	ZN	1
5swc_F	C	57	ZN	1
5syb_B	C	51	ZN	1
5syb_B	C	87	ZN	1
5syb_B	C	48	ZN	1
5syb_B	C	13	ZN	1
5syb_B	C	32	ZN	1
5syb_B	C	35	ZN	1
5syb_B	C	77	ZN	1
5syb_B	C	74	ZN	1
5syb_B	C	28	ZN	1
5syb_B	C	25	ZN	1
5syb_B	C	60	ZN	1
5syb_B	C	63	ZN	1
5syd_A	H	5	CU	1
5syd_A	H	76	CU	1
5syd_A	C	71	CU	1
5syt_A	E	414	ZN	1
5syt_A	H	338	ZN	1
5syt_A	H	334	ZN	1
5szc_A	C	8	ZN	1
5szc_A	C	11	ZN	1
5szc_A	H	38	ZN	1
5szc_A	C	41	ZN	1
5szc_A	C	33	ZN	1
5szc_A	C	62	ZN	1
5szc_A	C	59	ZN	1
5szc_A	C	30	ZN	1
5szc_A	C	65	ZN	1
5szc_A	H	88	ZN	1
5szc_A	C	91	ZN	1
5szc_A	C	68	ZN	1
5szc_A	C	80	ZN	1
5szc_A	C	106	ZN	1
5szc_A	C	83	ZN	1
5szc_A	C	109	ZN	1
5szr_C	E	72	CA	0
5szr_C	E	15	CA	0
5szr_C	D	104	CA	0
5szr_C	D	70	CA	0
5szr_C	E	102	CA	0
5szr_C	D	101	CA	0
5szr_C	D	137	CA	0
5szr_C	D	188	CA	0
5szr_C	D	135	CA	0
5szr_C	C	105	CA	0
5szr_C	E	120	CA	0
5szr_C	D	209	CA	0
5szr_C	D	173	CA	0
5szr_C	E	175	CA	0
5szr_C	D	242	CA	0
5szr_C	D	206	CA	0
5szr_C	D	298	CA	0
5szr_C	D	240	CA	0
5szr_C	D	319	CA	0
5szr_C	E	225	CA	0
5szr_C	D	283	CA	0
5szr_C	E	285	CA	0
5szr_C	D	316	CA	0
5szr_C	D	359	CA	0
5szr_C	D	357	CA	0
5szr_C	D	410	CA	0
5t4m_A	E	128	CA	0
5t4m_A	D	172	CA	0
5t4m_A	D	170	CA	0
5t4m_A	D	225	CA	0
5t4m_A	D	244	CA	0
5t4m_A	E	146	CA	0
5t4m_A	D	210	CA	0
5t4m_A	E	212	CA	0
5t4m_A	D	277	CA	0
5t4m_A	D	241	CA	0
5t4m_A	D	327	CA	0
5t4m_A	D	275	CA	0
5t5i_J	C	8	SF4	2
5t5i_J	C	11	SF4	2
5t5i_J	C	34	SF4	2
5t5i_J	C	15	SF4	2
5t5i_J	D	127	CA	0
5t5i_P	C	14	SF4	2
5t5i_P	C	70	SF4	2
5t5i_P	C	11	SF4	2
5t5i_P	C	17	SF4	2
5t5i_P	C	63	SF4	2
5t5i_P	C	66	SF4	2
5t5i_P	C	21	SF4	2
5t5i_P	C	60	SF4	2
5t5j_B	E	128	CA	0
5t5j_B	H	133	CA	0
5t5j_B	E	117	CA	0
5t5j_B	D	119	CA	0
5t9y_A	D	296	MG	0
5tab_A	C	23	ZN	1
5tab_A	C	51	ZN	1
5tab_A	C	26	ZN	1
5tab_A	C	48	ZN	1
5tab_A	C	34	ZN	1
5tab_A	H	31	ZN	1
5tab_A	C	9	ZN	1
5tab_A	C	11	ZN	1
5tb8_A	H	339	MN	1
5tb8_A	H	337	MN	1
5tds_D	H	136	FE	1
5tds_D	E	103	FE	1
5tds_D	E	133	FE	1
5tds_D	E	230	FE	1
5tds_D	E	196	FE	1
5tds_D	H	233	FE	1
5tgq_A	D	75	CA	0
5tgq_A	D	92	CA	0
5th6_D	H	192	ZN	1
5th6_D	H	198	ZN	1
5th6_D	C	61	ZN	1
5th6_D	H	188	ZN	1
5th6_D	H	137	ZN	1
5th6_D	H	152	ZN	1
5th6_D	H	165	ZN	1
5th6_D	D	139	ZN	1
5th6_D	D	127	CA	0
5th6_D	D	163	CA	0
5th6_D	D	144	CA	0
5th6_D	D	147	CA	0
5th6_D	E	170	CA	0
5th6_D	D	167	CA	0
5th6_D	D	168	CA	0
5th6_D	D	93	CA	0
5tin_E	H	214	ZN	1
5tin_E	D	193	ZN	1
5tin_E	E	191	ZN	1
5tiw_A	D	145	CA	0
5tiw_A	D	200	CA	0
5tk8_A	D	131	MG	0
5tk8_A	D	66	MG	0
5tk8_A	H	30	MG	0
5tnv_A	E	192	MG	0
5tnv_A	D	222	MG	0
5tnv_A	H	251	MG	0
5too_A	D	26	ZN	1
5too_A	H	341	ZN	1
5too_A	D	340	ZN	1
5too_A	D	221	ZN	1
5too_A	E	305	ZN	1
5too_A	E	226	ZN	1
5too_A	D	283	ZN	1
5too_A	D	279	ZN	1
5tpk_A	E	71	CA	0
5tpk_A	D	105	CA	0
5tpk_A	E	20	CA	0
5tpk_A	E	21	CA	0
5tpk_A	D	138	CA	0
5tpk_A	D	102	CA	0
5tpk_A	D	104	CA	0
5tpk_A	D	136	CA	0
5tpk_A	D	36	CA	0
5tpk_A	D	34	CA	0
5tpk_A	D	84	CA	0
5trb_A	C	41	ZN	1
5trb_A	C	44	ZN	1
5trb_A	C	24	ZN	1
5trb_A	C	21	ZN	1
5trb_A	C	59	ZN	1
5trb_A	H	38	ZN	1
5trb_A	C	36	ZN	1
5trb_A	C	56	ZN	1
5ts5_A	D	200	ZN	1
5ts5_A	H	313	ZN	1
5ts5_A	H	439	ZN	1
5tsa_A	E	180	ZN	1
5tsa_A	E	210	ZN	1
5tsh_F	C	477	ZN	1
5tsh_F	C	512	ZN	1
5tsh_F	C	480	ZN	1
5tsh_F	C	515	ZN	1
5txu_A	C	145	ZN	1
5txu_A	H	133	ZN	1
5txu_A	H	144	ZN	1
5txu_A	C	139	ZN	1
5u08_A	E	82	CA	0
5u08_A	D	43	CA	0
5u57_B	H	170	FE	1
5u57_B	E	131	FE	1
5u57_B	H	127	FE	1
5u6z_A	C	60	ZN	1
5u6z_A	C	46	ZN	1
5u6z_A	C	20	ZN	1
5u6z_A	H	23	ZN	1
5u7g_B	C	126	ZN	1
5u7g_B	C	221	ZN	1
5u7g_B	H	218	ZN	1
5u7g_B	C	127	ZN	1
5u7g_B	C	235	ZN	1
5u7g_B	C	213	ZN	1
5u7g_B	C	238	ZN	1
5u7g_B	C	210	ZN	1
5u7g_B	C	577	ZN	1
5u7g_B	C	599	ZN	1
5u7g_B	C	580	ZN	1
5u7g_B	C	602	ZN	1
5u7g_B	C	590	ZN	1
5u7g_B	C	593	ZN	1
5u7g_B	H	608	ZN	1
5u7g_B	H	610	ZN	1
5u95_A	D	433	CA	0
5u9z_B	E	45	MN	1
5u9z_B	H	269	MN	1
5u9z_B	D	268	MN	1
5uam_B	H	183	ZN	1
5uam_B	C	241	ZN	1
5uam_B	H	253	ZN	1
5uam_B	H	239	ZN	1
5ud5_B	H	31	ZN	1
5ud5_B	C	76	ZN	1
5ud5_B	C	79	ZN	1
5ud5_B	C	49	ZN	1
5udz_B	C	102	ZN	1
5udz_B	C	99	ZN	1
5udz_B	H	107	ZN	1
5udz_B	C	112	ZN	1
5udz_B	C	134	ZN	1
5udz_B	H	129	ZN	1
5udz_B	C	121	ZN	1
5udz_B	C	124	ZN	1
5uej_B	D	103	ZN	1
5uej_B	E	138	ZN	1
5uej_B	H	352	ZN	1
5uej_B	E	166	ZN	1
5uej_B	H	70	ZN	1
5ug4_C	E	74	CA	0
5ug4_C	E	32	CA	0
5ug4_C	E	40	CA	0
5ug4_C	E	33	CA	0
5ugr_A	D	44	MG	0
5ugr_A	D	166	MG	0
5ugr_A	E	139	MG	0
5uiv_A	D	15	MG	0
5uiv_A	E	164	MG	0
5ujp_A	D	46	CA	0
5uk5_A	D	59	CA	0
5uk5_A	D	45	CA	0
5uk5_A	D	119	CA	0
5uk5_A	E	122	CA	0
5uk5_A	D	176	CA	0
5uk5_A	E	162	CA	0
5uk5_A	D	159	CA	0
5ukh_A	D	267	CA	0
5ukh_A	D	266	CA	0
5ukh_A	D	213	CA	0
5uki_A	H	228	ZN	1
5uki_A	H	12	ZN	1
5uki_A	C	10	ZN	1
5uki_A	D	41	ZN	1
5uki_A	H	226	MN	1
5uki_A	H	176	MN	1
5un2_A	E	76	CA	0
5un2_A	D	74	CA	0
5un2_A	E	16	CA	0
5un2_A	D	110	CA	0
5un2_A	D	108	CA	0
5un2_A	D	107	CA	0
5un2_A	D	143	CA	0
5un2_A	D	194	CA	0
5un2_A	D	141	CA	0
5un2_A	D	179	CA	0
5un2_A	E	181	CA	0
5un2_A	E	126	CA	0
5un2_A	D	215	CA	0
5un2_A	D	248	CA	0
5un2_A	D	212	CA	0
5un2_A	D	246	CA	0
5un2_A	D	308	CA	0
5un2_A	E	295	CA	0
5un2_A	E	231	CA	0
5un2_A	D	331	CA	0
5un7_A	C	179	ZN	1
5un7_A	C	58	ZN	1
5un7_A	C	55	ZN	1
5un7_A	C	176	ZN	1
5uqp_B	D	65	ZN	1
5uqp_B	E	71	ZN	1
5uqp_B	H	105	ZN	1
5uqp_B	H	67	ZN	1
5uqt_A	D	307	MN	1
5uqt_A	E	534	MN	1
5uqz_A	E	236	CA	0
5uum_B	E	152	ZN	1
5uum_B	H	150	ZN	1
5uum_B	E	147	ZN	1
5uum_B	D	66	ZN	1
5uum_B	H	107	ZN	1
5uum_B	D	72	ZN	1
5ux1_D	E	83	FE	1
5ux1_D	E	52	FE	1
5ux1_D	E	166	FE	1
5ux1_D	H	86	FE	1
5ux1_D	H	169	FE	1
5ux1_D	E	136	FE	1
5uz0_D	D	547	MG	0
5v1q_B	C	143	SF4	2
5v1q_B	C	136	SF4	2
5v1q_B	C	140	SF4	2
5v1q_B	C	456	SF4	2
5v1q_B	C	425	SF4	2
5v1q_B	C	428	SF4	2
5v1q_B	C	434	SF4	2
5v1q_B	C	366	SF4	2
5v1q_B	C	438	SF4	2
5v1q_B	C	384	SF4	2
5v1q_B	C	340	SF4	2
5v1v_B	H	13	ZN	1
5v1v_B	D	72	ZN	1
5v1v_B	E	43	ZN	1
5v31_A	D	192	MN	1
5v31_A	H	190	MN	1
5v31_A	H	269	MN	1
5v3g_D	C	9	ZN	1
5v3g_D	H	29	ZN	1
5v3g_D	H	25	ZN	1
5v3g_D	C	12	ZN	1
5v3g_D	C	37	ZN	1
5v3g_D	H	53	ZN	1
5v3g_D	H	57	ZN	1
5v3g_D	C	40	ZN	1
5v3g_D	C	68	ZN	1
5v3g_D	C	65	ZN	1
5v3g_D	H	85	ZN	1
5v3g_D	H	81	ZN	1
5v3g_D	C	93	ZN	1
5v3g_D	C	96	ZN	1
5v3g_D	H	109	ZN	1
5v3g_D	H	113	ZN	1
5v3g_D	C	124	ZN	1
5v3g_D	C	121	ZN	1
5v3g_D	H	137	ZN	1
5v3g_D	H	141	ZN	1
5v3g_D	C	149	ZN	1
5v3g_D	C	152	ZN	1
5v3g_D	H	169	ZN	1
5v3g_D	H	165	ZN	1
5v3j_F	C	10	ZN	1
5v3j_F	H	27	ZN	1
5v3j_F	C	7	ZN	1
5v3j_F	H	23	ZN	1
5v3j_F	H	55	ZN	1
5v3j_F	C	38	ZN	1
5v3j_F	H	51	ZN	1
5v3j_F	C	35	ZN	1
5v3j_F	H	79	ZN	1
5v3j_F	C	66	ZN	1
5v3j_F	C	63	ZN	1
5v3j_F	H	83	ZN	1
5v3j_F	H	107	ZN	1
5v3j_F	H	111	ZN	1
5v3j_F	C	94	ZN	1
5v3j_F	C	91	ZN	1
5v3j_F	H	135	ZN	1
5v3j_F	C	122	ZN	1
5v3j_F	C	119	ZN	1
5v3j_F	H	139	ZN	1
5v3j_F	H	167	ZN	1
5v3j_F	C	150	ZN	1
5v3j_F	C	147	ZN	1
5v3j_F	H	163	ZN	1
5v3j_F	C	178	ZN	1
5v3j_F	H	191	ZN	1
5v3j_F	C	175	ZN	1
5v3j_F	H	195	ZN	1
5v3j_F	C	203	ZN	1
5v3j_F	H	223	ZN	1
5v3j_F	H	219	ZN	1
5v3j_F	C	206	ZN	1
5v3j_F	H	247	ZN	1
5v3j_F	C	231	ZN	1
5v3j_F	H	251	ZN	1
5v3j_F	C	234	ZN	1
5v3j_F	H	275	ZN	1
5v3j_F	H	279	ZN	1
5v3j_F	C	262	ZN	1
5v3j_F	C	259	ZN	1
5v4t_B	E	144	FE	1
5v4t_B	H	147	FE	1
5v4t_B	E	56	FE	1
5v4t_B	E	110	FE	1
5v8c_A	H	218	CO	1
5v8c_A	H	1	CO	1
5v8k_A	D	459	CA	0
5v9p_A	C	668	ZN	1
5v9p_A	C	688	ZN	1
5v9p_A	C	665	ZN	1
5va4_A	C	19	ZN	1
5va4_A	D	22	ZN	1
5va4_A	H	36	ZN	1
5va4_A	H	39	ZN	1
5va4_A	C	8	ZN	1
5va4_A	H	11	ZN	1
5va4_A	C	30	ZN	1
5va4_A	C	27	ZN	1
5va4_A	C	98	ZN	1
5va4_A	C	73	ZN	1
5va4_A	E	70	ZN	1
5vb0_C	H	6	MN	1
5vb0_C	H	66	MN	1
5vb0_C	E	112	MN	1
5vb0_C	H	140	NI	1
5vb0_C	H	138	NI	1
5vbn_F	C	45	ZN	1
5vbn_F	C	16	ZN	1
5vbn_F	C	19	ZN	1
5vbn_F	C	48	ZN	1
5vbn_F	C	82	ZN	1
5vbn_F	C	94	ZN	1
5vbn_F	C	96	ZN	1
5vbn_F	C	79	ZN	1
5vc1_A	E	87	CA	0
5vc1_A	D	105	CA	0
5vc1_A	E	79	CA	0
5vde_C	C	17	CU	1
5vde_C	C	14	CU	1
5ve3_B	D	152	FE	1
5ve3_B	H	77	FE	1
5ve3_B	H	133	FE	1
5ve9_B	D	38	CA	0
5ve9_B	D	40	CA	0
5ve9_B	D	36	CA	0
5ve9_B	D	76	CA	0
5ve9_B	E	83	CA	0
5ve9_B	D	72	CA	0
5ve9_B	D	74	CA	0
5vf4_C	D	298	CA	0
5vf4_C	D	269	CA	0
5vf4_C	D	196	CA	0
5vgc_A	E	101	CA	0
5vjf_B	H	179	ZN	1
5vjf_B	H	82	ZN	1
5vjf_B	H	209	ZN	1
5vjf_B	D	103	CA	0
5vjf_B	E	133	CA	0
5vjj_B	C	57	ZN	1
5vjj_B	C	15	ZN	1
5vjj_B	C	60	ZN	1
5vjj_B	C	17	ZN	1
5vjj_B	C	68	ZN	1
5vjj_B	H	72	ZN	1
5vjj_B	C	46	ZN	1
5vjj_B	C	32	ZN	1
5vjj_B	C	76	ZN	1
5vjj_B	H	80	ZN	1
5vjj_B	C	38	ZN	1
5vjj_B	C	40	ZN	1
5vk3_B	C	566	ZN	1
5vk3_B	C	578	ZN	1
5vk3_B	C	573	ZN	1
5vk3_B	C	545	ZN	1
5vk3_B	C	581	ZN	1
5vk3_B	C	602	ZN	1
5vk3_B	C	554	ZN	1
5vk3_B	C	564	ZN	1
5vk3_B	C	547	ZN	1
5vk3_B	C	503	ZN	1
5vk3_B	C	515	ZN	1
5vk3_B	C	509	ZN	1
5vk3_B	H	505	ZN	1
5vk3_B	C	538	ZN	1
5vk3_B	C	533	ZN	1
5vk3_B	C	527	ZN	1
5vk3_B	C	517	ZN	1
5vk3_B	C	531	ZN	1
5vk3_B	H	336	ZN	1
5vk3_B	C	329	ZN	1
5vk3_B	C	334	ZN	1
5vk3_B	C	326	ZN	1
5vk3_B	C	443	ZN	1
5vk3_B	C	433	ZN	1
5vk3_B	C	392	ZN	1
5vk3_B	C	388	ZN	1
5vlk_A	D	359	CA	0
5vmd_A	H	20	ZN	1
5vmd_A	H	55	ZN	1
5vmd_A	C	40	ZN	1
5vmd_A	C	37	ZN	1
5vmd_A	C	60	ZN	1
5vmd_A	C	44	ZN	1
5vmd_A	C	71	ZN	1
5vmd_A	C	62	ZN	1
5vmd_A	C	25	ZN	1
5vmd_A	H	48	ZN	1
5vmd_A	C	28	ZN	1
5vmd_A	H	45	ZN	1
5vol_H	D	248	CA	0
5vol_H	D	220	CA	0
5vol_H	D	221	CA	0
5vyg_B	D	21	CA	0
5vyg_B	D	22	CA	0
5vyg_B	D	4	CA	0
5vzu_D	C	178	ZN	1
5vzu_D	H	162	ZN	1
5vzu_D	H	184	ZN	1
5vzu_D	C	154	ZN	1
5vzv_C	C	58	ZN	1
5vzv_C	C	55	ZN	1
5vzv_C	C	33	ZN	1
5vzv_C	C	30	ZN	1
5vzv_C	D	74	ZN	1
5vzv_C	C	71	ZN	1
5vzv_C	C	50	ZN	1
5vzv_C	H	52	ZN	1
5w0m_C	C	373	ZN	1
5w0m_C	C	383	ZN	1
5w0m_C	H	378	ZN	1
5w0m_C	C	370	ZN	1
5w3x_D	H	75	ZN	1
5w3x_D	C	41	ZN	1
5w3x_D	H	73	ZN	1
5w3x_D	C	49	ZN	1
5w4c_B	E	130	CA	0
5w4c_B	E	128	CA	0
5w4c_B	E	111	CA	0
5w6p_D	D	246	ZN	1
5w7b_D	D	53	CA	0
5w7b_D	D	31	CA	0
5w7b_D	D	29	CA	0
5w7b_D	D	50	CA	0
5w7b_D	D	33	CA	0
5w7b_D	D	55	CA	0
5w7b_D	E	90	CA	0
5w7b_D	D	68	CA	0
5w7b_D	D	72	CA	0
5w7d_A	D	172	CA	0
5w7d_A	D	191	CA	0
5w7d_A	D	174	CA	0
5w7d_A	H	176	CA	0
5w7d_A	D	194	CA	0
5w7d_A	D	170	CA	0
5w7d_A	D	196	CA	0
5w7d_A	E	231	CA	0
5w7d_A	D	213	CA	0
5w7d_A	D	209	CA	0
5w7n_A	E	47	MG	0
5w7n_A	D	9	MG	0
5w83_B	D	121	ZN	1
5w83_B	H	108	ZN	1
5w83_B	E	47	ZN	1
5w83_B	H	110	ZN	1
5w8u_A	C	225	ZN	1
5w8u_A	C	190	ZN	1
5w8u_A	C	193	ZN	1
5w8u_A	C	227	ZN	1
5w8u_A	D	57	ZN	1
5w8u_A	E	230	ZN	1
5w8u_A	C	31	ZN	1
5w8u_A	H	80	ZN	1
5w9a_B	H	5	ZN	1
5w9a_B	C	24	ZN	1
5w9a_B	C	21	ZN	1
5w9a_B	C	2	ZN	1
5w9a_B	D	16	ZN	1
5w9a_B	H	30	ZN	1
5w9a_B	H	33	ZN	1
5w9a_B	C	13	ZN	1
5w9q_B	C	27	ZN	1
5w9q_B	C	21	ZN	1
5w9q_B	C	43	ZN	1
5w9q_B	C	24	ZN	1
5w9q_B	C	12	ZN	1
5w9q_B	C	9	ZN	1
5w9q_B	C	48	ZN	1
5w9q_B	C	15	ZN	1
5we0_J	H	48	ZN	1
5we2_D	C	3	ZN	1
5we2_D	H	12	ZN	1
5we2_D	C	6	ZN	1
5wfi_B	C	219	ZN	1
5wfi_B	C	185	ZN	1
5wfi_B	C	187	ZN	1
5wfi_B	C	221	ZN	1
5wgg_A	C	415	SF4	2
5wgg_A	C	364	SF4	2
5wgg_A	C	346	SF4	2
5wgg_A	C	411	SF4	2
5wgg_A	C	405	SF4	2
5wgg_A	C	402	SF4	2
5wgg_A	C	434	SF4	2
5wgx_A	C	612	ZN	1
5wgx_A	C	599	ZN	1
5wgx_A	C	596	ZN	1
5wgx_A	C	615	ZN	1
5wha_G	E	66	CA	0
5wha_I	D	18	CA	0
5wha_I	E	21	CA	0
5whg_A	C	45	ZN	1
5whg_A	C	48	ZN	1
5whg_A	H	61	ZN	1
5whg_A	H	67	ZN	1
5wj8_A	D	92	CA	0
5wj8_A	D	86	CA	0
5wj8_A	E	17	CA	0
5wj8_A	E	73	CA	0
5wj8_A	D	106	CA	0
5wj8_A	D	71	CA	0
5wj8_A	D	103	CA	0
5wj8_A	D	140	CA	0
5wj8_A	E	104	CA	0
5wj8_A	D	194	CA	0
5wj8_A	D	138	CA	0
5wk0_A	H	46	NI	1
5wk0_A	H	138	NI	1
5wk0_A	H	134	NI	1
5wll_C	D	12	ZN	1
5wll_C	H	15	ZN	1
5wmm_A	D	220	CA	0
5wmm_A	E	297	CA	0
5wmm_A	D	218	CA	0
5wnb_H	E	29	ZN	1
5wnb_H	E	1	ZN	1
5wnb_H	D	76	ZN	1
5wnb_H	H	174	ZN	1
5wri_B	H	70	MG	0
5wri_B	D	68	MG	0
5wrt_B	D	121	MG	0
5wrt_B	D	153	MG	0
5wrt_B	D	116	MG	0
5wtl_C	D	7	CA	0
5wtl_C	D	14	CA	0
5wtl_C	D	3	CA	0
5wtl_C	D	5	CA	0
5wtl_C	C	16	CA	0
5wtl_C	D	34	CA	0
5wtl_C	D	41	CA	0
5wtl_C	D	30	CA	0
5wtl_C	D	32	CA	0
5wtl_C	C	43	CA	0
5wtl_C	D	59	CA	0
5wtl_C	D	61	CA	0
5wtl_C	D	57	CA	0
5wtl_C	D	68	CA	0
5wtl_C	C	70	CA	0
5wtl_C	D	86	CA	0
5wtl_C	D	84	CA	0
5wtl_C	D	88	CA	0
5wtl_C	D	95	CA	0
5wtl_C	C	97	CA	0
5wtl_C	D	124	CA	0
5wtl_C	D	117	CA	0
5wtl_C	D	115	CA	0
5wtl_C	D	113	CA	0
5wtl_C	C	126	CA	0
5wtl_C	E	229	CA	0
5wtq_D	H	31	NI	1
5wtq_D	H	29	NI	1
5wtq_D	H	48	NI	1
5wuq_D	C	36	ZN	1
5wuq_D	C	2	ZN	1
5wuq_D	H	29	ZN	1
5wuq_D	C	33	ZN	1
5wvo_C	C	63	ZN	1
5wvo_C	C	2	ZN	1
5wvo_C	H	67	ZN	1
5wwd_A	E	108	MG	0
5wwd_A	E	57	MG	0
5wwd_A	E	60	MG	0
5wxh_C	C	33	ZN	1
5wxh_C	C	56	ZN	1
5wxh_C	C	30	ZN	1
5wxh_C	C	59	ZN	1
5wxh_C	H	38	ZN	1
5wxh_C	C	41	ZN	1
5wxh_C	C	18	ZN	1
5wxh_C	C	15	ZN	1
5wzn_B	C	406	ZN	1
5wzn_B	C	444	ZN	1
5wzn_B	H	449	ZN	1
5wzn_B	H	365	CA	0
5wzn_B	H	270	CA	0
5wzn_B	D	321	CA	0
5wzn_B	H	319	CA	0
5x2b_D	D	163	CA	0
5x2b_D	D	30	CA	0
5x2b_D	D	31	CA	0
5x42_C	C	50	ZN	1
5x42_C	C	82	ZN	1
5x42_C	C	85	ZN	1
5x42_C	C	53	ZN	1
5x57_A	D	73	NI	1
5x57_A	C	75	NI	1
5x57_A	C	20	NI	1
5x57_A	C	22	NI	1
5x5h_A	E	50	MG	0
5x86_A	E	8	MG	0
5x86_A	D	93	MG	0
5x8f_D	E	390	MG	0
5xau_D	D	139	CA	0
5xau_D	D	565	CA	0
5xbn_A	H	114	ZN	1
5xbn_A	H	124	ZN	1
5xbn_A	H	118	ZN	1
5xcv_A	D	134	CA	0
5xcv_A	E	152	CA	0
5xf9_E	C	484	SF4	2
5xf9_E	C	524	SF4	2
5xf9_E	C	478	SF4	2
5xf9_E	C	481	SF4	2
5xf9_F	C	107	SF4	2
5xf9_F	H	102	SF4	2
5xf9_F	C	113	SF4	2
5xf9_F	C	104	SF4	2
5xf9_F	C	205	SF4	2
5xf9_F	C	158	SF4	2
5xf9_F	C	152	SF4	2
5xf9_F	C	155	SF4	2
5xf9_F	C	56	FES	2
5xf9_F	C	68	FES	2
5xf9_F	C	42	FES	2
5xf9_F	C	53	FES	2
5xf9_G	C	158	SF4	2
5xf9_G	C	26	SF4	2
5xf9_G	C	23	SF4	2
5xf9_G	C	94	SF4	2
5xfm_D	E	451	CA	0
5xfm_D	E	173	CA	0
5xfm_D	E	457	CA	0
5xfo_A	C	114	ZN	1
5xfo_A	C	111	ZN	1
5xfo_A	C	85	ZN	1
5xfo_A	C	82	ZN	1
5xfo_A	H	90	ZN	1
5xfo_A	C	65	ZN	1
5xfo_A	C	93	ZN	1
5xfo_A	C	68	ZN	1
5xfo_A	C	164	ZN	1
5xfo_A	C	166	ZN	1
5xfo_A	C	190	ZN	1
5xfo_A	H	187	ZN	1
5xfo_A	C	179	ZN	1
5xfo_A	C	182	ZN	1
5xfo_A	C	212	ZN	1
5xfo_A	C	209	ZN	1
5xkr_D	C	88	ZN	1
5xkr_D	C	85	ZN	1
5xkr_D	H	55	ZN	1
5xkt_A	H	69	NI	1
5xkt_A	C	67	NI	1
5xky_A	H	264	ZN	1
5xky_A	H	337	ZN	1
5xky_A	E	268	ZN	1
5xm5_B	H	152	ZN	1
5xm5_B	H	143	ZN	1
5xm5_B	H	154	ZN	1
5xm5_B	D	61	ZN	1
5xnr_A	D	28	CA	0
5xob_Z	C	369	ZN	1
5xob_Z	C	354	ZN	1
5xob_Z	C	351	ZN	1
5xob_Z	C	372	ZN	1
5xog_M	C	30	ZN	1
5xog_M	C	27	ZN	1
5xog_M	C	54	ZN	1
5xog_M	C	51	ZN	1
5xop_F	E	20	CA	0
5xop_F	D	13	CA	0
5xop_F	D	9	CA	0
5xop_F	D	49	CA	0
5xop_F	D	45	CA	0
5xop_F	E	56	CA	0
5xop_F	D	47	CA	0
5xqg_H	H	594	CA	0
5xqg_H	D	599	CA	0
5xqg_H	H	617	CA	0
5xqg_H	D	540	CA	0
5xsp_B	H	129	MN	1
5xsp_B	D	105	MN	1
5xsp_B	D	36	MN	1
5xsp_B	D	184	MN	1
5xsp_B	H	30	MN	1
5xsp_B	D	34	MN	1
5xwd_A	D	392	ZN	1
5xwd_A	H	417	ZN	1
5xwi_A	D	546	CA	0
5xwi_A	D	552	CA	0
5xwm_B	H	286	ZN	1
5xwm_B	H	282	ZN	1
5xwm_B	H	333	ZN	1
5xwm_B	H	337	ZN	1
5xwm_B	H	304	ZN	1
5y06_A	C	226	ZN	1
5y06_A	C	223	ZN	1
5y06_A	C	249	ZN	1
5y06_A	C	252	ZN	1
5y5s_A	D	48	CA	0
5y9e_C	E	358	MG	0
5y9e_C	D	326	MG	0
5y9e_C	E	359	MG	0
5y9e_C	D	224	MG	0
5ya6_B	D	101	CA	0
5ya6_B	D	115	CA	0
5ya6_B	D	103	CA	0
5yat_B	E	69	ZN	1
5yat_B	C	45	ZN	1
5yat_B	C	155	ZN	1
5yat_B	H	68	ZN	1
5yat_B	C	113	ZN	1
5yat_B	C	102	ZN	1
5yat_B	C	105	ZN	1
5yat_B	C	99	ZN	1
5yef_J	H	48	ZN	1
5yef_J	C	32	ZN	1
5yef_J	H	53	ZN	1
5yef_J	C	35	ZN	1
5yef_J	C	61	ZN	1
5yef_J	H	77	ZN	1
5yef_J	H	81	ZN	1
5yef_J	C	64	ZN	1
5yef_J	C	89	ZN	1
5yef_J	H	109	ZN	1
5yef_J	C	92	ZN	1
5yef_J	H	105	ZN	1
5yef_J	H	138	ZN	1
5yef_J	C	117	ZN	1
5yef_J	C	120	ZN	1
5yef_J	H	133	ZN	1
5yef_J	H	168	ZN	1
5yef_J	C	147	ZN	1
5yef_J	C	150	ZN	1
5yef_J	H	163	ZN	1
5yef_J	H	197	ZN	1
5yef_J	C	180	ZN	1
5yef_J	H	193	ZN	1
5yef_J	C	177	ZN	1
5yeg_B	H	24	ZN	1
5yeg_B	H	20	ZN	1
5yeg_B	C	7	ZN	1
5yeg_B	C	4	ZN	1
5yeg_B	C	63	ZN	1
5yeg_B	H	81	ZN	1
5yeg_B	C	60	ZN	1
5yeg_B	H	76	ZN	1
5yeg_B	H	106	ZN	1
5yeg_B	H	111	ZN	1
5yeg_B	C	90	ZN	1
5yeg_B	C	93	ZN	1
5yeg_B	C	123	ZN	1
5yeg_B	H	140	ZN	1
5yeg_B	C	120	ZN	1
5yeg_B	H	136	ZN	1
5yeg_B	H	48	ZN	1
5yeg_B	H	52	ZN	1
5yeg_B	C	32	ZN	1
5yeg_B	C	35	ZN	1
5yf4_A	C	61	ZN	1
5yf4_A	H	64	ZN	1
5yf4_A	C	70	ZN	1
5yf4_A	H	78	ZN	1
5yf4_A	C	43	ZN	1
5yf4_A	C	48	ZN	1
5yf4_A	H	125	ZN	1
5yf4_A	H	120	ZN	1
5yh1_A	D	228	MN	1
5yh1_A	D	136	MN	1
5yh1_A	D	66	MN	1
5yh1_A	H	162	MN	1
5yhz_A	E	23	ZN	1
5yhz_A	H	41	ZN	1
5yhz_A	H	111	ZN	1
5yhz_A	H	107	ZN	1
5yhz_A	E	106	ZN	1
5yhz_A	C	29	ZN	1
5yhz_A	H	110	ZN	1
5yix_B	C	34	ZN	1
5yix_B	H	62	ZN	1
5yix_B	C	59	ZN	1
5yix_B	C	49	ZN	1
5yj3_D	C	66	ZN	1
5yj3_D	C	69	ZN	1
5yj3_D	H	86	ZN	1
5yj3_D	H	82	ZN	1
5yj3_D	H	54	ZN	1
5yj3_D	C	41	ZN	1
5yj3_D	H	58	ZN	1
5yjg_A	C	195	MG	0
5yjg_A	E	300	MG	0
5yjg_A	D	337	MG	0
5yka_A	D	147	CO	1
5yka_A	H	145	CO	1
5yka_A	H	259	CO	1
5ylb_A	H	99	FE	1
5ylb_A	D	101	FE	1
5ylb_A	H	153	FE	1
5ylg_A	D	34	ZN	1
5ylg_A	D	25	ZN	1
5ylg_A	E	27	ZN	1
5yox_H	D	158	ZN	1
5yox_H	H	88	ZN	1
5yox_H	H	60	ZN	1
5yox_H	D	89	ZN	1
5yps_B	D	188	CA	0
5yps_B	E	193	CA	0
5yps_B	E	191	CA	0
5yps_B	D	192	CA	0
5yps_B	E	146	CA	0
5yps_B	E	195	CA	0
5yq0_C	D	137	CA	0
5yq0_C	E	79	CA	0
5yrv_J	E	169	CA	0
5yrv_J	E	220	CA	0
5ys5_A	H	504	CU	1
5ys5_A	C	499	CU	1
5ys5_A	H	442	CU	1
5ys5_A	H	500	CU	1
5ys5_A	H	140	CU	1
5ys5_A	H	102	CU	1
5ys5_A	H	447	CU	1
5ys5_A	H	142	CU	1
5ys5_A	H	498	CU	1
5ys5_A	E	109	CU	1
5ys5_A	H	493	CU	1
5ysb_A	E	74	ZN	1
5ysb_A	H	49	ZN	1
5ysb_A	H	392	ZN	1
5ysb_A	H	391	ZN	1
5yt6_H	H	23	ZN	1
5yt6_H	H	27	ZN	1
5yt6_H	C	4	ZN	1
5yt6_H	C	7	ZN	1
5yt7_B	C	130	CU	1
5yt7_B	H	64	CU	1
5yt7_B	H	2	CU	1
5yt7_B	D	41	CA	0
5yug_G	H	55	ZN	1
5yug_G	C	75	ZN	1
5yug_G	H	72	ZN	1
5yug_G	C	51	ZN	1
5yug_G	C	67	ZN	1
5yug_G	C	95	ZN	1
5yug_G	C	64	ZN	1
5yug_G	C	92	ZN	1
5yug_G	C	10	ZN	1
5yug_G	C	41	ZN	1
5yug_G	C	38	ZN	1
5yug_G	C	15	ZN	1
5yvk_A	E	172	CA	0
5yvk_A	D	213	CA	0
5yvk_A	E	36	CA	0
5yvk_A	E	92	CA	0
5ywr_B	C	45	ZN	1
5ywr_B	C	71	ZN	1
5ywr_B	H	68	ZN	1
5ywr_B	C	48	ZN	1
5ywr_B	H	21	ZN	1
5ywr_B	C	25	ZN	1
5ywr_B	C	9	ZN	1
5ywr_B	C	6	ZN	1
5ywr_B	C	63	ZN	1
5ywr_B	H	85	ZN	1
5ywr_B	C	65	ZN	1
5ywr_B	C	82	ZN	1
5yy2_A	H	185	ZN	1
5yy2_A	H	217	ZN	1
5yy2_A	H	189	ZN	1
5yz4_A	C	82	ZN	1
5yz4_A	C	72	ZN	1
5yz4_A	H	74	ZN	1
5yz4_A	C	43	ZN	1
5z06_B	D	174	CA	0
5z06_B	E	11	CA	0
5z0d_A	H	37	CU	1
5z0d_A	H	62	CU	1
5z0d_A	H	53	CU	1
5z0d_A	H	189	CU	1
5z0d_A	H	193	CU	1
5z0d_A	H	215	CU	1
5z0l_B	H	96	CU	1
5z0l_B	H	81	CU	1
5z0u_A	D	3	CA	0
5z0u_A	D	41	CA	0
5z0u_A	D	95	CA	0
5z0u_A	D	188	CA	0
5z0u_A	D	150	CA	0
5z0u_A	D	146	CA	0
5z0u_A	E	287	CA	0
5z0u_A	D	275	CA	0
5z2v_B	C	68	ZN	1
5z2v_B	C	59	ZN	1
5z2v_B	C	71	ZN	1
5z2v_B	C	56	ZN	1
5z42_A	H	29	ZN	1
5z42_A	E	33	ZN	1
5z42_A	C	47	ZN	1
5z42_A	C	78	ZN	1
5z42_A	H	80	ZN	1
5z46_A	E	208	MG	0
5z46_A	E	62	MG	0
5z46_A	D	64	MG	0
5z4g_B	E	70	ZN	1
5z4g_B	H	72	ZN	1
5z4g_B	H	74	ZN	1
5z6e_A	D	38	CA	0
5z8l_A	C	150	ZN	1
5z8l_A	C	174	ZN	1
5z8l_A	C	148	ZN	1
5z8l_A	H	171	ZN	1
5z8l_A	C	193	ZN	1
5z8l_A	C	166	ZN	1
5z8l_A	C	163	ZN	1
5z8l_A	C	190	ZN	1
5zb8_E	E	75	ZN	1
5zb8_E	H	83	ZN	1
5zb8_E	H	138	ZN	1
5zb8_E	H	9	ZN	1
5zb8_E	H	7	ZN	1
5zb8_E	D	192	ZN	1
5zb8_E	C	251	ZN	1
5zb8_E	C	270	ZN	1
5zb8_E	C	248	ZN	1
5zb8_E	C	267	ZN	1
5zdm_A	D	132	CA	0
5zdm_A	D	128	CA	0
5zdm_A	E	130	CA	0
5zdm_A	D	146	CA	0
5zdz_C	D	218	CA	0
5zdz_C	E	580	CA	0
5zdz_C	H	560	ZN	1
5zdz_C	H	555	ZN	1
5zdz_C	C	345	ZN	1
5zdz_C	C	348	ZN	1
5ze3_B	D	231	CA	0
5ze3_B	D	406	CA	0
5ze3_B	E	404	CA	0
5ze3_B	H	310	ZN	1
5ze3_B	H	312	ZN	1
5ze3_B	H	308	ZN	1
5zhf_B	D	146	ZN	1
5zhf_B	H	192	ZN	1
5zhf_B	H	139	ZN	1
5zhv_A	H	21	ZN	1
5zhv_A	H	39	ZN	1
5zhv_A	E	35	ZN	1
5zhv_A	E	99	ZN	1
5zhv_A	H	17	ZN	1
5zi6_H	C	42	ZN	1
5zi6_H	C	39	ZN	1
5zi6_H	H	20	ZN	1
5zi6_H	C	18	ZN	1
5zi6_H	C	24	ZN	1
5zi6_H	C	6	ZN	1
5zi6_H	C	3	ZN	1
5zi6_H	C	27	ZN	1
5zkq_A	E	372	ZN	1
5zkq_A	H	381	ZN	1
5zkq_A	H	5	ZN	1
5zmu_D	E	33	ZN	1
5zmu_D	H	66	ZN	1
5zmu_D	H	68	ZN	1
5znt_A	H	100	ZN	1
5znt_A	H	104	ZN	1
5znt_A	D	45	ZN	1
5zod_A	D	180	MG	0
5zod_A	D	178	MG	0
5zod_A	E	159	MG	0
5zod_A	D	232	MG	0
5zr8_A	H	164	ZN	1
5zr8_A	H	95	ZN	1
5zr8_A	H	97	ZN	1
5zr8_A	H	225	ZN	1
5zr8_A	D	99	ZN	1
5zr8_A	C	183	ZN	1
5zr8_A	E	202	ZN	1
5zr8_A	E	127	ZN	1
5zr8_A	D	198	ZN	1
5zrq_A	E	177	ZN	1
5zrq_A	E	253	ZN	1
5zrq_A	D	207	ZN	1
5zrq_A	D	3	ZN	1
5zrq_A	E	7	ZN	1
5zrt_B	C	52	ZN	1
5zrt_B	C	86	ZN	1
5zrt_B	C	55	ZN	1
5zrt_B	C	89	ZN	1
5zru_C	D	277	ZN	1
5zru_C	H	311	ZN	1
5zru_C	H	2	ZN	1
5zru_C	D	197	CA	0
5zru_C	D	201	CA	0
5zru_C	D	21	CA	0
5zru_C	D	168	CA	0
5zsz_A	H	205	CA	0
5zsz_A	D	206	CA	0
5zsz_A	H	149	FE	1
5zsz_A	E	270	FE	1
5zsz_A	H	219	FE	1
5zt7_B	H	21	CO	1
5zt7_B	E	54	CO	1
5zt7_B	H	87	CO	1
5ztb_C	C	129	SF4	2
5ztb_C	C	221	SF4	2
5ztb_C	C	132	SF4	2
5ztb_C	C	2	ZN	1
5ztb_C	C	21	ZN	1
5ztb_C	H	24	ZN	1
5ztb_C	C	273	ZN	1
5ztb_C	C	276	ZN	1
5ztb_C	C	285	ZN	1
5ztb_C	C	288	ZN	1
5zum_B	H	360	ZN	1
5zum_B	E	389	ZN	1
5zum_B	H	356	ZN	1
5zvx_A	H	100	ZN	1
5zvx_A	H	256	ZN	1
5zvx_A	E	135	ZN	1
6a2u_D	C	217	F3S	2
6a2u_D	C	211	F3S	2
6a2u_D	C	221	F3S	2
6a48_A	D	472	CA	0
6a48_A	D	193	CA	0
6a48_A	D	171	CA	0
6a48_A	D	663	CA	0
6a48_A	D	152	CA	0
6a48_A	D	13	CA	0
6a48_A	D	11	CA	0
6a48_A	H	42	CA	0
6a48_A	E	229	CA	0
6a48_A	D	362	CA	0
6a48_A	E	231	CA	0
6a48_A	D	658	CA	0
6a48_A	D	595	CA	0
6a48_A	E	599	CA	0
6a53_B	H	55	MN	1
6a53_B	E	61	MN	1
6a53_B	H	57	MN	1
6a53_B	H	95	MN	1
6a56_B	D	141	CA	0
6a56_B	E	147	CA	0
6a58_A	C	29	ZN	1
6a58_A	C	24	ZN	1
6a58_A	H	59	ZN	1
6a58_A	H	42	ZN	1
6a58_A	H	65	ZN	1
6a58_A	C	52	ZN	1
6a58_A	C	47	ZN	1
6a58_A	H	69	ZN	1
6a58_A	C	82	ZN	1
6a58_A	H	99	ZN	1
6a58_A	H	95	ZN	1
6a58_A	C	77	ZN	1
6a58_A	C	112	ZN	1
6a58_A	H	131	ZN	1
6a58_A	H	125	ZN	1
6a58_A	C	107	ZN	1
6a5k_A	C	331	ZN	1
6a5k_A	C	289	ZN	1
6a5k_A	C	305	ZN	1
6a5k_A	C	335	ZN	1
6a5k_A	C	341	ZN	1
6a5k_A	C	337	ZN	1
6a5k_A	C	295	ZN	1
6a5k_A	C	291	ZN	1
6a5k_A	C	303	ZN	1
6a5k_A	C	514	ZN	1
6a5k_A	C	521	ZN	1
6a5k_A	C	516	ZN	1
6a5k_A	C	456	ZN	1
6a6f_B	D	38	ZN	1
6a6f_B	C	61	ZN	1
6a6f_B	C	122	ZN	1
6a6f_B	C	36	ZN	1
6a6f_B	H	2	NI	1
6a94_A	E	290	ZN	1
6a94_A	H	116	ZN	1
6a94_A	H	115	ZN	1
6a94_A	E	197	ZN	1
6aa4_A	H	159	ZN	1
6aa4_A	H	82	ZN	1
6aa4_A	D	80	ZN	1
6aa4_A	H	157	ZN	1
6aef_B	C	18	ZN	1
6aef_B	H	20	ZN	1
6aef_B	H	134	ZN	1
6aef_B	H	123	ZN	1
6agi_B	E	125	CA	0
6agi_B	D	116	CA	0
6agi_B	D	114	CA	0
6agi_B	D	352	CA	0
6agi_B	D	354	CA	0
6agi_B	E	363	CA	0
6agi_B	D	356	CA	0
6ai0_B	D	355	CA	0
6ajp_A	C	139	SF4	2
6ajp_A	H	114	SF4	2
6ajp_A	C	43	SF4	2
6ajp_A	C	46	SF4	2
6akv_A	H	99	ZN	1
6akv_A	D	106	ZN	1
6akv_A	H	151	ZN	1
6akz_A	H	191	FE	1
6akz_A	H	354	FE	1
6akz_A	D	193	FE	1
6anj_A	D	57	CA	0
6anj_A	D	110	CA	0
6anj_A	D	112	CA	0
6anj_A	D	51	CA	0
6anj_A	D	118	CA	0
6ank_B	D	51	CA	0
6ank_B	D	112	CA	0
6ank_B	D	110	CA	0
6ank_B	D	57	CA	0
6ank_B	D	118	CA	0
6ank_B	D	182	CA	0
6ank_B	D	242	CA	0
6ank_B	D	244	CA	0
6ank_B	D	188	CA	0
6ank_B	D	250	CA	0
6ao1_D	H	106	CA	0
6ao1_D	D	231	CA	0
6ao1_D	H	276	CA	0
6ao1_D	D	105	CA	0
6ao1_D	H	212	CA	0
6ao1_D	H	103	CA	0
6ao1_D	H	101	CA	0
6aok_A	D	166	MG	0
6aok_A	D	17	MG	0
6aok_A	D	19	MG	0
6apg_A	E	206	CA	0
6apg_A	D	209	CA	0
6atg_B	E	94	MG	0
6atg_B	H	108	MG	0
6avj_C	C	24	FES	2
6avj_C	C	35	FES	2
6avj_C	C	26	FES	2
6avj_C	C	39	FES	2
6avj_C	C	62	FES	2
6avj_C	C	73	FES	2
6avj_C	C	64	FES	2
6avj_C	C	77	FES	2
6b05_A	E	164	ZN	1
6b05_A	H	83	ZN	1
6b05_A	H	79	ZN	1
6b0o_D	H	54	ZN	1
6b0o_D	C	36	ZN	1
6b0o_D	H	58	ZN	1
6b0o_D	C	41	ZN	1
6b0o_D	C	69	ZN	1
6b0o_D	C	66	ZN	1
6b0o_D	H	86	ZN	1
6b0o_D	H	82	ZN	1
6b0o_D	H	112	ZN	1
6b0o_D	C	99	ZN	1
6b0o_D	C	94	ZN	1
6b0o_D	H	116	ZN	1
6b0o_D	H	24	ZN	1
6b0o_D	C	6	ZN	1
6b0o_D	C	11	ZN	1
6b0o_D	H	28	ZN	1
6b3a_A	H	478	MN	1
6b3a_A	H	391	MN	1
6b62_B	D	37	MG	0
6b62_B	E	66	MG	0
6b62_B	E	67	MG	0
6b8w_B	H	34	MN	1
6b8w_B	H	74	MN	1
6b8w_B	E	40	MN	1
6b9o_B	D	144	ZN	1
6b9o_B	H	22	ZN	1
6b9o_B	H	385	ZN	1
6b9o_B	D	24	ZN	1
6b9s_G	H	147	FE	1
6b9s_G	H	189	FE	1
6b9v_B	C	22	ZN	1
6b9v_B	H	233	ZN	1
6b9v_B	C	24	ZN	1
6b9v_B	C	27	ZN	1
6bbt_B	D	103	CA	0
6bbt_B	D	270	CA	0
6bbt_B	D	266	CA	0
6bbt_B	E	249	CA	0
6bd4_A	C	284	ZN	1
6bd4_A	C	317	ZN	1
6bd4_A	C	281	ZN	1
6bd4_A	C	314	ZN	1
6bdj_A	H	148	FE	1
6bdj_A	H	146	FE	1
6bgd_A	D	74	CA	0
6bgd_A	D	165	CA	0
6bgd_A	D	70	CA	0
6bky_D	D	274	MG	0
6bky_D	D	278	MG	0
6bky_D	D	251	MG	0
6bmn_B	H	136	ZN	1
6bmn_B	C	123	ZN	1
6bmn_B	C	126	ZN	1
6bmn_B	C	143	ZN	1
6bmn_B	C	140	ZN	1
6bmn_B	C	137	ZN	1
6bmn_B	H	150	ZN	1
6bmn_B	C	157	ZN	1
6bmt_A	D	337	CA	0
6bmt_A	D	261	CA	0
6bnc_B	D	263	ZN	1
6bnc_B	H	264	ZN	1
6bnc_B	E	38	ZN	1
6bnc_B	H	276	ZN	1
6bnc_B	H	194	ZN	1
6bnz_A	E	213	CO	1
6bnz_A	H	101	CO	1
6box_B	C	296	ZN	1
6box_B	C	224	ZN	1
6box_B	C	289	ZN	1
6box_B	C	291	ZN	1
6box_B	C	129	ZN	1
6box_B	C	125	ZN	1
6box_B	C	119	ZN	1
6box_B	C	80	ZN	1
6box_B	C	90	ZN	1
6box_B	C	123	ZN	1
6box_B	C	72	ZN	1
6box_B	C	88	ZN	1
6box_B	C	74	ZN	1
6bs6_B	H	369	CA	0
6bs6_B	D	329	CA	0
6bs6_B	D	52	CA	0
6bs6_B	D	54	CA	0
6bs6_B	D	58	CA	0
6bs6_B	D	50	CA	0
6bt9_B	D	507	CA	0
6bt9_B	D	478	CA	0
6bt9_B	D	549	CA	0
6bt9_B	E	480	CA	0
6bum_B	E	296	CA	0
6bx7_A	D	106	CA	0
6bx7_A	E	9	CA	0
6bx7_A	D	59	CA	0
6bx7_A	E	61	CA	0
6bx7_A	D	103	CA	0
6bx7_A	D	139	CA	0
6bx7_A	D	137	CA	0
6bx7_A	D	197	CA	0
6bx7_A	D	182	CA	0
6bx7_A	E	122	CA	0
6bx7_A	E	184	CA	0
6bx7_A	D	218	CA	0
6bx7_A	D	251	CA	0
6bx7_A	D	215	CA	0
6bx7_A	D	304	CA	0
6bx7_A	D	249	CA	0
6bx7_A	D	289	CA	0
6bx7_A	E	234	CA	0
6bx7_A	E	291	CA	0
6bx7_A	D	325	CA	0
6bx7_A	D	366	CA	0
6bx7_A	D	322	CA	0
6bx7_A	D	364	CA	0
6bx7_A	D	423	CA	0
6bx7_A	D	408	CA	0
6bx7_A	D	441	CA	0
6bx7_A	E	349	CA	0
6bxz_C	E	20	CA	0
6bxz_C	D	69	CA	0
6bxz_C	D	112	CA	0
6bxz_C	E	71	CA	0
6bxz_C	D	145	CA	0
6bxz_C	D	109	CA	0
6bxz_C	E	110	CA	0
6bxz_C	D	199	CA	0
6bxz_C	H	113	CA	0
6bxz_C	D	143	CA	0
6c2c_A	D	225	ZN	1
6c2c_A	H	123	ZN	1
6c2c_A	H	272	ZN	1
6c2c_A	D	122	ZN	1
6c2c_A	H	120	ZN	1
6c2c_A	H	204	ZN	1
6c2c_A	H	118	ZN	1
6c2z_A	D	207	CA	0
6c33_A	D	124	MN	1
6c33_A	D	147	MN	1
6c33_A	D	145	MN	1
6c33_A	D	207	MN	1
6c33_A	D	204	MN	1
6c72_C	D	518	ZN	1
6c8z_A	D	65	NI	1
6c8z_A	D	62	NI	1
6c8z_A	D	64	NI	1
6ceo_A	D	73	MG	0
6cgj_A	D	24	MG	0
6cgj_A	D	154	MG	0
6cgj_A	D	22	MG	0
6ck1_B	H	123	ZN	1
6ck1_B	H	217	ZN	1
6ck1_B	H	166	ZN	1
6ck1_B	H	101	ZN	1
6ck1_B	H	407	ZN	1
6ck1_B	D	103	ZN	1
6cl6_D	H	242	FE	1
6cl6_D	H	244	FE	1
6cl6_D	D	308	CA	0
6cpu_A	H	277	ZN	1
6cpu_A	D	349	ZN	1
6cpu_A	D	461	ZN	1
6cpu_A	H	348	ZN	1
6cqg_A	H	38	ZN	1
6cqg_A	H	34	ZN	1
6cqg_A	H	47	ZN	1
6csl_A	D	24	ZN	1
6csl_A	H	45	ZN	1
6csl_A	H	48	ZN	1
6csl_A	H	50	ZN	1
6cv7_A	D	120	CA	0
6cv7_A	E	27	CA	0
6cv7_A	D	84	CA	0
6cv7_A	E	26	CA	0
6cv7_A	D	82	CA	0
6cv7_A	D	117	CA	0
6cv7_A	D	158	CA	0
6cv7_A	D	214	CA	0
6cv7_A	D	156	CA	0
6cv7_A	D	288	CA	0
6cv7_A	E	136	CA	0
6cv7_A	D	238	CA	0
6cv7_A	D	235	CA	0
6cv7_A	D	286	CA	0
6cv7_A	D	237	CA	0
6cvq_B	C	158	ZN	1
6cvq_B	H	174	ZN	1
6cvq_B	C	161	ZN	1
6cvq_B	H	178	ZN	1
6cw3_G	C	6	ZN	1
6cw3_G	C	30	ZN	1
6cw3_G	C	33	ZN	1
6cw3_G	C	9	ZN	1
6cw3_G	C	24	ZN	1
6cw3_G	C	21	ZN	1
6cw3_G	H	43	ZN	1
6cw3_G	H	47	ZN	1
6cwo_B	H	119	MN	1
6cwo_B	E	86	MN	1
6cwo_B	E	214	MN	1
6cwo_B	E	116	MN	1
6cwo_B	H	217	MN	1
6cwo_B	E	179	MN	1
6cwy_D	C	463	ZN	1
6cwy_D	C	180	ZN	1
6cwy_D	C	460	ZN	1
6cwy_D	C	177	ZN	1
6cwy_D	H	143	MG	0
6cxb_A	E	128	MG	0
6cxb_A	H	71	MG	0
6cxb_A	D	70	MG	0
6cxo_A	D	108	CA	0
6cxo_A	D	102	CA	0
6cxo_A	D	100	CA	0
6cxo_A	E	109	CA	0
6cxo_A	D	214	MG	0
6cyy_B	C	389	SF4	2
6cyy_B	C	397	SF4	2
6cyy_B	C	392	SF4	2
6cyy_B	C	305	SF4	2
6cz7_C	C	20	SF4	2
6cz7_C	C	23	SF4	2
6cz7_C	C	27	SF4	2
6cz7_C	C	55	SF4	2
6cz7_D	C	11	SF4	2
6cz7_D	C	182	SF4	2
6cz7_D	C	14	SF4	2
6cz7_D	C	17	SF4	2
6cz7_D	C	21	SF4	2
6cz7_D	C	163	SF4	2
6cz7_D	C	166	SF4	2
6cz7_D	C	178	SF4	2
6cz7_D	C	98	SF4	2
6cz7_D	C	64	SF4	2
6cz7_D	C	56	SF4	2
6cz7_D	C	59	SF4	2
6cz7_D	C	68	SF4	2
6cz7_D	C	88	SF4	2
6cz7_D	C	91	SF4	2
6cz7_D	C	94	SF4	2
6d0g_A	H	122	MN	1
6d0g_A	H	78	MN	1
6d0g_A	H	80	MN	1
6d2c_B	D	78	CA	0
6d2s_A	D	249	CA	0
6d2y_A	D	451	MG	0
6d2y_A	D	226	MG	0
6d2y_A	D	224	MG	0
6d9f_B	E	113	FE	1
6d9f_B	E	211	FE	1
6d9f_B	E	179	FE	1
6d9f_B	H	214	FE	1
6d9f_B	H	116	FE	1
6d9f_B	E	83	FE	1
6dcr_B	C	409	ZN	1
6dcr_B	C	406	ZN	1
6dcr_B	C	424	ZN	1
6dcr_B	C	427	ZN	1
6dcr_B	C	400	ZN	1
6dcr_B	C	440	ZN	1
6dcr_B	C	437	ZN	1
6dcr_B	C	397	ZN	1
6ddt_A	D	518	CA	0
6deh_B	H	1	NI	1
6deh_B	H	2	NI	1
6dex_B	C	101	ZN	1
6dex_B	C	99	ZN	1
6dex_B	C	153	ZN	1
6dex_B	H	155	ZN	1
6dfb_A	C	28	ZN	1
6dfb_A	H	41	ZN	1
6dfb_A	C	25	ZN	1
6dfb_A	H	45	ZN	1
6dfb_A	C	56	ZN	1
6dfb_A	C	53	ZN	1
6dfb_A	H	73	ZN	1
6dfb_A	H	69	ZN	1
6dfb_A	C	81	ZN	1
6dfb_A	H	97	ZN	1
6dfb_A	C	84	ZN	1
6dfb_A	H	102	ZN	1
6dk9_I	D	96	ZN	1
6dk9_I	H	95	ZN	1
6dk9_I	H	62	ZN	1
6dlh_A	D	335	CA	0
6dlh_A	D	329	CA	0
6dlh_A	E	667	CA	0
6dlh_A	D	714	CA	0
6dlh_A	D	665	CA	0
6dlh_A	D	669	CA	0
6dlh_A	D	559	CA	0
6dlh_A	E	561	CA	0
6dlh_A	D	563	CA	0
6dlh_A	D	608	CA	0
6dlh_A	E	452	CA	0
6dlh_A	D	450	CA	0
6dlh_A	D	501	CA	0
6dnw_A	C	180	ZN	1
6dnw_A	C	140	ZN	1
6dnw_A	C	143	ZN	1
6dnw_A	C	168	ZN	1
6dps_F	H	73	ZN	1
6dps_F	E	75	ZN	1
6dps_F	E	101	ZN	1
6dps_F	H	122	ZN	1
6dps_F	E	15	ZN	1
6dps_F	E	64	ZN	1
6ds6_A	C	38	ZN	1
6ds6_A	C	13	ZN	1
6ds6_A	C	16	ZN	1
6ds6_A	C	35	ZN	1
6ds6_A	C	26	ZN	1
6ds6_A	H	46	ZN	1
6ds6_A	C	29	ZN	1
6ds6_A	H	44	ZN	1
6dtk_I	H	48	CU	1
6dtk_I	H	120	CU	1
6dtk_I	H	46	CU	1
6dtk_I	H	232	CU	1
6dtk_I	H	289	CU	1
6dtk_I	H	217	CU	1
6dtk_I	H	215	CU	1
6dtv_A	C	158	SF4	2
6dtv_A	C	118	SF4	2
6dtv_A	C	20	SF4	2
6dtv_A	C	101	SF4	2
6dvv_A	C	171	MN	1
6dvv_A	H	202	MN	1
6dyo_A	D	79	CA	0
6e12_B	E	135	MG	0
6e12_B	H	123	MG	0
6e12_B	H	119	MG	0
6e36_B	E	263	MG	0
6e48_F	D	98	CA	0
6e6q_B	C	5	FES	2
6e6q_B	C	40	FES	2
6e6q_B	C	37	FES	2
6e6q_B	C	3	FES	2
6e85_B	H	214	NI	1
6e85_B	H	269	NI	1
6e85_B	H	170	NI	1
6e90_B	E	304	CA	0
6e90_B	D	122	CA	0
6eac_D	D	388	CA	0
6eer_D	D	359	MG	0
6ef7_A	D	32	CA	0
6ef7_A	D	4	CA	0
6ef7_A	E	6	CA	0
6ef7_A	D	95	CA	0
6eff_D	D	32	CA	0
6eff_D	D	5	CA	0
6eff_D	E	7	CA	0
6eff_D	D	105	CA	0
6eff_D	D	195	CA	0
6ehf_A	D	5	CA	0
6ekb_A	C	62	ZN	1
6ekb_A	C	19	ZN	1
6ekb_A	C	65	ZN	1
6ekb_A	C	16	ZN	1
6ekb_A	C	54	ZN	1
6ekb_A	C	51	ZN	1
6ekb_A	C	30	ZN	1
6ekb_A	C	27	ZN	1
6ekb_A	E	22	ZN	1
6ekb_A	C	24	ZN	1
6ekb_A	E	59	ZN	1
6eke_C	D	13	ZN	1
6eke_C	D	15	ZN	1
6ekg_Y	D	56	MG	0
6ekg_Y	D	11	MG	0
6eon_A	E	677	CA	0
6eon_A	D	715	CA	0
6eop_C	D	277	CA	0
6epy_C	D	184	CA	0
6epy_C	D	461	CA	0
6epy_C	D	457	CA	0
6epy_C	D	113	CA	0
6esl_A	E	256	ZN	1
6esl_A	H	361	ZN	1
6esl_A	D	221	ZN	1
6esl_A	H	208	ZN	1
6esl_A	D	283	ZN	1
6et9_H	C	22	ZN	1
6et9_H	C	19	ZN	1
6et9_H	C	36	ZN	1
6et9_H	C	33	ZN	1
6eu4_A	H	59	ZN	1
6exf_D	E	177	FE	1
6exf_D	H	175	FE	1
6exf_D	H	311	FE	1
6f06_B	D	154	ZN	1
6f06_B	H	139	ZN	1
6f06_B	E	152	ZN	1
6f06_B	E	91	ZN	1
6f06_B	E	95	ZN	1
6f06_B	E	190	ZN	1
6f45_B	D	33	MG	0
6f45_B	D	31	MG	0
6ffz_D	C	91	ZN	1
6ffz_D	C	105	ZN	1
6ffz_D	C	97	ZN	1
6ffz_D	C	94	ZN	1
6ffz_D	H	61	ZN	1
6ffz_D	C	37	ZN	1
6ffz_D	D	152	ZN	1
6fgo_H	D	47	CA	0
6fgo_H	E	50	CA	0
6fhg_B	C	138	ZN	1
6fhg_B	H	130	ZN	1
6fhg_B	H	29	ZN	1
6fi8_G	E	60	CA	0
6fih_A	C	7	CA	0
6fjk_B	D	425	MG	0
6fjk_B	D	386	MG	0
6fjk_B	C	348	ZN	1
6fjk_B	H	364	ZN	1
6fjk_B	C	351	ZN	1
6fjk_B	H	338	ZN	1
6fju_B	H	108	ZN	1
6fju_B	D	121	ZN	1
6fju_B	H	110	ZN	1
6fl1_A	C	247	ZN	1
6fl1_A	C	264	ZN	1
6fl1_A	C	267	ZN	1
6fl1_A	C	244	ZN	1
6fnd_D	C	225	ZN	1
6fnd_D	C	220	ZN	1
6fnd_D	C	222	ZN	1
6fnd_D	C	164	ZN	1
6fnd_D	C	240	ZN	1
6fnd_D	C	262	ZN	1
6fnd_D	C	237	ZN	1
6fnd_D	C	259	ZN	1
6fnn_A	D	102	ZN	1
6fnn_A	H	89	ZN	1
6foh_A	E	70	MG	0
6foh_A	E	72	MG	0
6foh_A	D	101	MG	0
6fok_B	C	142	CU	1
6fok_B	H	322	CU	1
6fop_A	D	145	MG	0
6fop_A	E	600	NI	1
6fop_A	E	604	NI	1
6fop_A	H	561	NI	1
6fop_A	H	573	NI	1
6fp5_B	C	70	ZN	1
6fp5_B	C	21	ZN	1
6fp5_B	C	18	ZN	1
6fp5_B	C	73	ZN	1
6fp6_X	H	163	ZN	1
6fp6_X	D	166	ZN	1
6fp6_X	H	154	ZN	1
6fp6_X	H	146	ZN	1
6fpy_B	D	390	MG	0
6fue_E	E	28	ZN	1
6fue_E	E	9	ZN	1
6fue_E	E	12	ZN	1
6fvj_A	E	49	CA	0
6fws_B	C	204	SF4	2
6fws_B	C	119	SF4	2
6fwv_B	E	111	ZN	1
6fwv_B	E	512	ZN	1
6fwv_B	H	114	ZN	1
6g2g_A	C	201	SF4	2
6g2g_A	C	198	SF4	2
6g35_A	H	35	CO	1
6g35_A	C	25	CO	1
6g35_A	H	121	CO	1
6g3x_A	H	274	NI	1
6g3x_A	H	268	NI	1
6g85_A	H	194	ZN	1
6g85_A	E	192	ZN	1
6g85_A	H	237	ZN	1
6g85_A	H	205	ZN	1
6geh_A	H	87	MG	0
6gez_B	D	249	CA	0
6gez_B	D	247	CA	0
6gez_B	E	258	CA	0
6gez_B	D	283	CA	0
6gez_B	D	285	CA	0
6gez_B	E	294	CA	0
6ghc_A	C	260	ZN	1
6ghc_A	C	216	ZN	1
6ghc_A	C	257	ZN	1
6ghc_A	C	219	ZN	1
6ghc_A	H	261	ZN	1
6ghc_A	H	237	ZN	1
6ghc_A	H	265	ZN	1
6ghs_A	C	212	ZN	1
6ghs_A	C	209	ZN	1
6ghs_A	D	252	ZN	1
6ghs_A	C	249	ZN	1
6glc_A	H	258	ZN	1
6glc_A	C	290	ZN	1
6glc_A	C	294	ZN	1
6glc_A	C	254	ZN	1
6glc_A	C	378	ZN	1
6glc_A	H	374	ZN	1
6glc_A	C	369	ZN	1
6glc_A	C	366	ZN	1
6glc_A	C	197	ZN	1
6glc_A	C	170	ZN	1
6glc_A	C	202	ZN	1
6glc_A	C	167	ZN	1
6glc_A	C	261	ZN	1
6glc_A	C	242	ZN	1
6glc_A	C	239	ZN	1
6glc_A	C	264	ZN	1
6glc_A	C	353	ZN	1
6glc_A	C	338	ZN	1
6glc_A	C	361	ZN	1
6glc_A	C	333	ZN	1
6glc_A	H	216	ZN	1
6glc_A	C	151	ZN	1
6glc_A	C	155	ZN	1
6glc_A	C	213	ZN	1
6gm5_A	C	361	SF4	2
6gm5_A	C	169	SF4	2
6gm5_A	C	365	SF4	2
6gm5_A	C	114	SF4	2
6gmo_A	E	90	MG	0
6gmo_A	E	38	MG	0
6gmo_A	E	96	MG	0
6goc_A	C	322	ZN	1
6goc_A	C	320	ZN	1
6goc_A	H	205	ZN	1
6goc_A	H	249	ZN	1
6gpz_B	E	45	ZN	1
6gpz_B	E	48	ZN	1
6grh_2	C	191	ZN	1
6grh_2	C	289	ZN	1
6grh_2	C	194	ZN	1
6grh_2	C	291	ZN	1
6gvd_A	D	447	MG	0
6gyt_B	H	138	ZN	1
6gyt_B	C	141	ZN	1
6gyt_B	C	118	ZN	1
6gyt_B	C	119	ZN	1
6gyt_B	C	130	ZN	1
6gyt_B	C	133	ZN	1
6gyt_B	C	155	ZN	1
6gyt_B	C	158	ZN	1
6gyu_B	C	13	ZN	1
6gyu_B	C	23	ZN	1
6gyu_B	C	29	ZN	1
6gyu_B	C	16	ZN	1
6gyu_B	C	41	ZN	1
6gyu_B	C	32	ZN	1
6gzu_A	H	79	ZN	1
6gzu_A	H	59	ZN	1
6gzu_A	C	77	ZN	1
6gzu_A	C	94	ZN	1
6h08_C	D	36	CO	1
6h08_C	H	3	CO	1
6h08_C	H	5	CO	1
6h1a_A	D	470	ZN	1
6h1a_A	H	433	ZN	1
6h1a_A	H	448	ZN	1
6h1a_A	E	206	ZN	1
6h1a_A	D	451	ZN	1
6h1a_A	D	450	ZN	1
6h1x_A	H	195	CO	1
6h1x_A	H	27	CO	1
6h1x_A	H	197	CO	1
6h5a_B	D	70	MN	1
6h5a_B	D	88	MN	1
6h5a_B	D	67	MN	1
6h5a_B	D	92	MN	1
6h6o_B	D	123	CA	0
6h6o_B	D	128	CA	0
6h6o_B	E	126	CA	0
6h6x_B	D	390	CA	0
6h6x_B	D	417	CA	0
6h9h_B	H	193	MN	1
6h9h_B	D	191	MN	1
6hb0_B	E	45	ZN	1
6hb0_B	H	321	ZN	1
6hb0_B	H	317	ZN	1
6hb0_B	H	319	ZN	1
6hb0_B	E	261	ZN	1
6hb0_B	E	315	ZN	1
6hb0_B	H	316	ZN	1
6hb0_B	E	292	ZN	1
6hb0_B	E	38	ZN	1
6hb0_B	H	318	ZN	1
6hb0_B	E	46	ZN	1
6hb0_B	H	320	ZN	1
6hb0_B	H	245	ZN	1
6hb0_B	E	127	ZN	1
6hb0_B	D	291	ZN	1
6hb0_B	C	262	ZN	1
6hc6_C	D	322	ZN	1
6hc6_C	H	249	ZN	1
6hc6_C	D	261	ZN	1
6hc6_C	E	451	ZN	1
6hc6_C	H	400	ZN	1
6hc6_C	E	294	ZN	1
6hcz_B	C	55	ZN	1
6hcz_B	C	69	ZN	1
6hcz_B	C	72	ZN	1
6hcz_B	C	52	ZN	1
6hf2_A	E	178	CA	0
6hft_A	D	279	MG	0
6hk5_D	H	25	NI	1
6hk5_D	H	21	NI	1
6hk5_D	E	28	NI	1
6hk5_D	H	17	NI	1
6hk9_A	D	11	CA	0
6hk9_A	D	14	CA	0
6hk9_A	E	6	CA	0
6hk9_A	E	55	CA	0
6hlx_A	H	487	ZN	1
6hlx_A	D	211	ZN	1
6hlx_A	H	489	ZN	1
6hoy_B	C	170	ZN	1
6hoy_B	C	134	ZN	1
6hoy_B	C	159	ZN	1
6hoy_B	C	137	ZN	1
6hpd_A	E	591	MG	0
6hpo_A	H	284	FE	1
6hpo_A	E	329	FE	1
6hpo_A	H	289	FE	1
6hq7_B	E	271	MG	0
6hq7_B	D	300	MG	0
6hq7_B	E	172	MG	0
6hr1_B	E	318	CA	0
6hr1_B	D	309	CA	0
6hr1_B	D	307	CA	0
6hr1_B	D	311	CA	0
6hr1_B	E	391	CA	0
6hr1_B	D	382	CA	0
6hr1_B	D	380	CA	0
6hr1_B	E	354	CA	0
6hr1_B	D	345	CA	0
6hr1_B	D	343	CA	0
6hr1_B	E	427	CA	0
6hr1_B	D	420	CA	0
6hr1_B	D	416	CA	0
6hr1_B	D	418	CA	0
6hsm_F	H	11	FES	2
6hsm_F	C	109	FES	2
6hsm_F	E	7	FES	2
6hsm_F	C	89	FES	2
6htj_B	C	26	ZN	1
6htj_B	C	23	ZN	1
6htj_B	C	40	ZN	1
6htj_B	C	37	ZN	1
6hzn_A	H	429	MN	1
6hzn_A	E	447	MN	1
6i01_B	D	301	CA	0
6i01_B	E	149	CA	0
6i1t_A	E	233	CA	0
6i5r_A	D	106	ZN	1
6i5r_A	D	389	ZN	1
6i7s_B	D	366	CA	0
6i95_A	E	215	MN	1
6i95_A	E	82	MN	1
6i95_A	E	115	MN	1
6i95_A	H	118	MN	1
6i95_A	E	180	FE	1
6i95_A	H	218	FE	1
6i9a_B	D	108	CA	0
6i9a_B	E	114	CA	0
6i9a_B	D	110	CA	0
6i9a_B	D	84	CA	0
6i9a_B	E	262	CA	0
6iah_A	D	198	MG	0
6iah_A	D	5	MG	0
6iah_A	D	7	MG	0
6ial_B	E	35	CA	0
6ibh_B	H	0	CU	1
6ibh_B	D	121	CU	1
6ibh_B	H	48	CU	1
6icm_D	C	40	FES	2
6icm_D	C	43	FES	2
6icm_D	C	73	FES	2
6icm_D	C	35	FES	2
6icn_C	H	81	FES	2
6icn_C	C	79	FES	2
6icn_C	C	98	FES	2
6icn_C	H	101	FES	2
6icn_C	D	306	CO	1
6icn_C	H	190	CO	1
6icn_C	H	195	CO	1
6id1_U	H	764	ZN	1
6id1_U	H	717	ZN	1
6id1_U	C	677	ZN	1
6id1_U	C	674	ZN	1
6idy_C	D	254	CA	0
6idy_C	H	379	CA	0
6ie3_A	H	230	MN	1
6ie3_A	H	286	MN	1
6ie3_A	D	232	MN	1
6iej_A	D	26	CA	0
6iej_A	D	79	CA	0
6iej_A	D	29	CA	0
6iej_A	D	52	MG	0
6ifg_B	E	346	ZN	1
6ifg_B	H	323	ZN	1
6ifg_B	H	327	ZN	1
6ifh_A	D	7	MG	0
6ifh_A	D	8	MG	0
6ifh_A	D	51	MG	0
6ifn_A	C	421	ZN	1
6ifn_A	C	400	ZN	1
6ifn_A	C	403	ZN	1
6ifn_A	C	418	ZN	1
6ifn_A	D	15	MN	1
6ifn_A	H	54	MN	1
6ifn_A	H	30	MN	1
6ifp_C	H	80	CU	1
6ifp_C	C	77	CU	1
6ifp_C	H	39	CU	1
6igs_D	H	108	ZN	1
6igs_D	H	111	ZN	1
6igs_D	E	138	ZN	1
6iie_A	E	29	CA	0
6iie_A	D	18	CA	0
6iie_A	D	20	CA	0
6iie_A	D	63	CA	0
6iie_A	D	65	CA	0
6iie_A	E	74	CA	0
6iih_B	D	271	CA	0
6iih_B	D	273	CA	0
6iih_B	E	282	CA	0
6iih_B	E	472	CA	0
6iih_B	D	463	CA	0
6iih_B	D	465	CA	0
6iih_B	D	461	CA	0
6iih_B	C	467	CA	0
6ij2_D	D	158	CA	0
6il9_A	D	272	ZN	1
6il9_A	H	160	ZN	1
6il9_A	H	342	ZN	1
6im3_A	E	206	CA	0
6im3_A	E	241	CA	0
6im3_A	E	207	CA	0
6im3_A	D	183	CA	0
6im3_A	D	181	CA	0
6im3_A	E	208	CA	0
6im3_A	D	59	CA	0
6imq_D	C	30	ZN	1
6imq_D	C	11	ZN	1
6imq_D	C	33	ZN	1
6imq_D	C	25	ZN	1
6imq_D	C	22	ZN	1
6imq_D	H	37	ZN	1
6imq_D	H	43	ZN	1
6is3_C	D	58	CA	0
6is3_C	D	15	CA	0
6ist_C	D	30	CA	0
6ist_C	D	19	CA	0
6ist_C	D	21	CA	0
6iu5_B	E	18	ZN	1
6iu5_B	E	15	ZN	1
6iu5_B	H	2	ZN	1
6iu5_B	E	26	ZN	1
6iu5_B	E	29	ZN	1
6iu5_B	E	66	ZN	1
6iu5_B	E	11	ZN	1
6iu5_B	E	4	ZN	1
6iuy_B	D	205	MG	0
6iuy_B	D	40	MG	0
6iuy_B	D	42	MG	0
6iv5_A	H	216	ZN	1
6iv5_A	H	14	ZN	1
6iv5_A	D	294	ZN	1
6iv5_A	H	12	ZN	1
6iw6_B	C	54	ZN	1
6iw6_B	H	76	ZN	1
6iw6_B	C	57	ZN	1
6iw6_B	H	70	ZN	1
6iw6_B	C	255	ZN	1
6iw6_B	H	446	ZN	1
6iw6_B	H	444	ZN	1
6iw6_B	H	442	ZN	1
6iwd_B	C	47	ZN	1
6iwd_B	C	50	ZN	1
6iwd_B	C	17	ZN	1
6iwd_B	C	14	ZN	1
6ixt_A	D	294	MG	0
6ixt_A	D	290	MG	0
6ixt_A	D	266	MG	0
6j0d_A	H	52	ZN	1
6j0d_A	C	36	ZN	1
6j0d_A	H	57	ZN	1
6j0d_A	C	39	ZN	1
6j0d_A	C	15	ZN	1
6j0d_A	H	33	ZN	1
6j0d_A	C	12	ZN	1
6j0d_A	H	28	ZN	1
6j2p_D	C	29	ZN	1
6j2p_D	C	52	ZN	1
6j2p_D	H	49	ZN	1
6j2p_D	C	27	ZN	1
6j2p_D	C	44	ZN	1
6j2p_D	C	41	ZN	1
6j2p_D	C	71	ZN	1
6j2p_D	C	68	ZN	1
6j2p_D	C	95	ZN	1
6j2p_D	C	111	ZN	1
6j2p_D	C	100	ZN	1
6j44_A	C	31	ZN	1
6j44_A	C	34	ZN	1
6j44_A	C	10	ZN	1
6j44_A	C	13	ZN	1
6j4c_A	H	58	ZN	1
6j4c_A	H	103	ZN	1
6j4c_A	H	60	ZN	1
6j4c_A	E	64	ZN	1
6j4f_F	H	68	ZN	1
6j4f_F	H	70	ZN	1
6j4f_F	C	40	ZN	1
6j4f_F	C	45	ZN	1
6j5x_A	E	123	MN	1
6j5x_A	D	152	MN	1
6j5x_A	E	121	MN	1
6j7r_A	D	242	MG	0
6j98_A	E	8	ZN	1
6j98_A	E	15	ZN	1
6jau_A	D	13	CA	0
6jdh_B	C	172	ZN	1
6jdh_B	C	165	ZN	1
6jdh_B	C	167	ZN	1
6jdh_B	H	155	ZN	1
6jdk_B	E	482	MG	0
6jdk_B	D	128	MG	0
6jdk_B	E	125	MG	0
6jdr_A	H	31	ZN	1
6jdr_A	C	19	ZN	1
6jdr_A	H	33	ZN	1
6jdr_A	C	34	ZN	1
6jdr_A	C	9	ZN	1
6jdr_A	C	24	ZN	1
6jdr_A	H	27	ZN	1
6jdr_A	C	6	ZN	1
6jdr_A	C	52	ZN	1
6jdr_A	C	49	ZN	1
6jdr_A	C	40	ZN	1
6jdr_A	H	42	ZN	1
6jds_A	H	31	ZN	1
6jds_A	C	34	ZN	1
6jds_A	C	19	ZN	1
6jds_A	H	33	ZN	1
6jds_A	C	9	ZN	1
6jds_A	C	6	ZN	1
6jds_A	H	27	ZN	1
6jds_A	C	24	ZN	1
6jds_A	C	40	ZN	1
6jds_A	C	52	ZN	1
6jds_A	C	49	ZN	1
6jds_A	H	42	ZN	1
6jeb_A	C	225	ZN	1
6jeb_A	C	266	ZN	1
6jeb_A	C	205	ZN	1
6jeb_A	C	269	ZN	1
6jhf_A	D	215	CA	0
6jhf_A	E	223	CA	0
6jhf_A	E	244	CA	0
6jja_A	D	170	CA	0
6jja_A	E	172	CA	0
6jjc_A	D	143	CA	0
6jjc_A	E	113	CA	0
6jjc_A	D	146	CA	0
6jjc_A	D	141	CA	0
6jjc_A	D	186	CA	0
6jjj_F	D	136	CA	0
6jjj_F	E	125	CA	0
6jjj_F	D	115	CA	0
6jjj_F	D	85	CA	0
6jjj_F	D	126	CA	0
6jjj_F	E	89	CA	0
6jko_D	H	279	ZN	1
6jko_D	D	196	ZN	1
6jko_D	H	265	ZN	1
6jlh_C	E	71	CA	0
6jlh_C	D	64	CA	0
6jlh_C	D	60	CA	0
6jlh_C	D	16	CA	0
6jlh_C	E	25	CA	0
6jlh_C	D	14	CA	0
6jlh_C	D	155	CA	0
6jlh_C	D	151	CA	0
6jlh_C	E	118	CA	0
6jlh_C	D	109	CA	0
6jlh_C	D	107	CA	0
6jlh_C	D	243	CA	0
6jlh_C	E	254	CA	0
6jlh_C	D	247	CA	0
6jlh_C	D	199	CA	0
6jlh_C	E	210	CA	0
6jlh_C	E	207	CA	0
6jll_c	H	232	CA	0
6jll_c	D	8	CA	0
6jll_c	E	10	CA	0
6jmt_F	C	34	ZN	1
6jmt_F	C	37	ZN	1
6jmt_F	C	17	ZN	1
6jmt_F	C	14	ZN	1
6jmz_A	H	229	ZN	1
6jmz_A	D	152	ZN	1
6jmz_A	H	148	ZN	1
6jni_E	H	139	ZN	1
6jni_E	H	86	ZN	1
6jni_E	E	61	ZN	1
6jni_E	H	89	ZN	1
6jni_E	C	118	ZN	1
6jni_E	C	76	ZN	1
6jni_E	C	111	ZN	1
6jnl_A	H	30	ZN	1
6jnl_A	C	13	ZN	1
6jnl_A	H	26	ZN	1
6jnl_A	C	8	ZN	1
6jnl_A	H	92	ZN	1
6jnl_A	H	86	ZN	1
6jnl_A	C	68	ZN	1
6jnl_A	C	73	ZN	1
6jnl_A	C	43	ZN	1
6jnl_A	C	38	ZN	1
6jnl_A	H	56	ZN	1
6jnl_A	H	60	ZN	1
6jp5_A_31_177	D	47	CA	0
6jre_B	D	81	CO	1
6jre_B	E	82	CO	1
6jre_B	H	125	CO	1
6jtz_B	C	214	ZN	1
6jtz_B	C	210	ZN	1
6jtz_B	C	217	ZN	1
6jtz_B	C	192	ZN	1
6ju5_B	H	97	CU	1
6ju5_B	H	70	CU	1
6ju5_B	H	106	CU	1
6ju5_B	H	335	CU	1
6ju5_B	H	331	CU	1
6ju5_B	H	375	CU	1
6ju8_B	H	97	CU	1
6ju8_B	H	70	CU	1
6ju8_B	H	106	CU	1
6ju8_B	H	375	CU	1
6ju8_B	H	335	CU	1
6ju8_B	H	331	CU	1
6jwj_A	C	40	ZN	1
6jwj_A	H	31	ZN	1
6jwj_A	C	29	ZN	1
6jwj_A	C	37	ZN	1
6jwj_A	C	108	ZN	1
6jwj_A	H	100	ZN	1
6jwj_A	C	111	ZN	1
6jwj_A	C	96	ZN	1
6jws_B	E	41	CA	0
6jws_B	E	98	CA	0
6jws_B	E	691	MG	0
6jws_B	D	688	MG	0
6jzb_A	C	211	ZN	1
6jzb_A	C	157	ZN	1
6jzb_A	C	214	ZN	1
6jzb_A	C	154	ZN	1
6jzb_A	C	200	ZN	1
6jzb_A	C	171	ZN	1
6jzb_A	C	174	ZN	1
6jzb_A	C	197	ZN	1
6k0p_A	E	24	CA	0
6k0p_A	D	167	CA	0
6k0p_A	E	22	CA	0
6k18_A	D	32	MN	1
6k18_A	E	34	MN	1
6k18_A	D	170	MN	1
6k33_aL	D	69	CA	0
6k4e_B	D	111	MG	0
6k4e_B	D	237	MG	0
6k4e_B	D	290	MG	0
6k4e_B	C	112	MG	0
6k63_D	C	131	ZN	1
6k63_D	C	128	ZN	1
6k63_D	H	101	ZN	1
6k67_D	E	90	CA	0
6k67_D	D	81	CA	0
6k67_D	D	79	CA	0
6k67_D	E	54	CA	0
6k67_D	D	43	CA	0
6k67_D	D	45	CA	0
6k8n_D	C	601	ZN	1
6k8n_D	C	614	ZN	1
6k8n_D	C	604	ZN	1
6k8n_D	H	617	ZN	1
6k9z_B	H	85	ZN	1
6k9z_B	H	137	ZN	1
6k9z_B	C	32	ZN	1
6k9z_B	C	29	ZN	1
6k9z_B	H	210	ZN	1
6k9z_B	C	172	ZN	1
6k9z_B	C	169	ZN	1
6k9z_B	H	263	ZN	1
6k9z_B	H	265	FE	1
6k9z_B	E	155	FE	1
6k9z_B	E	267	FE	1
6k9z_B	H	251	FE	1
6kcw_A	D	232	CA	0
6kd5_A	E	53	CA	0
6kd5_A	D	42	CA	0
6kd5_A	D	52	CA	0
6kd5_A	D	46	CA	0
6kfs_A	C	56	ZN	1
6kfs_A	H	112	ZN	1
6kfs_A	C	136	ZN	1
6kgi_B	C	66	ZN	1
6kgi_B	C	14	ZN	1
6kgi_B	C	42	ZN	1
6kgi_B	C	39	ZN	1
6kgi_B	H	48	ZN	1
6kgi_B	C	30	ZN	1
6kgi_B	H	51	ZN	1
6kgi_B	C	27	ZN	1
6kgi_B	C	68	ZN	1
6kgi_B	C	80	ZN	1
6kgi_B	H	9	ZN	1
6kli_A	C	513	CU	1
6kli_A	H	518	CU	1
6kli_A	H	450	CU	1
6kns_D	D	33	CA	0
6kns_D	D	58	CA	0
6kns_D	D	160	ZN	1
6kns_D	H	69	ZN	1
6kns_D	H	216	ZN	1
6kns_D	D	68	ZN	1
6kns_D	H	64	ZN	1
6kns_D	H	66	ZN	1
6kns_D	H	139	ZN	1
6kr6_A	H	84	ZN	1
6kr6_A	H	82	ZN	1
6kr6_A	D	439	ZN	1
6kr6_A	D	442	ZN	1
6ks1_A	H	107	ZN	1
6ks1_A	H	257	ZN	1
6ks1_A	H	253	ZN	1
6ksy_D	D	119	ZN	1
6ksy_D	C	91	ZN	1
6ksy_D	D	115	ZN	1
6ksy_D	D	211	ZN	1
6ksy_D	D	213	ZN	1
6ksy_D	H	117	ZN	1
6ktw_A	D	439	MG	0
6ktw_A	H	393	MG	0
6ktw_A	D	152	MG	0
6ktw_A	H	76	MG	0
6kwa_B	H	168	MG	0
6kwa_B	H	227	MG	0
6kwa_B	D	170	MG	0
6kwq_A	H	270	ZN	1
6kwq_A	H	272	ZN	1
6kwq_A	C	281	ZN	1
6kxu_D	D	457	MN	1
6kxu_D	D	327	MN	1
6kxu_D	D	368	MN	1
6kxu_D	D	370	MN	1
6kxu_D	E	401	MN	1
6l0u_A	E	94	ZN	1
6l0u_A	E	167	ZN	1
6l0u_A	H	121	ZN	1
6l2d_B	H	57	CU	1
6l2d_B	H	61	CU	1
6l2d_B	H	95	CU	1
6l2d_B	H	55	CU	1
6l5t_A	C	182	ZN	1
6l5t_A	H	210	ZN	1
6l5t_A	C	208	ZN	1
6l5t_A	C	179	ZN	1
6l7t_B	C	276	ZN	1
6l7t_B	C	248	ZN	1
6l7t_B	C	277	ZN	1
6l7t_B	C	255	ZN	1
6l7t_B	D	323	MG	0
6l7t_B	D	319	MG	0
6l7t_B	D	321	MG	0
6l7w_A	E	30	MN	1
6l7w_A	E	177	MN	1
6l7w_A	E	28	MN	1
6laa_A	C	735	FES	2
6laa_A	C	727	FES	2
6laa_A	C	765	FES	2
6laa_A	C	732	FES	2
6lac_B	C	33	ZN	1
6lac_B	C	91	ZN	1
6lac_B	D	35	ZN	1
6lac_B	H	88	ZN	1
6leb_B	D	49	MG	0
6lhd_B	C	258	ZN	1
6lhd_B	C	320	ZN	1
6lhd_B	H	261	ZN	1
6lhd_B	C	324	ZN	1
6li9_C	E	334	CA	0
6ljc_C	D	107	CA	0
6ljc_C	D	33	CA	0
6ljc_C	E	55	CA	0
6ljc_C	E	171	CA	0
6ljc_C	D	149	CA	0
6ljc_C	D	208	MG	0
6ljc_C	E	61	MG	0
6ljc_C	D	211	MG	0
6lje_B	E	57	CA	0
6lje_B	E	32	CA	0
6lje_B	D	33	CA	0
6lk1_B	C	45	FES	2
6lk1_B	C	37	FES	2
6lk1_B	C	42	FES	2
6lk1_B	C	75	FES	2
6lkb_A	H	12	CO	1
6lkb_A	D	17	CO	1
6ll7_C	D	12	MN	1
6ll7_C	D	72	MN	1
6ll7_C	H	8	MN	1
6ll7_C	D	146	MN	1
6ll7_C	H	94	MN	1
6ll7_C	D	14	MN	1
6lnh_D	D	171	FE	1
6lnh_D	H	169	FE	1
6lnh_D	H	222	FE	1
6lqe_A	C	19	ZN	1
6lqe_A	C	55	ZN	1
6lqe_A	C	52	ZN	1
6lqe_A	C	22	ZN	1
6lqe_A	C	8	ZN	1
6lqe_A	C	30	ZN	1
6lqe_A	C	5	ZN	1
6lqe_A	H	27	ZN	1
6lqf_A	C	15	ZN	1
6lqf_A	D	31	ZN	1
6lqf_A	H	125	ZN	1
6lqf_A	H	13	ZN	1
6lqf_A	C	180	ZN	1
6lqf_A	C	147	ZN	1
6lqf_A	C	150	ZN	1
6lqf_A	C	183	ZN	1
6lqf_A	H	155	ZN	1
6lqf_A	C	136	ZN	1
6lqf_A	C	133	ZN	1
6lqf_A	C	158	ZN	1
6lxt_A	D	88	ZN	1
6lxt_A	D	86	ZN	1
6lzw_A	D	347	CA	0
6lzw_A	D	343	CA	0
6lzw_A	D	339	CA	0
6m27_B	H	74	NI	1
6m27_B	H	8	NI	1
6m27_B	E	41	NI	1
6m2d_F	C	30	ZN	1
6m2d_F	C	6	ZN	1
6m2d_F	C	9	ZN	1
6m2d_F	C	27	ZN	1
6m2d_F	C	43	ZN	1
6m2d_F	H	23	ZN	1
6m2d_F	C	40	ZN	1
6m2d_F	C	21	ZN	1
6m4u_B	H	87	ZN	1
6m4u_B	D	58	ZN	1
6m5a_A	D	473	CA	0
6m5a_A	D	500	CA	0
6m5a_A	D	696	CA	0
6m5a_A	D	692	CA	0
6m5a_A	D	703	CA	0
6m5a_A	D	320	CA	0
6m5a_A	D	317	CA	0
6m5a_A	D	313	CA	0
6m5m_B	E	66	CA	0
6m5m_B	E	70	CA	0
6m5m_B	E	153	CA	0
6m5m_B	D	139	CA	0
6m5m_B	D	119	CA	0
6m72_A	E	104	MG	0
6m72_A	E	146	MG	0
6mcd_A	E	34	ZN	1
6mcd_A	E	31	ZN	1
6mcd_A	H	35	ZN	1
6md3_F	C	12	ZN	1
6md3_F	C	7	ZN	1
6md3_F	H	129	ZN	1
6md3_F	C	15	ZN	1
6mf4_A	H	153	ZN	1
6mf4_A	H	193	ZN	1
6mf4_A	E	137	ZN	1
6mgj_B	D	377	MG	0
6mgj_B	E	379	MG	0
6mj7_A	C	37	ZN	1
6mj7_A	C	34	ZN	1
6mj7_A	C	14	ZN	1
6mj7_A	C	11	ZN	1
6mj7_A	H	46	ZN	1
6mj7_A	H	43	ZN	1
6mj7_A	C	28	ZN	1
6mj7_A	C	25	ZN	1
6ml4_A	C	9	ZN	1
6ml4_A	H	25	ZN	1
6ml4_A	C	12	ZN	1
6ml4_A	H	29	ZN	1
6ml4_A	C	40	ZN	1
6ml4_A	H	57	ZN	1
6ml4_A	C	37	ZN	1
6ml4_A	H	53	ZN	1
6ml4_A	C	68	ZN	1
6ml4_A	H	85	ZN	1
6ml4_A	C	65	ZN	1
6ml4_A	H	81	ZN	1
6ml4_A	C	96	ZN	1
6ml4_A	C	93	ZN	1
6ml4_A	H	113	ZN	1
6ml4_A	H	109	ZN	1
6ml4_A	C	121	ZN	1
6ml4_A	H	141	ZN	1
6ml4_A	C	124	ZN	1
6ml4_A	H	137	ZN	1
6mlc_C	H	6	ZN	1
6mlc_C	C	28	ZN	1
6mlc_C	C	16	ZN	1
6mlc_C	C	25	ZN	1
6mlc_C	C	37	ZN	1
6mlc_C	C	34	ZN	1
6mlc_C	H	58	ZN	1
6mlc_C	C	61	ZN	1
6mlc_C	C	50	ZN	1
6mlc_C	C	83	ZN	1
6mlc_C	C	80	ZN	1
6mlc_C	C	53	ZN	1
6mlc_C	C	7	ZN	1
6mlc_C	C	4	ZN	1
6mlt_A	D	45	CA	0
6mlt_A	D	52	CA	0
6mlt_A	D	41	CA	0
6mlt_A	D	42	CA	0
6mlt_A	D	55	CA	0
6mn3_B	C	190	ZN	1
6mn3_B	C	251	ZN	1
6mn3_B	C	248	ZN	1
6mn3_B	H	242	ZN	1
6mrj_A	H	100	NI	1
6mrj_A	H	98	NI	1
6mrj_A	H	87	NI	1
6mrj_A	C	106	NI	1
6mrj_A	D	42	MG	0
6mrj_A	E	38	MG	0
6ms4_B	C	28	ZN	1
6ms4_B	C	9	ZN	1
6ms4_B	C	19	ZN	1
6ms4_B	C	12	ZN	1
6muk_A	H	345	ZN	1
6muk_A	D	269	ZN	1
6muk_A	H	265	ZN	1
6mxt_A	E	321	MG	0
6mxt_A	C	318	MG	0
6mxt_A	C	324	MG	0
6n0k_A	H	68	FE	1
6n0k_A	H	111	FE	1
6n0k_A	H	66	FE	1
6n0k_A	E	113	FE	1
6n1b_A	D	55	CA	0
6n1b_A	D	121	CA	0
6n1b_A	D	273	CA	0
6n1f_D	D	156	FE	1
6n1f_D	H	154	FE	1
6n1f_D	H	208	FE	1
6n2b_B	D	428	CA	0
6n2b_B	E	464	CA	0
6n2c_B	H	529	ZN	1
6n2c_B	E	550	ZN	1
6n2c_B	D	531	ZN	1
6n59_A	C	498	SF4	2
6n59_A	C	299	SF4	2
6n59_A	C	502	SF4	2
6n59_A	C	354	SF4	2
6n59_A	C	156	SF4	2
6n59_A	C	189	SF4	2
6n59_A	C	195	SF4	2
6n59_A	C	192	SF4	2
6n59_A	C	149	SF4	2
6n59_A	C	152	SF4	2
6n59_A	C	199	SF4	2
6n59_A	C	146	SF4	2
6n59_A	C	97	SF4	2
6n59_A	C	100	SF4	2
6n59_A	H	93	SF4	2
6n59_A	C	106	SF4	2
6n59_A	C	45	FES	2
6n59_A	C	61	FES	2
6n59_A	C	48	FES	2
6n59_A	C	33	FES	2
6n93_D	H	219	NI	1
6n9i_C	D	233	CO	1
6n9i_C	H	133	CO	1
6n9i_C	H	131	CO	1
6n9i_C	H	211	CO	1
6n9i_C	H	136	FE	1
6n9i_C	D	135	FE	1
6n9i_C	H	279	FE	1
6nf1_A	C	531	ZN	1
6nf1_A	C	534	ZN	1
6nf1_A	H	556	ZN	1
6nf1_A	C	559	ZN	1
6nf1_A	H	518	ZN	1
6nf1_A	C	548	ZN	1
6nf1_A	C	566	ZN	1
6nf1_A	C	551	ZN	1
6nff_A	D	215	CA	0
6nff_A	D	217	CA	0
6nff_A	D	213	CA	0
6nff_A	D	221	CA	0
6nfq_C	H	24	CU	1
6nfq_C	H	108	CU	1
6nfq_C	D	106	CU	1
6nk8_A	D	47	MG	0
6nk8_A	E	40	MG	0
6nnn_A	D	258	MG	0
6nnn_A	D	260	MG	0
6nnn_A	D	256	MG	0
6no3_A	D	219	MG	0
6no3_A	E	215	MG	0
6noz_A	C	124	ZN	1
6noz_A	C	125	ZN	1
6noz_A	C	150	ZN	1
6noz_A	H	152	ZN	1
6npa_B	H	45	FE	1
6npa_B	D	70	FE	1
6npa_B	H	69	FE	1
6npa_B	D	171	FE	1
6npa_B	E	97	FE	1
6npa_B	E	100	FE	1
6npa_B	E	87	FE	1
6npa_B	H	114	FE	1
6npa_B	H	91	FE	1
6npc_B	H	203	FE	1
6npc_B	H	346	FE	1
6npc_B	D	205	FE	1
6nr6_B	D	169	MG	0
6nr6_B	D	172	MG	0
6nsi_A	H	167	FE	1
6nsi_A	D	259	FE	1
6nsi_A	H	35	FE	1
6nsi_A	H	101	FE	1
6ntf_A	H	7	MG	0
6ntf_A	C	466	MG	0
6ntf_A	C	54	MG	0
6nvo_A	H	141	MN	1
6nvo_A	D	77	MN	1
6nvo_A	H	155	MN	1
6nvo_A	H	34	MN	1
6nvo_A	D	32	MN	1
6nvo_A	H	157	MN	1
6nwz_A	H	387	ZN	1
6nwz_A	H	391	ZN	1
6nwz_A	D	255	ZN	1
6nyt_A	D	32	CA	0
6nyt_A	D	86	CA	0
6nyt_A	E	85	CA	0
6nyt_A	D	38	CA	0
6nyt_A	D	84	CA	0
6nyt_A	D	103	CA	0
6nz0_Z	D	173	MG	0
6nz0_Z	D	128	MG	0
6nz0_Z	D	127	MG	0
6o19_A	C	33	ZN	1
6o19_A	C	14	ZN	1
6o19_A	C	30	ZN	1
6o19_A	C	40	ZN	1
6o19_A	C	17	ZN	1
6o19_A	C	24	ZN	1
6o38_F	H	501	ZN	1
6o38_F	H	507	ZN	1
6o38_F	H	497	ZN	1
6o3p_B	C	162	ZN	1
6o3p_B	C	185	ZN	1
6o3p_B	C	165	ZN	1
6o3p_B	C	180	ZN	1
6o49_A	D	146	CA	0
6o5k_B	C	25	ZN	1
6o5k_B	C	43	ZN	1
6o5k_B	C	46	ZN	1
6o5k_B	C	22	ZN	1
6o5k_B	C	35	ZN	1
6o5k_B	H	59	ZN	1
6o5k_B	C	38	ZN	1
6o5k_B	H	50	ZN	1
6o6j_A	D	281	CA	0
6o6j_A	D	132	CA	0
6o6j_A	D	134	CA	0
6o6j_A	E	183	CA	0
6o6j_A	E	242	CA	0
6o6j_A	D	243	CA	0
6o6j_A	D	244	CA	0
6o7h_A	C	402	ZN	1
6o7h_A	C	405	ZN	1
6o7h_A	C	429	ZN	1
6o7h_A	C	426	ZN	1
6o7h_D	C	114	ZN	1
6o7h_D	C	126	ZN	1
6o7h_D	C	123	ZN	1
6o7h_D	H	112	ZN	1
6o9n_B	D	78	CA	0
6oad_K	E	281	ZN	1
6oad_K	D	220	ZN	1
6oad_K	D	202	ZN	1
6oad_K	D	279	ZN	1
6oae_A	D	130	CA	0
6oae_A	D	94	CA	0
6oae_A	E	62	CA	0
6oae_A	E	16	CA	0
6oae_A	D	91	CA	0
6oae_A	D	60	CA	0
6oae_A	D	182	CA	0
6oae_A	D	133	CA	0
6oae_A	D	128	CA	0
6oap_B	D	12	MG	0
6oap_B	D	58	MG	0
6oau_B	D	174	CA	0
6obr_B	D	90	MN	1
6obr_B	H	171	MN	1
6obr_B	H	246	MN	1
6obr_B	H	64	MN	1
6obr_B	D	62	MN	1
6oby_A	C	198	CO	1
6oby_A	C	195	CO	1
6oe2_A	D	46	MN	1
6oe2_A	C	41	MN	1
6oe2_A	D	44	MN	1
6oe2_A	E	151	MN	1
6oec_G	D	60	CA	0
6oec_G	E	15	CA	0
6oec_G	E	62	CA	0
6oec_G	D	16	CA	0
6oh9_A	H	101	ZN	1
6oh9_A	H	99	ZN	1
6oh9_A	D	347	ZN	1
6oh9_A	H	257	ZN	1
6ohh_B	E	114	CA	0
6ohh_B	D	105	CA	0
6ohh_B	D	103	CA	0
6ohh_B	D	107	CA	0
6ok1_D	C	25	ZN	1
6ok1_D	C	39	ZN	1
6ok1_D	C	28	ZN	1
6ok1_D	C	42	ZN	1
6okh_B	D	86	MG	0
6okh_B	H	45	MG	0
6omp_B	E	240	MN	1
6omp_B	D	9	MN	1
6omp_B	D	307	MN	1
6omp_B	H	188	MN	1
6omp_B	H	11	MN	1
6omp_B	H	310	MN	1
6omp_B	E	312	MN	1
6on1_F	H	96	FE	1
6on1_F	H	20	FE	1
6on1_F	E	155	FE	1
6ov6_A	H	253	MN	1
6ov6_A	H	251	MN	1
6ovt_D	C	238	FES	2
6ovt_D	C	161	FES	2
6ovt_D	C	88	FES	2
6own_C	C	117	ZN	1
6oxj_B	D	131	FE	1
6oxj_B	H	205	FE	1
6oxj_B	H	129	FE	1
6p01_A	E	78	MG	0
6p01_A	E	147	MG	0
6p01_A	D	54	MG	0
6p1g_B	H	2	CU	1
6p1g_B	H	13	CU	1
6p1g_B	E	86	ZN	1
6p1g_B	H	84	ZN	1
6p1g_B	H	56	ZN	1
6p20_D	C	73	ZN	1
6p20_D	H	75	ZN	1
6p20_D	H	40	ZN	1
6p20_D	H	45	ZN	1
6p24_A	E	272	MG	0
6p24_A	E	260	MG	0
6p2k_B	D	565	ZN	1
6p2k_B	E	558	ZN	1
6p2k_B	D	561	ZN	1
6p2t_A	H	132	ZN	1
6p2t_A	H	31	ZN	1
6p2t_A	D	34	ZN	1
6p3j_B	D	8	CA	0
6p3j_B	E	358	CA	0
6p40_B	C	106	ZN	1
6p40_B	H	71	ZN	1
6p40_B	C	103	ZN	1
6p40_B	C	281	ZN	1
6p40_B	C	284	ZN	1
6p40_B	H	251	ZN	1
6p59_F	C	138	ZN	1
6p59_F	H	114	ZN	1
6p59_F	H	144	ZN	1
6p59_F	C	120	ZN	1
6p7o_A	D	72	MG	0
6p7o_A	E	103	MG	0
6p7z_A	C	211	ZN	1
6p7z_A	C	269	ZN	1
6p7z_A	C	266	ZN	1
6p7z_A	C	264	ZN	1
6p7z_A	C	68	ZN	1
6p7z_A	C	65	ZN	1
6p7z_A	C	90	ZN	1
6p7z_A	H	86	ZN	1
6p7z_A	C	55	ZN	1
6p7z_A	C	74	ZN	1
6p7z_A	C	78	ZN	1
6p7z_A	C	52	ZN	1
6p96_B	E	255	CA	0
6p96_B	E	36	CA	0
6p96_B	H	33	CA	0
6pai_C	C	198	ZN	1
6pai_C	C	201	ZN	1
6pai_C	H	219	ZN	1
6pai_C	C	216	ZN	1
6pbj_B	E	412	MN	1
6pbj_B	C	88	MN	1
6pbj_B	H	370	MN	1
6pcz_A	H	300	ZN	1
6pcz_A	C	100	ZN	1
6pcz_A	E	299	ZN	1
6pcz_A	D	238	MG	0
6pd1_B	D	105	MG	0
6pd1_B	E	219	MG	0
6pd1_B	E	103	MG	0
6pid_A	E	292	MG	0
6pid_A	D	328	MG	0
6pid_A	D	330	MG	0
6pii_C	D	233	CA	0
6pog_B	D	44	CA	0
6pog_B	E	47	CA	0
6pog_B	D	159	CA	0
6pog_B	E	162	CA	0
6pog_B	D	206	CA	0
6pog_B	E	209	CA	0
6pol_F	D	47	CA	0
6pol_F	E	50	CA	0
6ptt_B	E	108	CU	1
6ptt_B	C	110	CU	1
6ptt_B	H	114	CU	1
6ptt_B	C	106	CU	1
6ptt_B	H	71	CU	1
6puq_A	D	176	MG	0
6puq_A	D	95	MG	0
6puz_B	H	106	ZN	1
6puz_B	C	134	ZN	1
6puz_B	C	137	ZN	1
6pv4_D	E	116	CA	0
6pv4_D	H	114	CA	0
6pv4_D	E	140	CA	0
6pv4_D	E	175	CA	0
6pw1_C	H	267	CU	1
6pw1_C	H	317	CU	1
6pw1_C	H	316	CU	1
6pw1_C	H	394	MG	0
6pw1_C	D	395	MG	0
6pw1_C	E	37	CA	0
6pw7_B	E	41	CA	0
6pw7_B	D	30	CA	0
6pw7_B	D	32	CA	0
6pwj_B	D	333	MG	0
6pwj_B	E	303	MG	0
6pwj_B	E	217	MG	0
6pws_A	D	70	CA	0
6pws_A	E	102	CA	0
6pws_A	E	74	CA	0
6pws_A	D	97	CA	0
6px5_X	E	85	ZN	1
6px5_X	E	57	ZN	1
6py9_D	D	190	ZN	1
6py9_D	H	349	ZN	1
6py9_D	H	312	ZN	1
6py9_D	H	351	FE	1
6py9_D	D	161	FE	1
6pyo_A	E	0	CA	0
6q0w_B	C	226	ZN	1
6q0w_B	C	208	ZN	1
6q0w_B	C	211	ZN	1
6q0w_B	H	229	ZN	1
6q2e_B	C	163	SF4	2
6q2e_B	C	63	SF4	2
6q2e_B	C	291	SF4	2
6q3m_D	C	51	ZN	1
6q3m_D	C	48	ZN	1
6q3m_D	C	25	ZN	1
6q3m_D	C	22	ZN	1
6q3m_D	C	33	ZN	1
6q3m_D	C	13	ZN	1
6q3m_D	H	30	ZN	1
6q3m_D	C	10	ZN	1
6q58_C	C	87	CU	1
6q58_C	D	44	CU	1
6q58_C	C	24	CU	1
6q58_C	C	97	CU	1
6q58_C	H	96	CU	1
6q5a_A	H	88	ZN	1
6q5a_A	H	445	ZN	1
6q5a_A	D	87	ZN	1
6q5a_A	D	202	ZN	1
6q5a_A	H	181	ZN	1
6q5a_A	H	85	ZN	1
6q5a_A	H	83	ZN	1
6q63_C	C	341	CU	1
6q63_C	C	281	CU	1
6q63_C	C	300	CU	1
6q63_C	C	344	CU	1
6q63_C	D	768	CA	0
6q63_C	E	769	CA	0
6q63_C	D	643	CA	0
6q7p_A	D	7	MG	0
6q7p_A	D	179	MG	0
6q9c_C	C	85	FES	2
6q9c_C	C	121	FES	2
6q9c_C	C	80	FES	2
6q9c_C	C	125	FES	2
6q9c_D	C	345	SF4	2
6q9c_D	C	351	SF4	2
6q9c_D	C	391	SF4	2
6q9c_D	C	348	SF4	2
6qbw_A	D	12	CA	0
6qbw_A	D	69	CA	0
6qdi_A	D	194	CA	0
6qdi_A	D	162	CA	0
6qdi_A	D	41	CA	0
6qdi_A	D	9	CA	0
6qgr_G	C	127	SF4	2
6qgr_G	C	16	SF4	2
6qgr_G	C	13	SF4	2
6qgr_G	C	88	SF4	2
6qgr_G	C	197	SF4	2
6qgr_G	C	222	SF4	2
6qgr_G	C	219	SF4	2
6qgr_G	C	216	SF4	2
6qgr_G	C	187	SF4	2
6qgr_G	C	226	SF4	2
6qgr_G	C	193	SF4	2
6qgr_G	C	190	SF4	2
6qig_A	H	149	ZN	1
6qig_A	H	145	ZN	1
6qig_A	H	155	ZN	1
6qig_A	E	133	CA	0
6qig_A	D	103	CA	0
6qig_A	D	87	CA	0
6qig_A	E	4	CA	0
6qig_A	D	205	CA	0
6qig_A	D	94	CA	0
6qig_A	C	202	CA	0
6qkr_B	C	369	SF4	2
6qkr_B	C	385	SF4	2
6qkr_B	C	366	SF4	2
6qkr_B	C	373	SF4	2
6qlb_D	D	16	CA	0
6qlb_D	E	23	CA	0
6qlb_D	E	18	CA	0
6qlb_D	D	131	CA	0
6qlb_D	D	129	CA	0
6qlb_D	D	41	CA	0
6qlb_D	D	58	CA	0
6qlb_D	E	67	CA	0
6qlb_D	D	56	CA	0
6qlb_D	D	86	CA	0
6qlb_D	D	88	CA	0
6qlb_D	E	97	CA	0
6qlb_D	D	151	CA	0
6qo0_D	E	113	FE	1
6qo0_D	H	85	FE	1
6qo0_D	H	89	FE	1
6qo9_B	D	61	MN	1
6qo9_B	H	95	MN	1
6qo9_B	E	194	MN	1
6qo9_B	E	92	MN	1
6qo9_B	H	197	MN	1
6qo9_B	E	160	MN	1
6qps_B	E	241	CA	0
6qps_B	E	212	CA	0
6qps_B	E	243	CA	0
6qub_B	D	651	CA	0
6qub_B	E	55	CA	0
6qub_B	E	57	CA	0
6qvm_A	E	383	CA	0
6qvm_A	D	398	CA	0
6qw0_B	D	113	MN	1
6qw0_B	H	78	MN	1
6qw0_B	E	127	MN	1
6qxu_A	C	141	ZN	1
6qxu_A	C	138	ZN	1
6qxu_A	C	130	ZN	1
6qxu_A	H	133	ZN	1
6qz3_A	D	306	CA	0
6qz3_A	D	303	CA	0
6qz3_A	D	310	CA	0
6r16_I	H	11	ZN	1
6r16_I	C	8	ZN	1
6r16_I	C	9	ZN	1
6r1d_B	C	90	ZN	1
6r1d_B	C	24	ZN	1
6r1d_B	C	93	ZN	1
6r1d_B	C	27	ZN	1
6r1g_B	H	116	ZN	1
6r1g_B	H	31	ZN	1
6r1g_B	H	27	ZN	1
6r29_B	D	698	MG	0
6r29_B	D	644	MG	0
6r29_B	H	695	MG	0
6r2q_B	D	394	CA	0
6r2q_B	D	367	CA	0
6r2w_L	D	45	CA	0
6r2w_L	D	62	CA	0
6r3m_A	E	100	CA	0
6r3m_A	E	90	CA	0
6r3m_A	D	134	CA	0
6r3m_A	D	140	CA	0
6r3m_A	D	162	CA	0
6r3m_A	D	11	CA	0
6r3m_A	E	13	CA	0
6r3r_A	H	25	ZN	1
6r3r_A	H	502	ZN	1
6r3r_A	H	383	ZN	1
6r3z_A	H	65	NI	1
6r3z_A	H	198	NI	1
6r3z_A	H	249	NI	1
6r3z_A	H	40	NI	1
6r3z_A	H	176	NI	1
6r3z_A	H	110	NI	1
6r58_D	H	119	ZN	1
6r58_D	E	162	ZN	1
6r58_D	H	123	ZN	1
6r58_D	H	2	NI	1
6r7d_J	H	7	NI	1
6r7d_J	H	5	NI	1
6r7v_A	D	221	CA	0
6r7v_A	D	229	CA	0
6r7v_A	C	5	ZN	1
6r7v_A	H	206	ZN	1
6r7v_A	H	216	ZN	1
6r7v_A	H	210	ZN	1
6rb4_A	C	133	ZN	1
6rb4_A	C	130	ZN	1
6rb4_A	C	123	ZN	1
6rb4_A	C	124	ZN	1
6rbf_D	D	16	CA	0
6rbf_D	D	146	CA	0
6rbf_D	D	140	CA	0
6rcz_E	D	215	MG	0
6rcz_E	D	38	MG	0
6rcz_E	D	36	MG	0
6ren_B	H	61	ZN	1
6ren_B	H	145	ZN	1
6ren_B	H	229	ZN	1
6rfl_I	H	327	ZN	1
6rfl_I	C	362	ZN	1
6rfl_I	C	365	ZN	1
6rfl_I	C	325	ZN	1
6rhv_H	E	322	MG	0
6rim_H	E	317	ZN	1
6rim_H	H	275	ZN	1
6rim_H	H	271	ZN	1
6rjc_B	D	154	CA	0
6rkj_A	D	177	CA	0
6rkj_A	D	181	CA	0
6rkj_A	D	173	CA	0
6rmn_B	E	52	ZN	1
6rmn_B	C	193	ZN	1
6rmn_B	H	48	ZN	1
6rmn_B	H	226	ZN	1
6rmn_B	C	224	ZN	1
6rp4_D	D	64	MG	0
6rrp_B	H	270	CU	1
6rrp_B	H	219	CU	1
6rrp_B	H	215	CU	1
6rrp_B	H	378	CU	1
6rrp_B	H	431	CU	1
6rrp_B	H	374	CU	1
6rw7_A	E	4	CU	1
6rw7_A	D	100	CU	1
6rw7_A	H	164	CU	1
6rwe_Q	C	9	ZN	1
6rwe_Q	C	28	ZN	1
6rwm_M	H	12	ZN	1
6rwm_M	C	43	ZN	1
6rwm_M	H	16	ZN	1
6rwm_M	C	40	ZN	1
6rxf_A	H	245	ZN	1
6rxf_A	D	491	ZN	1
6rxf_A	E	254	ZN	1
6rxf_A	E	304	ZN	1
6rxf_A	E	261	ZN	1
6rxf_A	E	154	ZN	1
6rxf_A	D	183	ZN	1
6ryv_A	H	535	CU	1
6ryv_A	H	633	CU	1
6rz0_A	H	109	ZN	1
6rz0_A	D	126	ZN	1
6rz0_A	H	52	ZN	1
6rz0_A	H	54	ZN	1
6rz0_A	D	56	ZN	1
6rz0_A	H	57	ZN	1
6rz0_A	H	164	ZN	1
6s07_A	C	274	CU	1
6s07_A	C	269	CU	1
6s07_A	D	202	CA	0
6s3a_A	C	158	ZN	1
6s3a_A	C	166	ZN	1
6s3a_A	C	154	ZN	1
6s3a_A	C	171	ZN	1
6s6c_A	D	39	CA	0
6s6c_A	D	41	CA	0
6s9a_B	D	181	ZN	1
6s9a_B	H	179	ZN	1
6s9a_B	H	138	ZN	1
6san_B	D	58	MG	0
6san_B	D	55	MG	0
6san_B	D	52	MG	0
6san_B	E	118	MG	0
6san_B	D	51	MG	0
6san_B	D	90	MG	0
6san_B	D	91	MG	0
6sao_A	D	158	CA	0
6sao_A	E	148	CA	0
6sao_A	H	193	CA	0
6sar_A	E	200	ZN	1
6sar_A	H	139	ZN	1
6sar_A	H	135	ZN	1
6sar_A	H	245	ZN	1
6sc5_A	C	5	ZN	1
6sc5_A	C	2	ZN	1
6sc5_A	C	28	ZN	1
6sc5_A	C	25	ZN	1
6sc5_A	C	22	ZN	1
6sc5_A	C	20	ZN	1
6sc5_A	C	50	ZN	1
6sc5_A	C	47	ZN	1
6sc5_A	C	105	ZN	1
6sc5_A	C	120	ZN	1
6sc5_A	C	123	ZN	1
6sc5_A	C	102	ZN	1
6sc5_A	H	139	ZN	1
6sc5_A	C	128	ZN	1
6sc5_A	C	144	ZN	1
6sc5_A	C	131	ZN	1
6sc5_A	C	196	ZN	1
6sc5_A	C	193	ZN	1
6sc5_A	C	174	ZN	1
6sc5_A	C	177	ZN	1
6sc5_A	C	204	ZN	1
6sc5_A	H	229	ZN	1
6sc5_A	C	233	ZN	1
6sc5_A	C	201	ZN	1
6sc5_A	C	219	ZN	1
6sc5_A	C	214	ZN	1
6sc5_A	H	226	ZN	1
6sc5_A	H	228	ZN	1
6sc5_A	C	301	ZN	1
6sc5_A	C	272	ZN	1
6sc5_A	H	304	ZN	1
6sc5_A	C	289	ZN	1
6sf5_B	E	120	MN	1
6sf5_B	H	123	MN	1
6sf5_B	E	90	MN	1
6sf5_B	E	218	MN	1
6sf5_B	H	221	MN	1
6sf5_B	E	183	MN	1
6sg8_B	D	144	CA	0
6sh1_CCC	H	533	ZN	1
6sh1_CCC	H	529	ZN	1
6sh1_CCC	E	592	ZN	1
6siz_A	C	308	ZN	1
6siz_A	C	310	ZN	1
6siz_A	H	254	ZN	1
6siz_A	C	248	ZN	1
6siz_A	E	79	MG	0
6sj0_B	D	369	ZN	1
6sj0_B	H	277	ZN	1
6sj0_B	H	99	ZN	1
6sj0_B	H	101	ZN	1
6sja_B	C	140	ZN	1
6sja_B	C	107	ZN	1
6sja_B	C	137	ZN	1
6sja_B	C	104	ZN	1
6sja_B	C	67	ZN	1
6sja_B	C	34	ZN	1
6sja_B	C	64	ZN	1
6sja_B	C	31	ZN	1
6sji_K	D	235	CU	1
6sji_K	H	127	CU	1
6sji_K	H	302	CU	1
6sji_K	H	56	CU	1
6sji_K	H	449	CU	1
6sjv_A	C	475	ZN	1
6sjv_A	C	478	ZN	1
6sjv_A	C	511	ZN	1
6sjv_A	C	508	ZN	1
6sjv_A	C	402	ZN	1
6sjv_A	C	438	ZN	1
6sjv_A	C	405	ZN	1
6sjv_A	C	435	ZN	1
6skf_As	C	19	ZN	1
6skf_As	C	75	ZN	1
6skf_As	C	14	ZN	1
6skf_As	H	22	ZN	1
6skg_Bj	C	16	ZN	1
6skg_Bj	C	33	ZN	1
6skg_Bj	C	19	ZN	1
6skg_Bo	C	22	ZN	1
6skg_Bo	H	35	ZN	1
6skg_Bo	C	19	ZN	1
6skg_Bo	H	40	ZN	1
6smk_E	H	28	ZN	1
6smk_E	D	32	ZN	1
6smk_E	H	110	ZN	1
6sms_A	D	224	CA	0
6sms_A	D	234	CA	0
6sms_A	E	192	CA	0
6sms_A	D	185	CA	0
6sms_A	D	183	CA	0
6sms_A	D	181	CA	0
6sms_A	D	549	CA	0
6sna_X	H	200	MN	1
6sna_X	E	228	MN	1
6sna_X	H	204	MN	1
6sp0_A	C	19	ZN	1
6sp0_A	C	22	ZN	1
6sp0_A	H	37	ZN	1
6sp0_A	H	41	ZN	1
6spo_A	C	168	ZN	1
6spo_A	C	181	ZN	1
6spo_A	C	165	ZN	1
6spo_A	C	178	ZN	1
6sqp_D	C	17	ZN	1
6sqp_D	C	14	ZN	1
6sqp_D	C	37	ZN	1
6sqp_D	C	40	ZN	1
6sqp_D	H	28	ZN	1
6sqp_D	H	33	ZN	1
6sqp_D	C	54	ZN	1
6sqp_D	C	51	ZN	1
6sqw_D	E	62	MG	0
6sqw_D	E	94	MG	0
6sqw_D	D	97	MG	0
6sqw_D	E	65	MG	0
6ssi_E	D	153	CA	0
6ssi_E	D	108	CA	0
6ssi_E	E	150	CA	0
6st5_A	H	899	ZN	1
6st5_A	C	852	ZN	1
6st5_A	C	898	ZN	1
6st5_A	H	844	ZN	1
6sus_A	D	82	CA	0
6sus_A	D	64	CA	0
6sus_A	D	78	CA	0
6sus_A	D	181	CA	0
6sus_A	D	163	CA	0
6sus_A	D	195	CA	0
6sus_A	D	199	CA	0
6sus_A	D	217	CA	0
6sus_A	E	232	CA	0
6sus_A	D	238	CA	0
6sus_A	E	283	CA	0
6sus_A	D	228	CA	0
6sus_A	D	208	CA	0
6sus_A	D	204	CA	0
6sus_A	D	190	CA	0
6sus_A	D	168	CA	0
6sus_A	D	73	CA	0
6sus_A	D	55	CA	0
6sus_A	D	70	CA	0
6sus_A	D	91	CA	0
6sus_A	D	111	CA	0
6sus_A	D	108	CA	0
6sus_A	E	87	CA	0
6sus_A	E	154	CA	0
6sym_B	C	94	ZN	1
6sym_B	C	97	ZN	1
6sym_B	C	45	ZN	1
6sym_B	C	48	ZN	1
6sz0_A	D	241	MG	0
6szk_TTT	H	190	SF4	2
6szk_TTT	C	193	SF4	2
6szk_TTT	C	224	SF4	2
6szk_TTT	C	218	SF4	2
6szk_TTT	C	233	F3S	2
6szk_TTT	C	256	F3S	2
6szk_TTT	C	253	F3S	2
6szk_TTT	C	118	SF4	2
6szk_TTT	C	152	SF4	2
6szk_TTT	C	20	SF4	2
6szk_TTT	C	23	SF4	2
6t0y_A	C	245	ZN	1
6t0y_A	C	183	ZN	1
6t0y_A	C	182	ZN	1
6t0y_A	C	242	ZN	1
6t0y_A	C	125	ZN	1
6t0y_A	H	142	ZN	1
6t0y_A	H	80	ZN	1
6t2n_BBB	D	296	CA	0
6t2n_BBB	E	58	CA	0
6t2q_BBB	D	41	CA	0
6t2q_BBB	D	267	CA	0
6t6j_A	H	2	NI	1
6t6j_A	H	3	NI	1
6t6j_A	H	5	NI	1
6tbr_A	D	37	ZN	1
6tbr_A	D	35	ZN	1
6tbr_A	E	202	ZN	1
6tbz_A	C	57	ZN	1
6tbz_A	C	102	ZN	1
6tbz_A	H	119	ZN	1
6tbz_A	C	114	ZN	1
6tcb_B	D	67	CA	0
6tcb_B	D	65	CA	0
6te3_A	D	573	FE	1
6te3_A	D	587	FE	1
6te3_A	H	589	FE	1
6te3_A	H	571	FE	1
6te3_A	D	88	MN	1
6te3_A	H	229	MN	1
6te3_A	D	91	MN	1
6tej_A	H	392	NI	1
6tej_A	H	438	NI	1
6tej_A	H	443	NI	1
6tfo_C	H	270	CU	1
6tfo_C	H	221	CU	1
6tfo_C	C	262	CU	1
6tfo_C	H	261	CU	1
6tfo_C	H	418	CU	1
6tfo_C	H	226	CU	1
6tfo_C	C	116	CU	1
6tfo_C	H	121	CU	1
6tfo_C	H	79	CU	1
6th6_Ag	C	126	ZN	1
6th6_Ag	C	131	ZN	1
6th6_Ag	C	133	ZN	1
6th6_Ag	H	137	ZN	1
6th6_Az	C	12	ZN	1
6th6_Az	C	15	ZN	1
6th6_Az	C	44	ZN	1
6th6_Az	C	41	ZN	1
6th6_Az	C	30	ZN	1
6th6_Az	C	53	ZN	1
6th6_Az	C	33	ZN	1
6th6_BY	C	32	ZN	1
6th6_BY	C	9	ZN	1
6th6_BY	C	6	ZN	1
6th6_BY	C	36	ZN	1
6th6_Be	C	74	ZN	1
6th6_Be	C	71	ZN	1
6th6_Be	C	35	ZN	1
6th6_Be	C	38	ZN	1
6th6_Bg	C	37	ZN	1
6th6_Bg	C	40	ZN	1
6th6_Bg	C	55	ZN	1
6th6_Bg	C	58	ZN	1
6th6_Bh	C	37	ZN	1
6th6_Bh	C	19	ZN	1
6th6_Bh	C	22	ZN	1
6thk_A	H	370	ZN	1
6thk_A	E	488	ZN	1
6thk_A	E	484	ZN	1
6tho_B	D	32	CA	0
6tjr_B	C	180	SF4	2
6tjr_B	C	175	SF4	2
6tjr_B	C	179	SF4	2
6tjr_B	C	162	SF4	2
6tlx_A	C	100	ZN	1
6tlx_A	C	53	ZN	1
6tlx_A	C	56	ZN	1
6tlx_A	C	97	ZN	1
6tlx_A	C	22	ZN	1
6tlx_A	C	92	ZN	1
6tlx_A	C	90	ZN	1
6tlx_A	H	26	ZN	1
6tly_A	C	53	ZN	1
6tly_A	C	10	ZN	1
6tly_A	C	50	ZN	1
6tly_A	H	14	ZN	1
6tly_A	C	61	ZN	1
6tly_A	C	58	ZN	1
6tly_A	C	34	ZN	1
6tly_A	C	31	ZN	1
6tly_A	C	77	ZN	1
6tly_A	C	94	ZN	1
6tly_A	H	90	ZN	1
6tly_A	C	74	ZN	1
6tm2_F	D	124	CA	0
6tm2_F	D	114	CA	0
6tm2_F	D	183	CA	0
6tm2_F	D	121	CA	0
6tm2_F	H	115	CA	0
6tm6_A	D	12	CA	0
6tm6_A	D	22	CA	0
6tm6_A	E	24	CA	0
6tm6_A	D	81	CA	0
6tm6_A	H	13	CA	0
6tm6_A	D	19	CA	0
6to5_AAAA	H	21	MG	0
6to5_AAAA	E	35	MG	0
6to5_AAAA	D	26	MG	0
6tp5_B	E	127	CA	0
6tp5_B	D	116	CA	0
6tp5_B	D	120	CA	0
6tp5_B	H	122	CA	0
6tp5_B	D	157	CA	0
6tp5_B	E	166	CA	0
6tp5_B	D	155	CA	0
6tp5_B	D	159	CA	0
6tr4_B	D	112	MG	0
6tr4_B	E	130	MG	0
6tr4_B	D	73	MG	0
6tr4_B	D	171	CA	0
6tr4_B	D	399	CA	0
6tr4_B	E	498	CA	0
6tr4_B	E	229	CA	0
6tt2_B	C	152	ZN	1
6tt2_B	H	141	ZN	1
6tt2_B	C	153	ZN	1
6tt2_B	C	163	ZN	1
6ttl_B	C	570	SF4	2
6ttl_B	C	566	SF4	2
6ttl_B	C	422	SF4	2
6ttl_B	C	367	SF4	2
6tve_P	D	233	CA	0
6tve_P	D	81	ZN	1
6tve_P	H	216	ZN	1
6tve_P	H	239	ZN	1
6tve_P	H	34	ZN	1
6tve_P	D	32	ZN	1
6tvk_AAA	C	154	ZN	1
6tvk_AAA	C	189	ZN	1
6tvk_AAA	C	191	ZN	1
6tvk_AAA	C	194	ZN	1
6ty0_B	C	66	ZN	1
6ty0_B	C	63	ZN	1
6ty0_B	C	91	ZN	1
6ty0_B	C	94	ZN	1
6ty2_B	C	47	ZN	1
6ty2_B	H	43	ZN	1
6ty2_B	H	7	ZN	1
6ty2_B	C	38	ZN	1
6tyj_A	H	53	ZN	1
6tyj_A	E	57	ZN	1
6tyj_A	E	117	ZN	1
6tyj_A	H	19	ZN	1
6tyj_A	H	113	ZN	1
6tyj_A	H	79	ZN	1
6tzz_B	D	146	MG	0
6tzz_B	D	148	MG	0
6u08_E	H	95	ZN	1
6u08_E	C	123	ZN	1
6u08_E	C	126	ZN	1
6u3b_B	D	3	CA	0
6u3i_A	C	551	CA	0
6u3i_A	H	556	CA	0
6u4b_A	D	405	MG	0
6u4b_A	H	559	MG	0
6u4b_A	D	407	MG	0
6u75_B	C	225	ZN	1
6u75_B	C	228	ZN	1
6u75_B	C	202	ZN	1
6u75_B	H	204	ZN	1
6u7l_D	E	323	CA	0
6u7l_D	D	421	CA	0
6u7l_D	C	290	CA	0
6u9q_A	H	38	ZN	1
6u9q_A	C	21	ZN	1
6u9q_A	C	18	ZN	1
6u9q_A	H	34	ZN	1
6u9q_A	H	66	ZN	1
6u9q_A	C	49	ZN	1
6u9q_A	C	46	ZN	1
6u9q_A	H	62	ZN	1
6u9q_A	H	92	ZN	1
6u9q_A	C	79	ZN	1
6u9q_A	H	97	ZN	1
6u9q_A	C	76	ZN	1
6u9v_C	C	571	ZN	1
6u9v_C	C	498	ZN	1
6u9v_C	C	505	ZN	1
6u9v_C	C	478	ZN	1
6u9v_C	C	476	ZN	1
6u9v_C	C	497	ZN	1
6u9v_C	C	481	ZN	1
6uax_A	D	255	CA	0
6uax_A	D	298	CA	0
6ueh_A	E	14	CA	0
6ueh_A	E	12	CA	0
6ueh_A	D	125	CA	0
6ufi_A	H	274	MN	1
6ufi_A	H	272	MN	1
6ufi_A	H	318	MN	1
6ufi_A	E	279	MN	1
6ufi_A	H	96	MN	1
6ufi_A	E	100	MN	1
6ufi_A	H	94	MN	1
6ufi_A	H	139	MN	1
6unc_D	H	250	MN	1
6unc_D	D	24	MN	1
6unc_D	H	26	MN	1
6unc_D	D	53	MN	1
6unc_D	H	248	FE	1
6unc_D	H	207	FE	1
6unp_B	D	184	MG	0
6unp_B	E	76	MG	0
6up9_B	C	287	SF4	2
6up9_B	C	168	SF4	2
6up9_B	C	381	SF4	2
6utr_D	D	230	CU	1
6uwa_A	C	15	ZN	1
6uwa_A	C	18	ZN	1
6uwa_A	C	43	ZN	1
6uwa_A	H	40	ZN	1
6uwa_A	C	51	ZN	1
6uwa_A	H	2	ZN	1
6uwa_A	C	35	ZN	1
6uwa_A	C	32	ZN	1
6ux8_A	H	18	ZN	1
6ux8_A	H	36	ZN	1
6ux8_A	E	22	ZN	1
6uxu_A	H	229	ZN	1
6uxu_A	D	88	ZN	1
6uxu_A	H	89	ZN	1
6uxu_A	H	115	ZN	1
6uxu_A	D	118	ZN	1
6uzi_C	H	452	ZN	1
6uzi_C	E	457	ZN	1
6uzi_C	E	332	ZN	1
6v2h_K	H	42	NI	1
6v2h_K	H	43	NI	1
6v2n_A	D	268	CA	0
6v2n_A	H	231	CA	0
6v55_A	D	60	CA	0
6v55_A	E	52	CA	0
6v55_A	D	97	CA	0
6v5a_A	D	557	CA	0
6v5a_A	D	552	CA	0
6v5a_A	D	555	CA	0
6v81_A	D	427	CA	0
6v81_A	D	437	CA	0
6v98_A	D	188	CA	0
6v98_A	E	186	CA	0
6v98_A	E	202	CA	0
6v9p_A	C	128	ZN	1
6v9p_A	H	153	ZN	1
6v9p_A	C	150	ZN	1
6v9p_A	C	131	ZN	1
6v9p_A	C	178	ZN	1
6v9p_A	C	181	ZN	1
6v9p_A	C	163	ZN	1
6vd8_B	E	80	ZN	1
6vd8_B	C	84	ZN	1
6vd8_B	H	28	ZN	1
6vd8_B	H	45	ZN	1
6vd8_B	D	29	ZN	1
6vd8_B	H	74	ZN	1
6vd8_B	H	31	ZN	1
6vda_A	E	82	ZN	1
6vda_A	D	44	ZN	1
6vda_A	H	28	ZN	1
6vda_A	E	88	ZN	1
6ve1_C	D	250	MG	0
6vel_C	D	180	CA	0
6vel_C	E	182	CA	0
6vel_C	D	216	CA	0
6vel_C	E	124	CA	0
6vel_C	D	308	CA	0
6vel_C	D	249	CA	0
6vel_C	D	247	CA	0
6vel_C	D	213	CA	0
6vf9_A	D	203	MG	0
6vf9_A	D	205	MG	0
6vf9_A	D	279	MG	0
6vgc_D	D	63	CA	0
6vji_B	H	297	ZN	1
6vji_B	C	317	ZN	1
6vji_B	C	320	ZN	1
6vji_B	C	293	ZN	1
6vlo_C	H	73	NI	1
6vlo_C	H	68	NI	1
6vlo_C	E	72	NI	1
6vn6_B	H	197	ZN	1
6vn6_B	D	143	ZN	1
6vn6_B	C	94	ZN	1
6voq_A	H	160	ZN	1
6voq_A	H	93	ZN	1
6voq_A	H	95	ZN	1
6voq_A	E	74	ZN	1
6vow_A	H	443	CU	1
6vow_A	C	438	CU	1
6vow_A	H	387	CU	1
6vpm_A	D	8	MG	0
6vpm_A	E	77	MG	0
6vpq_F	E	194	MG	0
6vpq_F	D	171	MG	0
6vr7_A	C	278	ZN	1
6vr7_A	C	280	ZN	1
6vr7_A	C	259	ZN	1
6vr7_A	C	256	ZN	1
6vrg_D	H	15	ZN	1
6vrg_D	H	11	ZN	1
6vrg_D	C	39	ZN	1
6vrg_D	C	42	ZN	1
6vrt_L	D	29	CA	0
6vrt_L	D	30	CA	0
6vrt_L	D	31	CA	0
6vrt_L	D	91	CA	0
6vss_F	D	183	MN	1
6vss_F	D	270	MN	1
6vss_F	H	185	MN	1
6vss_F	D	268	MN	1
6vss_F	D	187	MN	1
6vss_F	H	159	MN	1
6vt2_A	D	392	CA	0
6vt2_A	D	29	CA	0
6vt2_A	D	1	CA	0
6vt2_A	D	103	CA	0
6vt2_A	D	189	CA	0
6vt2_A	D	200	CA	0
6vt2_A	D	304	CA	0
6vt2_A	D	229	CA	0
6vu9_A	H	392	ZN	1
6vu9_A	C	341	ZN	1
6vu9_A	H	518	ZN	1
6vw7_C	C	127	FES	2
6vw7_C	C	91	FES	2
6vw7_C	C	86	FES	2
6vw7_C	C	131	FES	2
6vww_A	D	305	MG	0
6vzy_B	E	208	FE	1
6vzy_B	H	244	FE	1
6vzy_B	E	234	FE	1
6vzy_B	H	330	FE	1
6vzy_B	E	300	FE	1
6vzy_B	H	337	FE	1
6vzy_B	D	334	FE	1
6vzy_B	H	467	FE	1
6vzy_B	H	426	FE	1
6vzy_B	H	428	FE	1
6w1g_A	H	69	NI	1
6w1g_A	H	225	NI	1
6w1g_A	E	293	NI	1
6w35_A	D	118	ZN	1
6w35_A	H	306	ZN	1
6w35_A	D	305	ZN	1
6w35_A	D	258	ZN	1
6w35_A	H	262	ZN	1
6w35_A	H	421	ZN	1
6w35_A	D	690	CA	0
6w35_A	D	682	CA	0
6w35_A	D	684	CA	0
6w35_A	D	686	CA	0
6w35_A	D	615	MG	0
6w7z_B	C	62	ZN	1
6w7z_B	C	84	ZN	1
6w7z_B	C	81	ZN	1
6w7z_B	H	64	ZN	1
6w7z_B	C	70	ZN	1
6w7z_B	C	44	ZN	1
6w7z_B	C	47	ZN	1
6w7z_B	H	67	ZN	1
6w9c_C	C	269	ZN	1
6w9c_C	C	188	ZN	1
6w9c_C	C	223	ZN	1
6w9c_C	C	191	ZN	1
6wbe_B	E	20	ZN	1
6wbe_B	D	9	ZN	1
6wcw_A	C	28	ZN	1
6wcw_A	C	54	ZN	1
6wcw_A	C	51	ZN	1
6wcw_A	C	25	ZN	1
6wcw_A	H	181	ZN	1
6wcw_A	C	188	ZN	1
6wcw_A	C	185	ZN	1
6wcw_A	C	130	ZN	1
6wcw_A	C	198	ZN	1
6wcw_A	C	227	ZN	1
6wcw_A	C	195	ZN	1
6wcw_A	H	224	ZN	1
6wcw_A	C	233	ZN	1
6wcw_A	C	219	ZN	1
6wcw_A	C	216	ZN	1
6wi7_A	C	127	ZN	1
6wi7_A	C	145	ZN	1
6wi7_A	C	124	ZN	1
6wi7_A	C	148	ZN	1
6wi7_A	C	162	ZN	1
6wi7_A	C	140	ZN	1
6wi7_A	C	159	ZN	1
6wi7_A	H	142	ZN	1
6wi7_A	H	59	ZN	1
6wi7_A	C	77	ZN	1
6wi7_A	C	57	ZN	1
6wi7_A	C	80	ZN	1
6wi7_A	C	65	ZN	1
6wi7_A	C	62	ZN	1
6wi7_A	C	44	ZN	1
6wi7_A	C	41	ZN	1
6wje_F	C	14	CU	1
6wje_F	E	97	ZN	1
6wje_F	H	21	ZN	1
6wje_F	D	17	ZN	1
6wje_F	H	32	ZN	1
6wje_F	H	7	ZN	1
6wje_F	D	5	ZN	1
6wk3_C	H	23	CU	1
6wn9_B	H	135	ZN	1
6wn9_B	D	14	ZN	1
6wn9_B	D	132	ZN	1
6wni_B	D	219	CA	0
6wni_B	H	253	CA	0
6wni_B	D	51	CA	0
6wni_B	D	47	CA	0
6wni_B	D	74	CA	0
6wni_B	E	129	CA	0
6wni_B	E	128	CA	0
6wni_B	D	100	CA	0
6wnz_B	C	149	ZN	1
6wnz_B	H	144	ZN	1
6wnz_B	C	171	ZN	1
6wnz_B	C	174	ZN	1
6wqt_A	C	179	ZN	1
6wqt_A	C	163	ZN	1
6wqt_A	C	176	ZN	1
6wqt_A	C	166	ZN	1
6wrv_E	E	344	CA	0
6wrv_E	E	347	CA	0
6wsh_B	D	55	MG	0
6wsh_B	D	11	MG	0
6wte_B	C	233	SF4	2
6wte_B	C	226	SF4	2
6wte_B	C	230	SF4	2
6wte_B	E	272	SF4	2
6wu7_B	D	123	CA	0
6wu7_B	D	130	CA	0
6wu7_B	D	119	CA	0
6wu7_B	D	162	CA	0
6wu7_B	D	160	CA	0
6wu7_B	D	171	CA	0
6wu7_B	D	164	CA	0
6wu7_B	D	21	CA	0
6ww3_B	C	27	ZN	1
6ww3_B	C	30	ZN	1
6ww3_B	H	49	ZN	1
6ww3_B	H	45	ZN	1
6ww3_B	C	39	ZN	1
6ww3_B	C	12	ZN	1
6ww3_B	C	15	ZN	1
6ww3_B	C	36	ZN	1
6wwx_B	H	290	NI	1
6wwx_B	H	288	NI	1
6wxp_E	E	157	CA	0
6wxp_E	E	34	CA	0
6x38_A	D	94	ZN	1
6x38_A	H	43	ZN	1
6x38_A	H	45	ZN	1
6x42_X	D	213	CA	0
6x42_X	E	195	CA	0
6x5v_A	H	161	CA	0
6x5v_A	D	490	CA	0
6x5v_A	E	114	CA	0
6x5v_A	D	424	CA	0
6x5v_A	D	189	CA	0
6x5v_A	D	488	CA	0
6x5v_A	D	167	CA	0
6x5v_A	D	163	CA	0
6x5v_A	D	160	CA	0
6x5v_A	D	419	CA	0
6x5v_A	D	197	CA	0
6x5v_A	E	383	CA	0
6x5v_A	E	328	CA	0
6x5v_A	D	340	CA	0
6x5v_A	D	230	CA	0
6x5v_A	D	239	CA	0
6x5v_A	D	241	CA	0
6x5v_A	D	245	CA	0
6x5v_A	D	264	CA	0
6x5v_A	D	266	CA	0
6x5v_A	E	407	CA	0
6x5v_A	D	199	CA	0
6x5v_A	E	21	CA	0
6x5v_A	D	14	CA	0
6x5v_A	D	36	CA	0
6x6u_D	C	130	SF4	2
6x6u_D	C	20	SF4	2
6x6u_D	C	17	SF4	2
6x6u_D	C	23	SF4	2
6x6u_D	C	57	SF4	2
6x6u_D	C	60	SF4	2
6x6u_D	C	100	SF4	2
6x6u_D	C	65	SF4	2
6x6u_D	C	93	SF4	2
6x6u_D	C	69	SF4	2
6x6u_D	C	90	SF4	2
6x6u_D	C	96	SF4	2
6x6u_D	C	117	SF4	2
6x6u_D	C	27	SF4	2
6x6u_D	C	126	SF4	2
6x6u_D	C	120	SF4	2
6xf9_E	C	51	ZN	1
6xf9_E	C	54	ZN	1
6xf9_E	H	129	ZN	1
6xf9_E	C	135	ZN	1
6xf9_E	C	295	ZN	1
6xf9_E	C	298	ZN	1
6xf9_E	C	372	ZN	1
6xf9_E	H	365	ZN	1
6xf9_E	C	414	ZN	1
6xf9_E	C	191	ZN	1
6xf9_E	H	451	ZN	1
6xf9_E	C	190	ZN	1
6xi1_BBB	D	113	CA	0
6xi1_BBB	D	53	CA	0
6xi1_BBB	D	55	CA	0
6xi1_BBB	D	22	CA	0
6xi1_BBB	E	59	CA	0
6xi1_BBB	E	36	CA	0
6xi1_BBB	D	128	CA	0
6xi1_BBB	D	37	CA	0
6xi1_BBB	D	161	CA	0
6xi1_BBB	E	165	CA	0
6xi1_BBB	D	219	CA	0
6xi1_BBB	D	159	CA	0
6xi1_BBB	D	143	CA	0
6xi1_BBB	D	234	CA	0
6xi1_BBB	E	142	CA	0
6xi1_BBB	D	267	CA	0
6xi1_BBB	D	265	CA	0
6xi1_BBB	D	325	CA	0
6xi1_BBB	E	271	CA	0
6xi1_BBB	D	373	CA	0
6xi1_BBB	E	248	CA	0
6xi1_BBB	D	340	CA	0
6xi1_BBB	D	249	CA	0
6xi1_BBB	D	371	CA	0
6xi1_BBB	E	377	CA	0
6xi1_BBB	D	431	CA	0
6xi1_BBB	E	354	CA	0
6xi3_AAA	D	342	CA	0
6xi3_AAA	D	314	CA	0
6xi3_AAA	D	288	CA	0
6xi3_AAA	D	411	CA	0
6xi3_AAA	D	385	CA	0
6xi3_AAA	D	191	CA	0
6xi3_AAA	D	245	CA	0
6xi3_AAA	D	217	CA	0
6xi3_AAA	D	94	CA	0
6xi3_AAA	D	148	CA	0
6xi3_AAA	D	120	CA	0
6xi7_B	C	132	ZN	1
6xi7_B	H	87	ZN	1
6xi7_B	C	116	ZN	1
6xi7_B	C	113	ZN	1
6xi7_B	C	103	ZN	1
6xi7_B	C	124	ZN	1
6xi7_B	H	121	ZN	1
6xi7_B	C	100	ZN	1
6xjj_A	H	242	FE	1
6xjj_A	D	244	FE	1
6xjj_A	H	301	FE	1
6xl1_B	C	308	MN	1
6xl1_B	E	307	MN	1
6xlt_A	H	496	CU	1
6xlt_A	H	581	CU	1
6xlt_A	E	142	CA	0
6xlt_A	D	32	CA	0
6xma_A	H	475	FE	1
6xma_A	H	217	FE	1
6xma_A	H	166	FE	1
6xma_A	H	283	FE	1
6xmr_B	E	338	MN	1
6xmr_B	D	220	MN	1
6xmr_B	D	231	MN	1
6xmr_B	E	324	MN	1
6xmr_B	H	295	MN	1
6xqi_D	H	56	ZN	1
6xqi_D	H	18	ZN	1
6xqi_D	H	63	ZN	1
6xqi_D	C	61	ZN	1
6xux_A	E	764	CA	0
6xux_A	E	97	CA	0
6xux_A	D	756	CA	0
6xvu_D	E	28	CA	0
6xvu_D	D	29	CA	0
6xvw_B	H	165	NI	1
6xvw_B	H	161	NI	1
6xvw_B	D	169	NI	1
6xw2_A	D	212	CA	0
6xw2_A	E	219	CA	0
6xw2_A	D	208	CA	0
6xw2_A	D	210	CA	0
6xw2_A	D	244	CA	0
6xw2_A	E	255	CA	0
6xw2_A	D	246	CA	0
6xw2_A	D	248	CA	0
6xw2_A	D	283	CA	0
6xw2_A	E	292	CA	0
6xw2_A	D	281	CA	0
6xw2_A	E	328	CA	0
6xw2_A	D	317	CA	0
6xw2_A	D	321	CA	0
6xw2_A	D	319	CA	0
6y1x_B	C	38	SF4	2
6y1x_B	E	74	SF4	2
6y1x_B	H	51	SF4	2
6y1x_B	C	137	SF4	2
6y1x_B	C	65	SF4	2
6y1x_B	C	62	SF4	2
6y1x_B	C	58	SF4	2
6y1x_B	C	71	SF4	2
6y2c_B	H	75	ZN	1
6y2c_B	D	45	ZN	1
6y5p_B	H	60	ZN	1
6y5p_B	C	82	ZN	1
6y5p_B	C	58	ZN	1
6y5p_B	C	85	ZN	1
6y5p_B	C	25	ZN	1
6y5p_B	C	66	ZN	1
6y5p_B	C	28	ZN	1
6y5p_B	H	63	ZN	1
6y75_D	H	52	ZN	1
6y75_D	H	129	ZN	1
6y8l_A	D	37	ZN	1
6y8l_A	D	33	ZN	1
6y8l_A	H	26	ZN	1
6y8s_A	H	232	FE	1
6y8s_A	D	342	FE	1
6y8s_A	H	227	FE	1
6y8s_A	H	107	FES	2
6y8s_A	C	125	FES	2
6y8s_A	H	128	FES	2
6y8s_A	C	105	FES	2
6ya6_A	C	199	ZN	1
6ya6_A	C	209	ZN	1
6ya6_A	C	197	ZN	1
6ya6_A	C	206	ZN	1
6ya6_B	H	102	ZN	1
6ya6_B	H	108	ZN	1
6ya6_B	C	92	ZN	1
6ya6_B	C	89	ZN	1
6ya9_A	E	407	CA	0
6ya9_A	D	396	CA	0
6ya9_A	D	398	CA	0
6ya9_A	D	400	CA	0
6ya9_A	D	289	CA	0
6ya9_A	E	298	CA	0
6ya9_A	D	291	CA	0
6ya9_A	D	287	CA	0
6ya9_A	E	334	CA	0
6ya9_A	D	327	CA	0
6ya9_A	D	323	CA	0
6ya9_A	D	331	CA	0
6ya9_A	D	325	CA	0
6ya9_A	E	371	CA	0
6ya9_A	D	362	CA	0
6ya9_A	D	360	CA	0
6ydp_Bt	H	20	MG	0
6yge_B	E	222	CA	0
6yge_B	D	218	CA	0
6yge_B	E	219	CA	0
6ygu_D	C	52	ZN	1
6ygu_D	C	43	ZN	1
6ygu_D	C	56	ZN	1
6ygu_D	H	60	ZN	1
6yig_A	D	22	CA	0
6yig_A	D	24	CA	0
6yig_A	E	31	CA	0
6yig_A	D	20	CA	0
6yj1_B	D	64	ZN	1
6yj1_B	H	146	ZN	1
6yj1_B	H	60	ZN	1
6yjh_A	E	67	MN	1
6yjh_A	H	63	MN	1
6yjh_A	H	142	MN	1
6yjh_A	H	37	MN	1
6yjh_A	H	166	MN	1
6yjh_A	E	170	MN	1
6ylg_u	C	5	ZN	1
6ylg_u	C	35	ZN	1
6ylg_u	C	31	ZN	1
6yq4_C	D	149	MG	0
6yxh_A	H	216	ZN	1
6yxh_A	H	220	ZN	1
6yxh_A	H	80	ZN	1
6yxh_A	D	18	CA	0
6yxh_A	E	32	CA	0
6yxh_A	E	21	CA	0
6z1s_A	H	290	CU	1
6z1s_A	H	294	CU	1
6z1s_A	H	318	CU	1
6z1s_A	H	117	CU	1
6z1s_A	H	109	CU	1
6z1s_A	H	126	CU	1
6z2d_A	D	294	ZN	1
6z2d_A	D	284	ZN	1
6z2d_A	H	184	ZN	1
6z2d_A	H	180	ZN	1
6z2d_A	H	190	ZN	1
6z3n_DDD	H	90	NI	1
6z3n_DDD	D	91	NI	1
6z3n_DDD	H	60	NI	1
6z3n_DDD	D	151	NI	1
6z5y_B	H	0	CU	1
6z5y_B	H	95	CU	1
6z6z_A	E	100	CA	0
6za3_B	H	213	ZN	1
6za3_B	H	191	ZN	1
6za3_B	H	140	ZN	1
6ze9_C	H	4	ZN	1
6ze9_C	H	6	ZN	1
6ze9_C	C	12	ZN	1
6zep_A	D	260	ZN	1
6zep_A	D	194	ZN	1
6zep_A	H	175	ZN	1
6zie_B	D	76	ZN	1
6zie_B	H	111	ZN	1
6zie_B	D	70	ZN	1
6zk8_O	H	233	FE	1
6zk8_O	D	170	FE	1
6zk8_O	D	87	FE	1
6zk8_O	H	88	FE	1
6zk8_O	H	83	FE	1
6zk8_O	H	151	FE	1
6zk8_O	E	85	FE	1
6zm0_AAA	D	16	MG	0
6zn7_B	D	160	MG	0
6zn7_B	D	185	MG	0
6zn7_B	E	159	MG	0
6zp4_4	C	283	ZN	1
6zp4_4	C	304	ZN	1
6zp4_4	C	301	ZN	1
6zpa_A	H	71	ZN	1
6zpa_A	D	72	ZN	1
6zpa_A	H	39	ZN	1
6zpa_A	D	124	ZN	1
6zr5_D	C	8	ZN	1
6zr5_D	H	26	ZN	1
6zr5_D	H	30	ZN	1
6zr5_D	C	13	ZN	1
6zsv_B	H	287	ZN	1
6zsv_B	E	281	ZN	1
6zsv_B	E	259	ZN	1
6zsv_B	E	168	ZN	1
6zsv_B	D	300	ZN	1
6zsv_B	H	298	ZN	1
6zu5_LMM	C	112	ZN	1
6zu5_LMM	C	95	ZN	1
6zu5_LMM	C	106	ZN	1
6zu5_LMM	C	92	ZN	1
6zu5_SDD	C	48	ZN	1
6zu5_SDD	C	45	ZN	1
6zu5_SDD	C	30	ZN	1
6zu5_SDD	C	27	ZN	1
6zuk_C	D	44	ZN	1
6zuk_C	H	66	ZN	1
6zuk_C	H	21	ZN	1
6zwo_F_1478_1694	C	42	ZN	1
6zwo_F_1478_1694	C	173	ZN	1
6zwo_F_1478_1694	H	37	ZN	1
6zwo_F_1478_1694	C	45	ZN	1
6zx9_C	C	254	ZN	1
6zx9_C	H	249	ZN	1
6zx9_C	H	203	ZN	1
6zx9_C	H	256	ZN	1
6zxb_A	D	7	MG	0
6zxb_A	E	6	MG	0
6zxb_A	D	50	MG	0
6zxb_A	E	212	MG	0
6zxb_A	D	168	MG	0
6zxb_A	E	211	MG	0
6zxu_C	C	538	SF4	2
6zxu_C	C	544	SF4	2
6zxu_C	C	541	SF4	2
6zxu_C	C	594	SF4	2
6zxu_C	C	587	SF4	2
6zxu_C	C	590	SF4	2
6zxu_C	C	574	SF4	2
6zxu_C	C	548	SF4	2
6zxw_H	C	10	ZN	1
6zxw_H	C	36	ZN	1
6zxw_H	C	13	ZN	1
7a19_B	H	186	MG	0
7a19_B	E	27	MG	0
7a19_B	D	312	MG	0
7a1r_B	E	33	CA	0
7a1r_B	D	39	CA	0
7a1r_B	D	86	CA	0
7a3n_A	D	229	CA	0
7a73_A	D	233	CA	0
7a73_A	E	238	CA	0
7a7e_B	D	100	MG	0
7a7e_B	D	57	MG	0
7ae5_f	C	2	ZN	1
7ae5_f	C	5	ZN	1
7ae5_f	C	27	ZN	1
7ae5_f	C	30	ZN	1
7af1_A	H	115	ZN	1
7af1_A	D	136	ZN	1
7af1_A	H	35	ZN	1
7af1_A	H	33	ZN	1
7af1_A	H	228	ZN	1
7af1_A	C	272	ZN	1
7af1_A	C	256	ZN	1
7af1_A	H	254	ZN	1
7af1_A	D	37	ZN	1
7af1_A	H	38	ZN	1
7agm_B	H	106	ZN	1
7agm_B	E	51	ZN	1
7agm_B	H	16	ZN	1
7alc_E	H	102	ZN	1
7alc_E	C	170	ZN	1
7alc_E	C	99	ZN	1
7amk_B	D	340	CA	0
7amk_B	D	262	CA	0
7amk_B	D	229	CA	0
7amk_B	D	264	CA	0
7amk_B	E	195	CA	0
7amk_B	E	228	CA	0
7amk_B	E	141	CA	0
7amk_B	D	230	CA	0
7amk_B	D	227	CA	0
7amk_B	D	193	CA	0
7aoh_J	C	39	ZN	1
7aoh_J	C	38	ZN	1
7aoh_J	C	6	ZN	1
7aoh_J	C	9	ZN	1
7aov_B	C	69	ZN	1
7aov_B	C	71	ZN	1
7aov_B	H	78	ZN	1
7aov_B	C	57	ZN	1
7aq1_B	D	236	CA	0
7aq1_B	D	356	CA	0
7aq1_B	E	206	CA	0
7aq1_B	D	219	CA	0
7aq1_B	D	222	CA	0
7ath_AAA	D	172	ZN	1
7ath_AAA	D	192	ZN	1
7ath_AAA	D	178	ZN	1
7atp_A	D	23	CA	0
7atp_A	D	29	CA	0
7atp_A	D	79	CA	0
7atp_A	E	81	CA	0
7atp_A	E	87	CA	0
7auc_A	C	425	ZN	1
7auc_A	C	452	ZN	1
7auc_A	C	444	ZN	1
7auc_A	C	455	ZN	1
7ax4_B	D	235	CA	0
7ax4_B	E	127	CA	0
7ay3_A	E	8	CA	0
7ay3_A	D	115	CA	0
7ay3_A	D	111	CA	0
7ay3_A	D	106	CA	0
7b04_V	C	234	SF4	2
7b04_V	C	44	SF4	2
7b04_V	C	257	SF4	2
7b04_V	C	237	SF4	2
7b04_V	C	217	SF4	2
7b04_V	C	182	SF4	2
7b04_V	C	177	SF4	2
7b04_V	C	174	SF4	2
7b04_V	C	34	SF4	2
7b04_V	C	40	SF4	2
7b04_V	C	261	SF4	2
7b04_V	C	37	SF4	2
7b04_V	C	207	F3S	2
7b04_V	C	213	F3S	2
7b04_V	C	186	F3S	2
7b04_X	H	248	CA	0
7b04_X	D	277	CA	0
7b04_X	D	234	CA	0
7b04_X	D	250	CA	0
7b04_X	D	274	CA	0
7b04_X	D	116	CA	0
7b04_X	D	131	CA	0
7b1l_B	D	83	MG	0
7b1l_B	D	87	MG	0
7b1l_B	D	62	MG	0
7b4s_A	E	152	MN	1
7b4s_A	D	110	MN	1
7b4s_A	E	112	MN	1
7b4w_A	D	126	CA	0
7b6a_AAA	E	18	CA	0
7b6a_AAA	E	186	CA	0
7b7p_B	D	283	MG	0
7b7q_A	C	37	FES	2
7b7q_A	C	40	FES	2
7b7q_A	C	46	SF4	2
7b7q_A	C	67	SF4	2
7b7q_A	C	49	SF4	2
7b7q_A	C	54	SF4	2
7b9v_D	C	53	ZN	1
7b9v_D	C	50	ZN	1
7b9v_D	C	90	ZN	1
7b9v_D	C	87	ZN	1
7b9v_M	C	86	ZN	1
7b9v_M	C	80	ZN	1
7b9v_M	C	72	ZN	1
7b9v_M	H	90	ZN	1
7b9v_c	H	129	ZN	1
7b9v_c	C	121	ZN	1
7b9v_c	C	134	ZN	1
7b9v_c	C	124	ZN	1
7bag_A	D	531	CA	0
7bag_A	D	534	CA	0
7bb9_A	D	154	CA	0
7bb9_A	D	190	CA	0
7bb9_A	D	141	CA	0
7bb9_A	E	185	CA	0
7bb9_A	D	143	CA	0
7bb9_A	E	228	CA	0
7bb9_A	D	314	CA	0
7bb9_A	D	45	ZN	1
7bb9_A	H	213	ZN	1
7bb9_A	H	217	ZN	1
7bb9_A	E	240	ZN	1
7bbd_B	C	114	ZN	1
7bbd_B	C	94	ZN	1
7bbd_B	C	117	ZN	1
7bbd_B	C	97	ZN	1
7bbd_B	C	132	ZN	1
7bbd_B	C	109	ZN	1
7bbd_B	C	129	ZN	1
7bbd_B	H	111	ZN	1
7bbv_B	D	154	CA	0
7bbv_B	D	121	CA	0
7bbv_B	D	150	CA	0
7bf0_B	C	123	ZN	1
7bf0_B	C	61	ZN	1
7bf0_B	H	113	ZN	1
7bf3_C	H	1	MG	0
7bf3_C	E	120	MG	0
7bgm_B	C	80	ZN	1
7bgm_B	C	96	ZN	1
7bgm_B	C	103	ZN	1
7bgm_B	D	191	ZN	1
7bgm_B	E	168	ZN	1
7bgm_B	E	188	ZN	1
7bgm_B	D	83	ZN	1
7bgm_B	D	79	ZN	1
7bgm_B	D	81	ZN	1
7bhb_B	E	131	FE	1
7bhb_B	E	206	FE	1
7bhb_B	H	202	FE	1
7bhb_B	H	82	FE	1
7biz_B	D	322	CA	0
7biz_B	D	314	CA	0
7biz_B	D	323	CA	0
7bjq_A	H	114	MN	1
7bjq_A	D	93	MN	1
7bjq_A	D	46	MN	1
7bjq_A	D	170	MN	1
7bjq_A	H	42	MN	1
7bjq_A	D	44	MN	1
7bkx_AAA	H	84	ZN	1
7bkx_AAA	D	74	ZN	1
7bkx_AAA	E	82	ZN	1
7blk_A	E	155	CA	0
7blk_A	D	45	CA	0
7blk_A	D	47	CA	0
7bm6_B	D	448	CA	0
7bm6_B	H	430	CA	0
7bm6_B	H	479	CA	0
7bqv_A	C	76	ZN	1
7bqv_A	C	5	ZN	1
7bqv_A	C	8	ZN	1
7bqv_A	C	73	ZN	1
7bqv_B	C	6	ZN	1
7bqv_B	H	19	ZN	1
7bqv_B	C	3	ZN	1
7bqv_B	H	23	ZN	1
7btn_A	D	137	MG	0
7btn_A	D	135	MG	0
7btn_A	D	140	MG	0
7btn_A	E	121	MG	0
7bug_C	H	70	FES	2
7bug_C	H	92	FES	2
7bug_C	C	89	FES	2
7bug_C	C	68	FES	2
7bug_C	H	186	FE	1
7bug_C	D	332	FE	1
7bug_C	H	182	FE	1
7bv5_B	H	56	ZN	1
7bv5_B	C	90	ZN	1
7bv5_B	C	93	ZN	1
7bv5_D	C	262	ZN	1
7bv5_D	C	327	ZN	1
7bv5_D	C	259	ZN	1
7bv5_D	H	221	ZN	1
7bva_B	H	219	ZN	1
7bva_B	H	378	ZN	1
7bva_B	H	379	ZN	1
7bwu_D	D	210	CA	0
7by1_B	C	80	ZN	1
7by1_B	C	53	ZN	1
7by1_B	H	90	ZN	1
7by1_B	C	83	ZN	1
7by1_B	H	85	ZN	1
7by1_B	C	51	ZN	1
7by1_B	C	45	ZN	1
7bys_B	E	309	CA	0
7bys_B	D	421	CA	0
7bys_B	E	307	CA	0
7bz3_D	H	94	ZN	1
7bz3_D	D	93	ZN	1
7bz3_D	D	208	ZN	1
7bz3_D	H	277	ZN	1
7bz3_D	H	91	ZN	1
7bz3_D	H	89	ZN	1
7bz3_D	H	186	ZN	1
7bzk_A	C	53	SF4	2
7bzk_A	C	85	SF4	2
7bzk_A	C	72	SF4	2
7bzk_A	C	74	SF4	2
7bzk_A	C	83	SF4	2
7c2g_G	D	96	CA	0
7c2g_G	E	50	CA	0
7c2g_G	D	28	CA	0
7c2g_G	E	161	CA	0
7c2g_G	D	139	CA	0
7c2g_G	D	138	CA	0
7c2g_G	D	62	CA	0
7c2g_G	D	173	CA	0
7c3b_A	C	45	FES	2
7c3b_A	C	48	FES	2
7c3b_A	C	40	FES	2
7c3b_A	C	81	FES	2
7c3b_A	H	3	NI	1
7c3b_A	H	5	NI	1
7c4c_A	C	283	ZN	1
7c4c_A	C	280	ZN	1
7c4c_A	C	293	ZN	1
7c4c_A	H	288	ZN	1
7c4c_A	C	260	ZN	1
7c4c_A	H	265	ZN	1
7c4c_A	C	270	ZN	1
7c4c_A	C	257	ZN	1
7c4c_A	D	85	ZN	1
7c4c_A	H	21	ZN	1
7c4c_A	H	329	ZN	1
7c4c_A	C	322	ZN	1
7c4c_A	C	334	ZN	1
7c4c_A	C	325	ZN	1
7c4c_A	C	306	ZN	1
7c4c_A	C	316	ZN	1
7c4c_A	C	303	ZN	1
7c4c_A	H	311	ZN	1
7c7d_B	D	190	CA	0
7c7d_B	E	64	CA	0
7c7d_B	E	62	CA	0
7c7e_A	H	194	ZN	1
7c7e_A	D	145	ZN	1
7c7e_A	H	149	ZN	1
7c7l_A	C	81	ZN	1
7c7l_A	H	62	ZN	1
7c7l_A	C	78	ZN	1
7c7l_A	C	59	ZN	1
7c7l_A	C	484	ZN	1
7c7l_A	C	512	ZN	1
7c7l_A	C	509	ZN	1
7c7l_A	C	487	ZN	1
7c7u_B	D	76	CA	0
7c7u_B	D	392	CA	0
7c7u_B	D	388	CA	0
7c7u_B	E	399	CA	0
7c7u_B	D	390	CA	0
7c7u_B	D	406	CA	0
7c7u_B	D	419	CA	0
7c7u_B	D	411	CA	0
7c7u_B	E	422	CA	0
7c7u_B	D	415	CA	0
7c7u_B	E	508	CA	0
7c7u_B	D	413	CA	0
7c8n_A	D	39	FES	2
7c8n_A	C	62	FES	2
7c8n_A	C	106	FES	2
7c8n_A	C	37	FES	2
7c9r_C	D	277	CA	0
7c9r_C	D	135	CA	0
7c9r_Y	D	49	CA	0
7cbh_B	H	271	ZN	1
7cbh_B	C	94	ZN	1
7cbh_B	H	145	ZN	1
7cbs_L	D	122	MG	0
7cd4_C	H	5	ZN	1
7cd4_C	H	8	ZN	1
7cd4_C	E	47	ZN	1
7cei_B	H	173	ZN	1
7cei_B	H	198	ZN	1
7cei_B	H	202	ZN	1
7cfi_A	E	135	MG	0
7cfi_A	E	131	MG	0
7cje_C	D	182	ZN	1
7cje_C	D	148	ZN	1
7cje_C	H	298	ZN	1
7cje_C	D	313	MG	0
7cje_C	E	317	MG	0
7cje_C	D	41	MG	0
7cl2_F	H	234	NI	1
7cl2_F	H	147	NI	1
7cl2_F	D	149	NI	1
7cle_A	D	226	MG	0
7cle_A	D	107	MG	0
7cle_A	D	105	MG	0
7cm1_B	D	244	CA	0
7cm1_B	D	213	CA	0
7cma_C	C	141	ZN	1
7cma_C	H	108	ZN	1
7cma_C	C	138	ZN	1
7cma_C	C	115	ZN	1
7cmr_A	H	242	ZN	1
7cmr_A	C	229	ZN	1
7cmr_A	C	246	ZN	1
7cmr_A	C	226	ZN	1
7cnp_C	C	519	FES	2
7cnp_C	C	517	FES	2
7cnp_C	C	282	FES	2
7cns_A	C	341	F3S	2
7cns_A	C	282	F3S	2
7cns_A	C	109	F3S	2
7cof_A	D	287	CA	0
7cof_A	D	241	CA	0
7cpl_A	D	351	CA	0
7cpl_A	D	289	CA	0
7cpl_A	D	331	CA	0
7cpl_A	D	318	CA	0
7cpl_A	D	312	CA	0
7cpl_A	E	353	NI	1
7cpl_A	E	293	NI	1
7cpl_A	H	357	NI	1
7cq3_A	H	250	ZN	1
7cq3_A	C	217	ZN	1
7cq3_A	C	220	ZN	1
7cq3_A	C	253	ZN	1
7cq3_A	C	245	ZN	1
7cq3_A	C	240	ZN	1
7cq3_A	C	281	ZN	1
7cq3_A	C	278	ZN	1
7cup_F	H	317	FE	1
7cup_F	D	319	FE	1
7cup_F	H	264	FE	1
7cv0_A	E	90	ZN	1
7cv0_A	H	149	ZN	1
7cv0_A	H	151	ZN	1
7cwz_A	H	547	MG	0
7cwz_A	H	525	MG	0
7cwz_A	D	549	MG	0
7cxz_A	H	1	NI	1
7cxz_A	H	2	NI	1
7cy6_A	H	718	FE	1
7cy6_A	D	720	FE	1
7cy6_A	H	770	FE	1
7cym_B	E	64	CA	0
7cym_B	E	17	CA	0
7cym_B	D	98	CA	0
7cym_B	D	95	CA	0
7cym_B	D	62	CA	0
7cym_B	D	131	CA	0
7cym_B	D	129	CA	0
7cym_B	D	192	CA	0
7cym_B	D	309	CA	0
7cym_B	E	278	CA	0
7cym_B	D	312	CA	0
7cym_B	E	226	CA	0
7cym_B	D	403	CA	0
7cym_B	D	345	CA	0
7cym_B	D	343	CA	0
7d18_A	E	145	ZN	1
7d18_A	H	260	ZN	1
7d18_A	D	111	ZN	1
7d1b_A	D	154	ZN	1
7d1b_A	E	187	ZN	1
7d1b_A	H	308	ZN	1
7d2s_B	C	7	ZN	1
7d2s_B	C	30	ZN	1
7d2s_B	C	10	ZN	1
7d2s_B	C	27	ZN	1
7d2s_B	C	36	ZN	1
7d2s_B	C	55	ZN	1
7d2s_B	C	33	ZN	1
7d2s_B	C	58	ZN	1
7d2t_D	C	119	ZN	1
7d2t_D	C	97	ZN	1
7d2t_D	C	116	ZN	1
7d2t_D	C	94	ZN	1
7d2t_D	C	56	ZN	1
7d2t_D	C	38	ZN	1
7d2t_D	C	35	ZN	1
7d2t_D	H	59	ZN	1
7d2t_D	C	91	ZN	1
7d2t_D	C	88	ZN	1
7d2t_D	C	68	ZN	1
7d2t_D	C	71	ZN	1
7d2t_D	C	9	ZN	1
7d2t_D	H	32	ZN	1
7d2t_D	H	29	ZN	1
7d2t_D	C	12	ZN	1
7d4f_A	C	301	ZN	1
7d4f_A	C	310	ZN	1
7d4f_A	H	295	ZN	1
7d4f_A	C	306	ZN	1
7d4f_A	C	645	ZN	1
7d4f_A	C	487	ZN	1
7d4f_A	C	646	ZN	1
7d53_D	H	155	MG	0
7d53_D	H	139	MG	0
7d53_D	E	203	MG	0
7d53_D	H	180	MG	0
7d58_P	C	286	SF4	2
7d58_P	C	289	SF4	2
7d58_P	C	295	SF4	2
7d58_P	C	306	SF4	2
7d62_B	H	81	MN	1
7d62_B	H	82	MN	1
7d6x_B	C	73	FES	2
7d6x_B	C	61	FES	2
7d6x_B	C	53	FES	2
7d6x_B	C	58	FES	2
7d6x_B	C	144	SF4	2
7d6x_B	C	147	SF4	2
7d6x_B	C	212	SF4	2
7d6x_B	C	150	SF4	2
7d6x_B	C	154	F3S	2
7d6x_B	C	202	F3S	2
7d6x_B	C	208	F3S	2
7d6x_C	H	239	FES	2
7d6x_C	C	205	FES	2
7d6x_C	H	154	FES	2
7d6x_C	C	113	FES	2
7d7f_C	D	364	CA	0
7d7f_C	E	347	CA	0
7d7f_C	E	344	CA	0
7d8a_A	C	183	ZN	1
7d8a_A	C	151	ZN	1
7d8a_A	H	186	ZN	1
7d8a_A	C	146	ZN	1
7d8a_A	C	73	ZN	1
7d8a_A	C	76	ZN	1
7d8a_A	C	96	ZN	1
7d8a_A	H	93	ZN	1
7d8a_A	H	156	ZN	1
7d8a_A	C	132	ZN	1
7d8a_A	C	129	ZN	1
7d8a_A	C	159	ZN	1
7d8a_A	C	10	ZN	1
7d8a_A	C	13	ZN	1
7d8a_A	H	35	ZN	1
7d8a_A	C	38	ZN	1
7d8a_A	C	62	ZN	1
7d8a_A	C	30	ZN	1
7d8a_A	C	65	ZN	1
7d8a_A	C	27	ZN	1
7d8q_A	D	105	MG	0
7d8q_A	D	109	MG	0
7dbu_B	D	39	ZN	1
7dbu_B	D	33	ZN	1
7dbu_B	D	104	ZN	1
7dbu_B	D	102	ZN	1
7dc9_D	C	85	ZN	1
7dc9_D	H	55	ZN	1
7dc9_D	C	88	ZN	1
7dcn_A	C	150	ZN	1
7dcn_A	H	163	ZN	1
7dcn_A	C	157	ZN	1
7dcn_A	C	147	ZN	1
7dco_C	E	325	CA	0
7dco_M	C	158	ZN	1
7dco_M	H	162	ZN	1
7dco_M	C	152	ZN	1
7dco_M	C	143	ZN	1
7dco_M	C	201	ZN	1
7dco_M	C	218	ZN	1
7dco_M	C	198	ZN	1
7dco_M	C	221	ZN	1
7dco_M	C	235	ZN	1
7dco_M	C	213	ZN	1
7dco_M	C	232	ZN	1
7dco_M	H	215	ZN	1
7dco_N	C	103	ZN	1
7dco_N	C	107	ZN	1
7dco_N	C	147	ZN	1
7dco_N	C	104	ZN	1
7dco_N	C	149	ZN	1
7dco_N	C	152	ZN	1
7dco_N	C	121	ZN	1
7dco_N	C	144	ZN	1
7dco_N	C	119	ZN	1
7dco_Q	C	12	ZN	1
7dco_Q	C	73	ZN	1
7dco_Q	C	70	ZN	1
7dco_Q	C	15	ZN	1
7dco_Q	C	36	ZN	1
7dco_Q	C	33	ZN	1
7dco_Q	C	60	ZN	1
7dco_Q	C	63	ZN	1
7dco_u	H	445	ZN	1
7dco_u	C	425	ZN	1
7dco_u	H	439	ZN	1
7dco_u	C	422	ZN	1
7dco_u	H	303	ZN	1
7dco_u	H	297	ZN	1
7dco_u	C	281	ZN	1
7dco_u	C	284	ZN	1
7dco_v	H	89	ZN	1
7dco_v	C	70	ZN	1
7dco_v	H	83	ZN	1
7dco_v	C	67	ZN	1
7df2_A	D	135	CA	0
7df2_A	D	62	CA	0
7df2_A	D	140	CA	0
7df2_A	C	61	CA	0
7df2_A	D	133	CA	0
7df2_A	D	68	CA	0
7df2_A	D	65	CA	0
7dg2_A	H	204	ZN	1
7dg2_A	C	207	ZN	1
7dg2_A	C	186	ZN	1
7dg2_A	C	183	ZN	1
7dg2_A	C	220	ZN	1
7dg2_A	C	199	ZN	1
7dg2_A	C	196	ZN	1
7dg2_A	C	223	ZN	1
7dh6_B	D	320	CA	0
7dh6_B	D	292	CA	0
7dh8_A	C	107	ZN	1
7dh8_A	H	96	ZN	1
7dh8_A	H	115	ZN	1
7dh8_A	E	130	ZN	1
7dh8_A	C	162	ZN	1
7dh8_A	C	125	ZN	1
7dh8_A	C	165	ZN	1
7dh8_A	C	122	ZN	1
7dif_A	C	339	ZN	1
7dif_A	E	337	ZN	1
7dif_A	C	417	ZN	1
7dif_A	C	416	ZN	1
7dm0_B	D	109	CA	0
7dm0_B	D	180	CA	0
7dnn_P	E	304	MN	1
7dnn_P	E	146	MN	1
7dnn_P	D	178	MN	1
7dnn_P	H	268	MN	1
7dnr_A	H	224	ZN	1
7dnr_A	H	225	ZN	1
7dog_A	D	50	MN	1
7dog_A	H	174	MN	1
7dog_A	H	212	MN	1
7dog_A	H	12	MN	1
7dog_A	D	10	MN	1
7dog_A	H	214	MN	1
7dp3_B	C	196	ZN	1
7dp3_B	C	199	ZN	1
7dp3_B	C	218	ZN	1
7dpd_B	C	185	ZN	1
7dpd_B	C	191	ZN	1
7dpd_B	C	163	ZN	1
7dpd_B	C	160	ZN	1
7drj_B	D	76	ZN	1
7drj_B	D	79	ZN	1
7drj_B	D	97	ZN	1
7drq_B	D	172	CA	0
7drq_B	D	182	CA	0
7drq_B	D	284	CA	0
7dry_A	H	60	ZN	1
7dry_A	C	101	ZN	1
7dry_A	C	111	ZN	1
7duf_B	C	36	ZN	1
7duf_B	C	60	ZN	1
7duf_B	C	33	ZN	1
7duf_B	C	63	ZN	1
7duf_B	H	41	ZN	1
7duf_B	C	18	ZN	1
7duf_B	C	44	ZN	1
7duf_B	C	21	ZN	1
7dvq_0	C	2	ZN	1
7dvq_0	C	85	ZN	1
7dvq_0	C	82	ZN	1
7dvq_0	C	5	ZN	1
7dvq_0	C	75	ZN	1
7dvq_0	C	57	ZN	1
7dvq_0	C	72	ZN	1
7dvq_0	C	60	ZN	1
7dvq_M	C	216	ZN	1
7dvq_M	C	201	ZN	1
7dvq_M	C	210	ZN	1
7dvq_M	H	220	ZN	1
7dvq_v	C	46	ZN	1
7dvq_v	C	43	ZN	1
7dvq_v	H	67	ZN	1
7dvq_v	H	61	ZN	1
7dz2_D	D	178	MG	0
7dz2_D	H	204	MG	0
7dz2_D	E	239	MG	0
7dz2_D	E	145	MG	0
7dz9_B	H	90	FE	1
7dz9_B	E	134	FE	1
7dz9_B	H	54	FE	1
7dz9_B	H	193	FE	1
7dz9_B	D	164	FE	1
7dz9_B	E	237	FE	1
7dz9_B	D	208	FE	1
7dz9_B	H	210	FE	1
7e0l_M	C	78	SF4	2
7e0l_M	C	69	SF4	2
7e0l_M	C	66	SF4	2
7e0l_M	C	84	SF4	2
7e0l_M	C	4	FE	1
7e0l_M	C	7	FE	1
7e0l_M	C	40	FE	1
7e0l_M	C	37	FE	1
7e1q_A	C	328	SF4	2
7e1q_A	C	308	SF4	2
7e1q_A	C	312	SF4	2
7e1q_A	C	316	SF4	2
7e1v_M	H	354	FES	2
7e1v_M	C	371	FES	2
7e1v_M	H	374	FES	2
7e1v_M	C	352	FES	2
7e44_F	C	102	ZN	1
7e44_F	C	120	ZN	1
7e44_F	C	117	ZN	1
7e44_F	C	99	ZN	1
7e62_J	C	31	ZN	1
7e62_J	C	45	ZN	1
7e62_J	C	48	ZN	1
7e62_J	C	34	ZN	1
7e8o_D	D	155	CA	0
7ea4_B	E	355	CA	0
7ea4_B	D	353	CA	0
7ea4_B	E	188	CA	0
7ea4_B	D	356	CA	0
7ebp_B	C	58	CA	0
7ebp_B	D	17	CA	0
7ebp_B	D	345	CA	0
7ebp_B	D	18	CA	0
7ebv_A	E	46	CA	0
7ebv_A	D	53	CA	0
7ebv_A	E	52	CA	0
7ef0_B	H	108	ZN	1
7ef0_B	C	113	ZN	1
7ef0_B	C	74	ZN	1
7ef0_B	C	115	ZN	1
7ef6_A	D	183	MG	0
7ef6_A	D	13	MG	0
7ef6_A	D	11	MG	0
7ef8_A	C	241	SF4	2
7ef8_A	C	231	SF4	2
7ef8_A	C	247	SF4	2
7ef8_A	C	238	SF4	2
7ef8_A	C	280	ZN	1
7ef8_A	C	270	ZN	1
7ef8_A	H	26	ZN	1
7ef8_A	C	277	ZN	1
7eiq_A	D	210	MG	0
7eiq_A	H	42	MG	0
7ej3_B	C	262	ZN	1
7ej3_B	C	264	ZN	1
7ej3_B	C	251	ZN	1
7ejw_A	E	272	MG	0
7ejw_C	E	131	MG	0
7elv_E	D	97	CA	0
7elv_E	D	104	CA	0
7elv_E	H	122	MN	1
7elv_E	E	95	MN	1
7elv_E	H	111	MN	1
7eqm_C	D	154	MG	0
7esk_A	E	29	CA	0
7esk_A	E	155	CA	0
7esy_B	E	256	CA	0
7esz_C	E	276	MN	1
7esz_C	E	222	MN	1
7esz_C	D	256	MN	1
7eul_A	D	108	MN	1
7eul_A	H	85	MN	1
7eul_A	D	197	MN	1
7eul_A	D	112	MN	1
7eul_A	D	199	MN	1
7eul_A	E	240	MN	1
7eul_A	H	110	MN	1
7eus_B	H	293	CU	1
7eus_B	D	171	CU	1
7eus_B	H	169	CU	1
7ev5_A	H	53	ZN	1
7ev5_A	D	149	ZN	1
7ev5_A	H	130	ZN	1
7ev5_A	H	55	ZN	1
7ev5_A	H	190	ZN	1
7ev5_A	H	58	ZN	1
7ev5_A	D	57	ZN	1
7ewx_B	D	114	MN	1
7ewx_B	H	69	MN	1
7exb_A	D	186	MN	1
7exb_A	H	223	MN	1
7exb_A	E	259	MN	1
7exb_A	E	154	MN	1
7exk_F	E	52	CU	1
7exk_F	H	0	CU	1
7exk_F	H	74	CU	1
7exk_F	D	123	CA	0
7f1n_B	D	257	MG	0
7f1n_B	D	202	MG	0
7f4g_R	C	104	ZN	1
7f4g_R	C	99	ZN	1
7f4g_R	C	139	ZN	1
7f4g_R	C	135	ZN	1
7f4v_cC	C	53	SF4	2
7f4v_cC	C	47	SF4	2
7f4v_cC	C	20	SF4	2
7f4v_cC	C	50	SF4	2
7f4v_cC	C	13	SF4	2
7f4v_cC	C	57	SF4	2
7f4v_cC	C	16	SF4	2
7f4v_cC	C	10	SF4	2
7f5i_A	H	36	ZN	1
7f5i_A	H	133	ZN	1
7f5i_A	C	141	ZN	1
7f7r_A	E	314	CA	0
7f7r_A	D	291	CA	0
7f7r_A	E	328	CA	0
7f99_B	C	489	ZN	1
7f99_B	C	487	ZN	1
7f99_B	C	440	ZN	1
7f99_B	C	445	ZN	1
7f9j_A	D	128	CA	0
7f9j_A	D	125	CA	0
7f9j_A	D	123	CA	0
7fa1_A	C	148	ZN	1
7fa1_A	C	166	ZN	1
7fa1_A	C	145	ZN	1
7fa1_A	C	163	ZN	1
7fa1_A	C	192	ZN	1
7fa1_A	C	195	ZN	1
7fa1_A	C	238	ZN	1
7fa1_A	H	204	ZN	1
7fa1_A	C	22	ZN	1
7fa1_A	H	56	ZN	1
7fa1_A	C	53	ZN	1
7fa1_A	H	58	ZN	1
7fac_A	H	92	ZN	1
7fac_A	C	126	ZN	1
7fac_A	C	80	ZN	1
7fav_A	C	19	ZN	1
7fav_A	C	13	ZN	1
7fav_A	H	67	ZN	1
7fav_A	C	16	ZN	1
7fav_A	C	204	ZN	1
7fav_A	C	206	ZN	1
7fav_A	C	157	ZN	1
7fav_A	C	154	ZN	1
7fbw_A	H	178	NI	1
7fbw_A	H	174	NI	1
7fbw_A	D	124	NI	1
7fc9_A	E	319	MG	0
7fc9_A	D	134	MG	0
7fct_B	H	60	ZN	1
7fct_B	H	58	ZN	1
7fct_B	H	141	ZN	1
7fct_B	D	164	ZN	1
7fct_B	H	219	ZN	1
7fct_B	D	62	ZN	1
7fct_B	H	63	ZN	1
7ffn_M	D	53	CA	0
7ffn_M	D	49	CA	0
7ffn_M	D	59	CA	0
7fgc_B	D	346	CA	0
7fgc_B	D	315	CA	0
7fgg_L	E	128	ZN	1
7fgg_L	C	133	ZN	1
7fgg_L	H	78	ZN	1
7fgg_L	C	140	ZN	1
7fh6_A	E	205	MG	0
7fh6_A	D	160	MG	0
7fh6_A	H	97	CA	0
7fh6_A	D	79	CA	0
7fh6_A	D	100	CA	0
7fh6_A	D	144	CA	0
7fh6_A	D	123	CA	0
7fh6_A	D	179	CA	0
7fh6_A	D	210	CA	0
7fh6_A	E	158	CA	0
7fh6_A	D	635	CA	0
7fh6_A	D	252	CA	0
7fh6_A	E	308	CA	0
7fh6_A	D	284	CA	0
7fh6_A	D	340	CA	0
7fh6_A	E	364	CA	0
7fh6_A	D	430	CA	0
7fh6_A	D	406	CA	0
7fh6_A	D	465	CA	0
7fh6_A	D	489	CA	0
7fh6_A	E	543	CA	0
7fh6_A	D	521	CA	0
7fh6_A	D	545	CA	0
7fh6_A	D	579	CA	0
7fh6_A	D	601	CA	0
7fh6_A	D	603	CA	0
7fh6_A	D	550	CA	0
7fh6_A	D	493	CA	0
7fh9_A	C	97	ZN	1
7fh9_A	C	94	ZN	1
7fh9_A	H	66	ZN	1
7fis_D	C	136	ZN	1
7fis_D	H	149	ZN	1
7fis_D	E	102	ZN	1
7fjl_F	D	342	FE	1
7fjl_F	H	185	FE	1
7fjl_F	H	180	FE	1
7fjl_F	C	88	FES	2
7fjl_F	C	69	FES	2
7fjl_F	H	91	FES	2
7fjl_F	H	71	FES	2
7jj8_D	E	252	ZN	1
7jj8_D	H	177	ZN	1
7jj8_D	H	36	ZN	1
7jj8_D	H	113	ZN	1
7jj9_A	H	177	ZN	1
7jj9_A	H	113	ZN	1
7jj9_A	H	36	ZN	1
7jj9_A	E	252	ZN	1
7jjt_A	D	41	CA	0
7jjt_A	D	45	CA	0
7jjt_A	D	49	CA	0
7jjt_A	E	190	CA	0
7jjt_A	D	70	CA	0
7jjt_A	D	62	CA	0
7jjt_A	D	64	CA	0
7jmv_A	D	237	CA	0
7jmv_A	H	242	CA	0
7jnd_A	D	91	CA	0
7jnd_A	E	200	CA	0
7jnd_A	D	318	CA	0
7jnd_A	D	316	CA	0
7jnd_A	E	422	CA	0
7jof_D	D	26	CA	0
7jof_D	D	23	CA	0
7jof_D	E	78	CA	0
7jof_D	H	77	CA	0
7jof_D	D	76	CA	0
7jrl_A	D	235	CA	0
7jrl_A	D	229	CA	0
7jtz_D	C	50	ZN	1
7jtz_D	C	30	ZN	1
7jtz_D	C	53	ZN	1
7jtz_D	C	33	ZN	1
7jvi_B	E	333	CA	0
7jvi_B	D	341	CA	0
7k44_A	D	240	CA	0
7k44_A	D	377	CA	0
7k44_A	D	214	CA	0
7k4o_A	D	255	CA	0
7k4o_A	D	259	CA	0
7k4o_A	D	252	CA	0
7k6c_B	D	84	CA	0
7k84_A	E	255	ZN	1
7k84_A	H	216	ZN	1
7k84_A	H	220	ZN	1
7k95_A	H	28	ZN	1
7k95_A	C	24	ZN	1
7k95_A	C	10	ZN	1
7k95_A	C	18	ZN	1
7k95_A	C	34	ZN	1
7k95_A	C	42	ZN	1
7k95_A	H	52	ZN	1
7k95_A	C	48	ZN	1
7k9n_D	E	80	CA	0
7k9n_D	D	69	CA	0
7k9n_D	D	73	CA	0
7k9n_D	D	79	CA	0
7k9n_D	E	121	CA	0
7k9n_D	D	120	CA	0
7k9n_D	D	110	CA	0
7k9n_D	D	114	CA	0
7kbg_C	H	178	CA	0
7kbg_C	D	174	CA	0
7kbg_C	D	176	CA	0
7kbr_D	D	120	CA	0
7kbr_D	D	114	CA	0
7kbr_D	D	110	CA	0
7kbr_D	E	121	CA	0
7kbr_D	D	73	CA	0
7kbr_D	D	79	CA	0
7kbr_D	E	80	CA	0
7kbr_D	D	69	CA	0
7kfr_A	D	346	MG	0
7kfr_A	E	348	MG	0
7kfr_A	E	316	MG	0
7kfr_A	H	311	MG	0
7kgq_B	H	83	CA	0
7kgx_A	D	180	FE	1
7kgx_A	H	73	FE	1
7kgx_A	H	161	FE	1
7kgx_A	H	71	FE	1
7kgx_A	H	76	FE	1
7kgx_A	D	75	FE	1
7kgx_A	H	223	FE	1
7kgz_B	D	34	CA	0
7kgz_B	D	511	CA	0
7kgz_B	D	37	CA	0
7kgz_B	D	41	CA	0
7kld_A	D	19	CA	0
7kld_A	D	56	CA	0
7kld_A	E	93	CA	0
7knd_A	C	18	ZN	1
7knd_A	C	43	ZN	1
7knd_A	H	40	ZN	1
7knd_A	C	15	ZN	1
7knd_A	C	35	ZN	1
7knd_A	C	32	ZN	1
7knd_A	C	51	ZN	1
7knd_A	H	2	ZN	1
7koe_H	C	60	SF4	2
7koe_H	C	63	SF4	2
7koe_H	C	41	SF4	2
7koe_H	C	66	SF4	2
7koe_H	C	70	SF4	2
7koe_H	C	32	SF4	2
7koe_H	C	28	SF4	2
7koe_H	C	37	SF4	2
7kpj_F	D	186	CA	0
7kpj_F	D	188	CA	0
7kpj_F	D	184	CA	0
7kq8_C	C	240	FE	1
7kq8_C	H	77	FE	1
7kq8_C	H	45	FE	1
7kug_C	C	42	SF4	2
7kug_C	C	19	SF4	2
7kug_C	C	45	SF4	2
7kug_C	C	51	SF4	2
7kwd_B	D	46	MG	0
7kwd_B	E	269	MG	0
7l3l_C	C	45	ZN	1
7l3l_C	C	42	ZN	1
7l3l_C	C	22	ZN	1
7l3l_C	D	61	ZN	1
7l3l_C	C	58	ZN	1
7l3l_C	H	39	ZN	1
7l3l_C	C	37	ZN	1
7l3l_C	C	93	ZN	1
7l3l_C	C	87	ZN	1
7l3l_C	C	109	ZN	1
7l3l_C	H	105	ZN	1
7l3l_C	H	133	ZN	1
7l3l_C	C	138	ZN	1
7l3l_C	C	116	ZN	1
7l6g_F	D	248	CA	0
7l6g_F	D	250	CA	0
7l6g_F	D	235	CA	0
7lc5_A	C	89	SF4	2
7lc5_A	C	170	SF4	2
7lc5_A	C	168	SF4	2
7lc5_A	C	86	SF4	2
7lf3_A	C	35	ZN	1
7lf3_A	C	32	ZN	1
7lf3_A	C	51	ZN	1
7lf3_A	H	2	ZN	1
7lf3_A	C	18	ZN	1
7lf3_A	C	43	ZN	1
7lf3_A	H	40	ZN	1
7lf3_A	C	15	ZN	1
7ljj_A	D	352	CA	0
7ljj_A	D	348	CA	0
7lky_E	D	44	ZN	1
7lky_E	E	35	ZN	1
7lq2_B	D	51	MG	0
7lsa_A	E	267	CA	0
7lsa_A	E	287	CA	0
7lsa_A	D	261	CA	0
7lt2_A	E	289	MN	1
7lw7_A	C	64	SF4	2
7lw7_A	C	315	SF4	2
7lw7_A	C	318	SF4	2
7lw7_A	C	324	SF4	2
7lyu_A	D	182	CA	0
7lyu_A	D	380	CA	0
7lyu_A	H	262	CA	0
7m10_A	C	26	ZN	1
7m10_A	C	56	ZN	1
7m10_A	C	53	ZN	1
7m10_A	C	29	ZN	1
7m10_A	C	37	ZN	1
7m10_A	C	13	ZN	1
7m10_A	C	11	ZN	1
7m10_A	H	34	ZN	1
7m1a_BBB	E	171	CA	0
7m1o_B	C	14	SF4	2
7m1o_B	C	11	SF4	2
7m1o_B	C	17	SF4	2
7m1o_B	C	61	SF4	2
7m4m_B	C	97	ZN	1
7m4m_B	C	115	ZN	1
7m4m_B	C	120	ZN	1
7m4m_B	C	100	ZN	1
7m4m_B	C	140	ZN	1
7m4m_B	C	125	ZN	1
7m4m_B	H	135	ZN	1
7m4m_B	C	128	ZN	1
7m4m_B	C	187	ZN	1
7m4m_B	C	170	ZN	1
7m4m_B	C	167	ZN	1
7m4m_B	C	185	ZN	1
7m4m_B	C	192	ZN	1
7m4m_B	C	195	ZN	1
7m4m_B	H	204	ZN	1
7m4m_B	C	222	ZN	1
7m4m_B	C	206	ZN	1
7m4m_B	C	216	ZN	1
7m4m_B	H	208	ZN	1
7m4m_B	C	219	ZN	1
7m4o_A	C	46	ZN	1
7m4o_A	C	28	ZN	1
7m4o_A	C	31	ZN	1
7m4o_A	C	48	ZN	1
7m4o_A	C	53	ZN	1
7m4o_A	H	65	ZN	1
7m4o_A	C	83	ZN	1
7m4o_A	C	56	ZN	1
7m4o_A	H	69	ZN	1
7m4o_A	C	77	ZN	1
7m4o_A	C	80	ZN	1
7m4o_A	C	67	ZN	1
7m5b_B	H	9	CU	1
7m6u_C	E	110	ZN	1
7m6u_C	D	75	ZN	1
7m6u_C	H	319	ZN	1
7m6u_C	H	46	ZN	1
7m6u_C	E	134	ZN	1
7m8i_C	C	52	FES	2
7m8i_C	C	55	FES	2
7m8i_C	C	92	FES	2
7m8i_C	C	46	FES	2
7mdh_A	H	214	ZN	1
7mdh_A	C	160	ZN	1
7mdh_A	E	357	ZN	1
7mdh_A	D	306	ZN	1
7mdh_A	D	8	ZN	1
7mdh_A	E	103	ZN	1
7mdh_A	E	106	ZN	1
7mjv_A	C	26	F3S	2
7mjv_A	C	62	F3S	2
7mjv_A	C	96	F3S	2
7mo5_B	C	19	ZN	1
7mo5_B	C	36	ZN	1
7mo5_B	C	22	ZN	1
7mo5_B	C	33	ZN	1
7mpt_B	E	26	MG	0
7mpt_B	D	154	MG	0
7mpt_B	D	24	MG	0
7mpt_B	H	78	MG	0
7mpt_B	D	83	MG	0
7mqa_SL	C	143	ZN	1
7mqa_SL	C	133	ZN	1
7mqa_SL	C	104	ZN	1
7mqa_SL	H	135	ZN	1
7ms7_B	H	62	ZN	1
7ms7_B	C	49	ZN	1
7ms7_B	C	32	ZN	1
7ms7_B	C	29	ZN	1
7n0z_B	D	373	MN	1
7n0z_B	D	122	MN	1
7n0z_B	D	434	MN	1
7n1o_A	D	187	MG	0
7n7v_B	H	299	FE	1
7n7v_B	D	163	FE	1
7n7v_B	H	161	FE	1
7n8o_k	D	21	CA	0
7n8o_k	D	17	CA	0
7n8o_u	D	61	CA	0
7n8o_u	D	58	CA	0
7n8o_v	E	127	CA	0
7ndj_B	C	174	ZN	1
7ndj_B	H	190	ZN	1
7ndj_B	C	186	ZN	1
7ndj_B	C	180	ZN	1
7ne9_DDD	H	78	ZN	1
7ne9_DDD	D	76	ZN	1
7ne9_DDD	H	114	ZN	1
7ne9_DDD	C	94	ZN	1
7ne9_DDD	C	85	ZN	1
7ne9_DDD	C	122	ZN	1
7ne9_DDD	C	125	ZN	1
7ne9_DDD	C	82	ZN	1
7nhh_B	D	51	MG	0
7nhh_B	H	226	MG	0
7nhh_B	H	230	MG	0
7ni4_B_1512_2282	H	364	ZN	1
7ni4_B_1512_2282	C	387	ZN	1
7ni4_B_1512_2282	C	388	ZN	1
7ni4_B_1512_2282	H	383	ZN	1
7nmi_B	E	22	CA	0
7nmi_B	E	32	CA	0
7nmi_B	E	73	CA	0
7nmi_B	D	62	CA	0
7nmi_B	D	66	CA	0
7nmi_B	E	225	CA	0
7nmi_B	E	268	CA	0
7nmi_B	D	334	CA	0
7nmi_B	E	419	CA	0
7nmi_B	D	494	CA	0
7nmi_B	E	176	CA	0
7nmi_B	D	169	CA	0
7nmi_B	D	165	CA	0
7nox_B	E	595	MG	0
7nox_B	D	593	MG	0
7np8_C	C	258	SF4	2
7np8_C	C	200	SF4	2
7np8_C	C	255	SF4	2
7np8_C	C	159	SF4	2
7np8_C	E	179	SF4	2
7np8_C	C	41	SF4	2
7np8_C	C	49	SF4	2
7np8_C	C	24	SF4	2
7np8_C	C	523	SF4	2
7np8_C	C	529	SF4	2
7np8_C	C	526	SF4	2
7np8_C	C	504	SF4	2
7np8_C	C	427	SF4	2
7np8_C	C	467	SF4	2
7np8_C	C	433	SF4	2
7np8_C	C	471	SF4	2
7np8_C	C	500	SF4	2
7np8_C	C	533	SF4	2
7np8_C	C	497	SF4	2
7np8_C	C	494	SF4	2
7np8_C	C	14	SF4	2
7np8_C	C	17	SF4	2
7np8_C	C	53	SF4	2
7np8_C	C	20	SF4	2
7np8_C	D	84	CA	0
7np8_C	C	272	CA	0
7np8_C	D	227	CA	0
7nr6_B	E	62	MG	0
7nr6_B	E	66	MG	0
7nsz_AAA	H	153	ZN	1
7nsz_AAA	C	161	ZN	1
7nsz_AAA	H	43	ZN	1
7nte_B	D	223	MG	0
7nte_B	D	225	MG	0
7nvu_A_10_845	C	71	ZN	1
7nvu_A_10_845	C	61	ZN	1
7nvu_A_10_845	H	74	ZN	1
7nvu_A_10_845	C	64	ZN	1
7nvu_A_10_845	C	101	ZN	1
7nvu_A_10_845	C	104	ZN	1
7nvu_A_10_845	C	174	ZN	1
7nvu_A_10_845	C	144	ZN	1
7nvu_A_10_845	D	485	MG	0
7nvu_A_10_845	D	489	MG	0
7nvu_A_10_845	D	487	MG	0
7nvu_L	C	18	ZN	1
7nvu_L	C	35	ZN	1
7nvu_L	C	21	ZN	1
7nvu_L	C	38	ZN	1
7nvu_M	C	36	ZN	1
7nvu_M	C	14	ZN	1
7nvu_M	H	17	ZN	1
7nvu_M	C	33	ZN	1
7nvu_W	C	156	ZN	1
7nvu_W	C	153	ZN	1
7nvu_W	C	128	ZN	1
7nx4_A	D	306	NI	1
7nx4_A	E	211	NI	1
7o4f_G	C	133	ZN	1
7o4f_G	H	124	ZN	1
7o4f_G	H	101	ZN	1
7o4f_G	C	131	ZN	1
7o4f_G	C	97	ZN	1
7o4f_G	H	69	ZN	1
7o4f_G	C	100	ZN	1
7o4j_0	C	114	SF4	2
7o4j_0	C	132	SF4	2
7o4j_0	C	190	SF4	2
7o4j_0	C	155	SF4	2
7o4j_3	C	15	ZN	1
7o4j_3	C	18	ZN	1
7o4j_3	C	44	ZN	1
7o4j_3	C	41	ZN	1
7o4j_3	C	56	ZN	1
7o4j_3	C	61	ZN	1
7o4j_3	C	36	ZN	1
7o4j_3	H	38	ZN	1
7o4j_4	C	307	ZN	1
7o4j_4	C	310	ZN	1
7o4j_4	C	291	ZN	1
7o4j_4	C	294	ZN	1
7o4j_6	C	351	ZN	1
7o4j_6	C	368	ZN	1
7o4j_6	C	354	ZN	1
7o4j_6	C	365	ZN	1
7o4j_6	C	439	ZN	1
7o4j_6	C	405	ZN	1
7o4j_6	C	442	ZN	1
7o4j_6	C	408	ZN	1
7o4j_6	C	453	ZN	1
7o4j_6	C	456	ZN	1
7o4j_6	C	434	ZN	1
7o4j_6	C	431	ZN	1
7o4j_6	C	359	ZN	1
7o4j_6	C	338	ZN	1
7o4j_6	C	340	ZN	1
7o4j_6	H	341	ZN	1
7o4j_W	C	148	ZN	1
7o4j_W	C	126	ZN	1
7o4j_W	C	123	ZN	1
7o4j_W	C	151	ZN	1
7o71_M	C	96	ZN	1
7o71_M	H	109	ZN	1
7o71_M	C	124	ZN	1
7o71_M	C	127	ZN	1
7o7g_A	E	164	CA	0
7o7g_A	D	51	CA	0
7o7y_Bm	C	109	ZN	1
7o7y_Bm	C	95	ZN	1
7o7y_Bm	C	98	ZN	1
7o7y_Bm	C	114	ZN	1
7o91_C	E	54	MN	1
7o91_C	E	21	MN	1
7o91_C	H	57	MN	1
7o91_C	E	127	MN	1
7o91_C	H	130	MN	1
7o91_C	E	93	MN	1
7oc6_A	C	78	ZN	1
7oc6_A	H	76	ZN	1
7oc6_A	C	120	ZN	1
7oc6_A	C	122	ZN	1
7ocr_B	D	175	MG	0
7ocr_B	D	17	MG	0
7ocr_B	D	15	MG	0
7od1_B	C	317	ZN	1
7od1_B	C	296	ZN	1
7od1_B	C	314	ZN	1
7od1_B	C	299	ZN	1
7od1_B	C	322	ZN	1
7od1_B	H	332	ZN	1
7od1_B	C	325	ZN	1
7od1_B	C	339	ZN	1
7od1_B	C	248	ZN	1
7od1_B	C	232	ZN	1
7od1_B	C	227	ZN	1
7od1_B	C	251	ZN	1
7od1_B	C	269	ZN	1
7od1_B	C	256	ZN	1
7od1_B	H	264	ZN	1
7od1_B	C	259	ZN	1
7od1_B	C	141	ZN	1
7od1_B	C	163	ZN	1
7od1_B	C	138	ZN	1
7od1_B	C	160	ZN	1
7od1_B	C	187	ZN	1
7od1_B	H	157	ZN	1
7od1_B	C	182	ZN	1
7od1_B	C	155	ZN	1
7odf_A	C	700	ZN	1
7odf_A	C	679	ZN	1
7odf_A	C	682	ZN	1
7odv_EEE	C	38	MG	0
7of0_0	C	109	ZN	1
7of0_0	C	125	ZN	1
7of0_0	C	112	ZN	1
7of0_0	C	122	ZN	1
7of0_4	H	97	ZN	1
7of0_4	C	78	ZN	1
7of0_4	C	75	ZN	1
7of0_4	C	91	ZN	1
7of0_r	C	107	ZN	1
7of0_r	C	72	ZN	1
7of0_r	C	69	ZN	1
7of7_0	C	31	ZN	1
7of7_0	C	47	ZN	1
7of7_0	C	44	ZN	1
7of7_0	C	34	ZN	1
7og7_A	C	47	CU	1
7og7_A	C	44	ZN	1
7og7_A	C	73	ZN	1
7og7_A	D	77	ZN	1
7ogr_D	C	287	ZN	1
7ogr_D	C	340	ZN	1
7ogr_D	C	349	ZN	1
7ogr_D	C	352	ZN	1
7opk_A	D	240	MG	0
7opk_A	E	210	MG	0
7opk_A	D	350	MG	0
7opk_A	D	238	MG	0
7oro_A_1771_2251	H	411	ZN	1
7oro_A_1771_2251	D	420	ZN	1
7oro_A_1771_2251	H	424	ZN	1
7oro_A_1771_2251	C	306	ZN	1
7os5_BBB	C	194	ZN	1
7os5_BBB	C	140	ZN	1
7oso_A	D	52	ZN	1
7oso_A	D	48	ZN	1
7oso_A	D	50	ZN	1
7oxd_A	C	121	ZN	1
7oxd_A	C	124	ZN	1
7oxd_A	C	139	ZN	1
7oxd_A	C	142	ZN	1
7oxd_A	C	91	ZN	1
7oxd_A	C	110	ZN	1
7oxd_A	H	113	ZN	1
7oxd_A	C	88	ZN	1
7oyb_B1	H	172	MG	0
7oyc_d2	C	20	ZN	1
7oyc_d2	C	23	ZN	1
7oyc_d2	C	38	ZN	1
7oyc_d2	C	41	ZN	1
7p0h_D	C	241	ZN	1
7p0h_D	C	238	ZN	1
7p0h_D	C	250	ZN	1
7p0h_D	C	253	ZN	1
7p0h_D	C	344	MG	0
7p0q_M	E	233	FE	1
7p0q_M	H	218	FE	1
7p0q_M	H	265	FE	1
7p1v_D	H	122	CA	0
7p1v_D	D	89	CA	0
7p1y_DDD	D	100	MN	1
7p1y_DDD	H	74	MN	1
7p1y_DDD	H	99	MN	1
7p1y_DDD	D	160	MN	1
7p26_AAA	D	332	CA	0
7p26_AAA	D	41	CA	0
7p26_AAA	D	42	CA	0
7p37_L	C	33	ZN	1
7p37_L	C	2	ZN	1
7p37_L	C	30	ZN	1
7p37_L	C	5	ZN	1
7p4l_A	D	238	CA	0
7p4l_A	D	128	CA	0
7p4l_A	D	90	CA	0
7p4l_A	E	340	CA	0
7p4l_A	D	147	CA	0
7p4l_A	E	343	CA	0
7p4l_A	E	300	CA	0
7p4l_A	D	375	CA	0
7p4l_A	D	376	CA	0
7p56_B	D	209	CA	0
7p56_B	D	207	CA	0
7p7w_BBB	C	294	ZN	1
7p7w_BBB	H	271	ZN	1
7p7w_BBB	C	292	ZN	1
7p7w_BBB	C	299	ZN	1
7p8d_B	D	14	MG	0
7p8d_B	D	58	MG	0
7p8e_A	D	608	CA	0
7p8e_A	D	561	CA	0
7p8e_A	D	517	CA	0
7p99_A	C	218	ZN	1
7p99_A	C	221	ZN	1
7p99_A	C	182	ZN	1
7p99_A	C	185	ZN	1
7pab_C	C	259	ZN	1
7pab_C	H	363	ZN	1
7pab_C	C	256	ZN	1
7pab_C	C	240	ZN	1
7pbz_B	H	266	ZN	1
7pcv_B	C	112	ZN	1
7pcv_B	C	109	ZN	1
7pcv_B	C	98	ZN	1
7pcv_B	C	95	ZN	1
7pfh_A	E	65	FE	1
7pfh_A	H	68	FE	1
7pfh_A	E	32	FE	1
7phw_D	E	91	CA	0
7phw_D	E	93	CA	0
7phw_E	D	107	CA	0
7phw_E	E	111	CA	0
7phw_E	D	100	CA	0
7pkt_S	C	263	FES	2
7pkt_S	C	252	FES	2
7pkt_S	C	237	FES	2
7pkt_S	C	262	FES	2
7pkt_y	C	102	ZN	1
7pkt_y	C	76	ZN	1
7pkt_y	C	79	ZN	1
7plo_4	C	308	ZN	1
7plo_4	C	305	ZN	1
7plo_4	C	327	ZN	1
7plo_4	C	330	ZN	1
7plo_B_2195_2280	C	29	ZN	1
7plo_B_2195_2280	C	26	ZN	1
7plo_B_2195_2280	C	41	ZN	1
7po9_B	C	58	ZN	1
7po9_B	C	15	ZN	1
7po9_B	C	61	ZN	1
7po9_B	C	12	ZN	1
7pog_A_1_842	H	654	ZN	1
7pog_A_1_842	H	758	ZN	1
7pog_A_1_842	C	699	ZN	1
7pog_A_1_842	D	544	ZN	1
7poh_B	C	66	ZN	1
7poh_B	C	9	ZN	1
7poh_B	C	63	ZN	1
7poh_B	C	6	ZN	1
7pok_D	C	72	ZN	1
7pok_D	C	75	ZN	1
7pok_D	C	24	ZN	1
7pok_D	C	27	ZN	1
7pp2_B	C	31	ZN	1
7pp2_B	C	49	ZN	1
7pp2_B	C	34	ZN	1
7pp2_B	H	47	ZN	1
7ppp_B	C	9	ZN	1
7ppp_B	C	6	ZN	1
7ppp_B	C	63	ZN	1
7ppp_B	C	66	ZN	1
7pq9_GGG	H	396	CA	0
7prl_A	H	323	CU	1
7prl_A	H	276	CU	1
7prl_A	E	155	CU	1
7prl_A	H	33	CU	1
7prw_B	C	39	ZN	1
7prw_B	C	56	ZN	1
7prw_B	C	36	ZN	1
7prw_B	C	53	ZN	1
7prw_B	C	72	ZN	1
7prw_B	C	91	ZN	1
7prw_B	C	88	ZN	1
7prw_B	C	78	ZN	1
7pth_D	H	296	CA	0
7pth_D	D	13	CA	0
7pth_D	D	295	CA	0
7pva_D	D	474	MG	0
7pwe_B	C	163	SF4	2
7pwe_B	C	148	SF4	2
7pwe_B	C	131	SF4	2
7pwe_B	C	150	SF4	2
7pzy_c	C	36	ZN	1
7pzy_c	C	55	ZN	1
7pzy_c	C	58	ZN	1
7q06_F	C	83	FES	2
7q06_F	H	106	FES	2
7q06_F	C	103	FES	2
7q06_F	H	85	FES	2
7q06_F	D	357	FE	1
7q06_F	H	216	FE	1
7q06_F	H	211	FE	1
7q20_G	D	31	CA	0
7q20_G	E	207	CA	0
7q20_G	D	33	CA	0
7q20_G	D	764	MG	0
7q20_G	E	639	MG	0
7q20_G	D	647	MG	0
7q21_d	H	314	CU	1
7q21_d	H	264	CU	1
7q21_d	H	313	CU	1
7q21_d	E	65	CA	0
7q2a_D	E	370	CA	0
7q2a_D	D	367	CA	0
7q2a_D	E	362	CA	0
7q3z_B	C	267	ZN	1
7q3z_B	H	265	ZN	1
7q3z_B	C	302	ZN	1
7q3z_B	C	301	ZN	1
7q4p_1	C	55	ZN	1
7q4p_1	H	77	ZN	1
7q4p_1	H	71	ZN	1
7q4p_1	C	58	ZN	1
7q4p_9	H	430	ZN	1
7q4p_9	C	407	ZN	1
7q4p_9	C	410	ZN	1
7q5n_L	D	82	ZN	1
7q5n_L	D	15	ZN	1
7q5y_S	C	111	SF4	2
7q5y_S	C	102	SF4	2
7q5y_S	H	98	SF4	2
7q5y_S	C	105	SF4	2
7q5y_S	C	156	SF4	2
7q5y_S	C	153	SF4	2
7q5y_S	C	205	SF4	2
7q5y_S	C	159	SF4	2
7q5y_S	C	231	SF4	2
7q5y_S	C	238	SF4	2
7q5y_S	C	267	SF4	2
7q5y_S	C	234	SF4	2
7q5y_S	C	201	SF4	2
7q5y_S	C	163	SF4	2
7q5y_S	C	198	SF4	2
7q5y_S	C	195	SF4	2
7q5y_S	C	47	FES	2
7q5y_S	C	50	FES	2
7q5y_S	C	64	FES	2
7q5y_S	C	36	FES	2
7q5y_V	C	132	SF4	2
7q5y_V	C	129	SF4	2
7q5y_V	C	96	SF4	2
7q5y_V	C	126	SF4	2
7q5y_V	C	136	SF4	2
7q5y_V	C	86	SF4	2
7q5y_V	C	89	SF4	2
7q5y_V	C	92	SF4	2
7q5y_X	C	99	SF4	2
7q5y_X	C	128	SF4	2
7q5y_X	C	35	SF4	2
7q5y_X	C	34	SF4	2
7q87_A	E	58	CA	0
7q87_A	E	56	CA	0
7q87_A	D	50	CA	0
7q87_A	E	103	CA	0
7q87_A	E	60	CA	0
7q87_A	D	55	CA	0
7q87_A	E	13	CA	0
7q87_A	E	291	CA	0
7q87_A	D	290	CA	0
7q87_A	D	219	CA	0
7qbf_C	H	103	CA	0
7qbf_C	D	101	CA	0
7qbf_C	D	105	CA	0
7qbf_C	D	111	CA	0
7qbf_C	E	112	CA	0
7qbf_C	D	33	CA	0
7qbf_C	D	27	CA	0
7qbf_C	E	34	CA	0
7qbf_C	D	25	CA	0
7qbf_C	D	23	CA	0
7qbt_D	C	39	SF4	2
7qbt_D	C	43	SF4	2
7qbt_D	C	46	SF4	2
7qbt_D	C	59	FE	1
7qbt_D	C	72	FE	1
7qbt_D	C	69	FE	1
7qbt_D	C	62	FE	1
7qca_LJJ	C	36	ZN	1
7qca_LJJ	C	21	ZN	1
7qca_LJJ	C	33	ZN	1
7qca_LJJ	C	18	ZN	1
7qca_SDD	C	32	ZN	1
7qca_SDD	C	47	ZN	1
7qca_SDD	C	50	ZN	1
7qca_SDD	C	29	ZN	1
7qce_A	C	34	ZN	1
7qce_A	C	23	ZN	1
7qce_A	C	18	ZN	1
7qce_A	C	37	ZN	1
7qce_A	C	76	ZN	1
7qce_A	C	39	ZN	1
7qce_A	H	73	ZN	1
7qce_A	C	42	ZN	1
7qce_A	C	68	ZN	1
7qce_A	C	57	ZN	1
7qce_A	C	100	ZN	1
7qce_A	C	103	ZN	1
7qee_B	D	463	ZN	1
7qee_B	E	516	ZN	1
7qee_B	D	461	ZN	1
7qee_B	E	520	ZN	1
7qee_B	D	38	ZN	1
7qee_B	D	30	ZN	1
7qee_B	E	41	ZN	1
7qee_B	E	36	ZN	1
7qee_B	D	729	ZN	1
7qfy_A	E	213	ZN	1
7qfy_A	H	187	ZN	1
7qfy_A	H	183	ZN	1
7qfy_A	D	132	CA	0
7qfy_A	D	154	CA	0
7qgj_B	C	46	ZN	1
7qgj_B	C	73	ZN	1
7qgj_B	C	49	ZN	1
7qgj_B	H	66	ZN	1
7qgs_A	C	39	ZN	1
7qgs_A	C	44	ZN	1
7qgs_A	C	26	ZN	1
7qgs_A	C	63	ZN	1
7qgs_A	C	57	ZN	1
7qgs_A	H	53	ZN	1
7qgs_A	C	68	ZN	1
7qgs_A	C	89	ZN	1
7qgs_A	C	81	ZN	1
7qgs_A	C	86	ZN	1
7qgs_A	H	77	ZN	1
7qh2_F	E	421	FE	1
7qh2_F	H	383	FE	1
7qh2_F	H	376	FE	1
7qh7_r	C	13	ZN	1
7qh7_r	C	51	ZN	1
7qi4_AB	D	239	MG	0
7qi4_AB	H	92	MG	0
7qi4_AB	D	240	MG	0
7qi4_AB	D	223	MG	0
7qi4_AO	C	104	ZN	1
7qi4_AO	C	142	ZN	1
7qi4_AO	C	93	ZN	1
7qi4_AO	C	107	ZN	1
7qi4_AP	C	67	FES	2
7qi4_AP	C	64	FES	2
7qi4_AP	C	99	FES	2
7qi4_AT	C	148	FES	2
7qi4_AT	C	138	FES	2
7qi4_AT	C	140	FES	2
7qlr_D	D	539	MG	0
7qlr_D	D	604	MG	0
7qno_A	D	617	ZN	1
7qno_A	D	710	ZN	1
7qno_A	H	619	ZN	1
7qoe_A	H	65	MN	1
7qoe_A	D	132	MN	1
7qoe_A	H	41	MN	1
7qoe_A	D	66	MN	1
7qp1_B	D	244	CA	0
7qp1_B	D	197	CA	0
7qp1_B	D	213	CA	0
7qpr_D	D	142	MN	1
7qpr_D	H	77	MN	1
7qpr_D	D	78	MN	1
7qpr_D	H	584	ZN	1
7qpr_D	C	563	ZN	1
7qpr_D	C	564	ZN	1
7qpr_D	C	588	ZN	1
7qqd_B	C	146	ZN	1
7qqd_B	C	152	ZN	1
7qqd_B	H	157	ZN	1
7qqd_B	C	93	ZN	1
7qul_A	C	107	ZN	1
7qul_A	C	93	ZN	1
7qul_A	C	96	ZN	1
7qul_A	C	99	ZN	1
7qul_A	D	155	ZN	1
7qul_A	H	64	ZN	1
7qul_A	C	41	ZN	1
7qul_A	E	65	ZN	1
7qw3_DDD	D	367	CA	0
7qw3_DDD	D	364	CA	0
7qwq_o	C	106	ZN	1
7qwq_o	C	46	ZN	1
7qwq_o	C	49	ZN	1
7qwq_o	C	111	ZN	1
7qy5_D	H	291	ZN	1
7qy5_D	C	278	ZN	1
7qy5_D	H	296	ZN	1
7qy5_D	C	273	ZN	1
7r1m_A	D	88	MG	0
7r1m_A	E	95	MG	0
7r4d_B	C	90	SF4	2
7r4d_B	C	185	SF4	2
7r4d_B	C	91	SF4	2
7r4d_B	C	155	SF4	2
7r4d_E	C	139	FES	2
7r4d_E	C	175	FES	2
7r4d_E	C	179	FES	2
7r4d_E	C	134	FES	2
7r4d_I	C	154	SF4	2
7r4d_I	C	157	SF4	2
7r4d_I	C	122	SF4	2
7r4d_I	C	151	SF4	2
7r4d_I	C	115	SF4	2
7r4d_I	C	118	SF4	2
7r4d_I	C	161	SF4	2
7r4d_I	C	112	SF4	2
7r4d_R	C	114	ZN	1
7r4d_R	C	111	ZN	1
7r4d_R	H	95	ZN	1
7r4d_R	C	86	ZN	1
7r4x_a	C	22	ZN	1
7r4x_a	C	73	ZN	1
7r4x_a	C	76	ZN	1
7r4x_a	C	25	ZN	1
7r70_B	C	170	ZN	1
7r70_B	C	148	ZN	1
7r70_B	H	150	ZN	1
7r70_B	C	167	ZN	1
7r70_B	C	156	ZN	1
7r70_B	H	153	ZN	1
7r70_B	C	133	ZN	1
7r70_B	C	130	ZN	1
7r71_A	C	170	ZN	1
7r71_A	H	150	ZN	1
7r71_A	C	167	ZN	1
7r71_A	C	148	ZN	1
7r71_A	C	130	ZN	1
7r71_A	C	133	ZN	1
7r71_A	C	156	ZN	1
7r71_A	H	153	ZN	1
7r7j_B	C	383	ZN	1
7r7j_B	C	386	ZN	1
7r7j_B	C	424	ZN	1
7r7j_B	C	410	ZN	1
7r7j_B	C	433	ZN	1
7r7j_B	C	447	ZN	1
7r7j_B	C	450	ZN	1
7r7j_B	C	436	ZN	1
7r81_F2	H	35	MG	0
7rag_B	H	24	ZN	1
7rag_B	E	40	ZN	1
7rag_B	H	108	ZN	1
7rah_E	D	54	CA	0
7rah_E	D	74	CA	0
7rah_E	E	123	CA	0
7rah_E	D	132	CA	0
7rah_E	D	150	CA	0
7rah_E	D	147	CA	0
7rah_E	D	137	CA	0
7rah_E	D	159	CA	0
7rah_E	D	168	CA	0
7rah_E	H	146	CA	0
7rah_E	D	177	CA	0
7rah_E	D	174	CA	0
7rah_E	D	188	CA	0
7rah_E	E	184	CA	0
7rah_E	D	197	CA	0
7rah_E	E	173	CA	0
7rah_E	E	247	CA	0
7rah_E	D	274	CA	0
7rah_E	D	256	CA	0
7rah_E	D	280	CA	0
7rah_E	D	283	CA	0
7rah_E	D	261	CA	0
7rah_E	D	292	CA	0
7rah_E	D	289	CA	0
7rah_E	D	301	CA	0
7rah_E	D	310	CA	0
7rah_E	D	330	CA	0
7rah_E	E	328	CA	0
7rah_E	D	297	CA	0
7rah_E	D	336	CA	0
7rah_E	D	339	CA	0
7rah_E	D	350	CA	0
7rah_E	E	354	CA	0
7rah_E	D	360	CA	0
7rcx_A	C	515	ZN	1
7rcx_A	D	479	ZN	1
7rcx_A	D	492	ZN	1
7rcx_A	H	502	ZN	1
7rcz_B	C	330	ZN	1
7rcz_B	C	310	ZN	1
7rcz_B	C	297	ZN	1
7rcz_B	H	317	ZN	1
7rd0_A	C	315	ZN	1
7rd0_A	C	296	ZN	1
7rd0_A	C	281	ZN	1
7rd0_A	H	302	ZN	1
7rdn_A	C	221	ZN	1
7rdn_A	C	197	ZN	1
7rdn_A	C	200	ZN	1
7rdn_A	H	217	ZN	1
7rdn_A	C	66	ZN	1
7rdn_A	H	101	ZN	1
7rdn_A	C	63	ZN	1
7rdn_A	C	105	ZN	1
7rei_A	H	113	NI	1
7rei_A	H	192	NI	1
7rei_A	H	111	NI	1
7reo_A	D	75	CA	0
7reo_A	D	72	CA	0
7reo_A	E	706	CA	0
7reo_A	D	251	CA	0
7rg7_A	E	141	MG	0
7rg7_A	D	29	MG	0
7rg7_A	D	31	MG	0
7ri3_D	E	392	CA	0
7roy_C	C	189	ZN	1
7roy_C	H	221	ZN	1
7roy_H	C	24	ZN	1
7roy_H	H	26	ZN	1
7roy_H	C	19	ZN	1
7rr4_A	E	141	MG	0
7rr4_A	D	71	MG	0
7rsf_B	H	82	ZN	1
7rsf_B	E	171	ZN	1
7rsf_B	D	114	ZN	1
7rty_B	D	186	FE	1
7rty_B	H	10	FE	1
7rty_B	E	86	FE	1
7rty_B	H	8	FE	1
7rwk_B	C	75	ZN	1
7rwk_B	H	78	ZN	1
7rwk_B	C	20	ZN	1
7rwk_B	C	23	ZN	1
7s14_C	E	13	CA	0
7s14_C	E	9	CA	0
7s4j_I	H	32	CU	1
7s4j_I	H	138	CU	1
7s4j_I	H	136	CU	1
7s4j_I	H	71	CU	1
7s4j_I	H	47	CU	1
7s4j_K	H	130	CU	1
7s4j_K	D	126	CU	1
7s4j_K	H	143	CU	1
7s5c_D	E	64	FE	1
7s5k_I	E	44	FE	1
7s5k_I	H	47	FE	1
7s6f_A	D	323	CA	0
7s6f_A	D	324	CA	0
7s89_A	D	541	CA	0
7s8t_I	E	67	FE	1
7s8t_I	E	37	FE	1
7sa3_D	E	240	FE	1
7sa3_D	H	267	FE	1
7sa3_D	H	213	FE	1
7sc2_A	E	75	CA	0
7sc2_A	D	64	CA	0
7sc2_A	D	66	CA	0
7scp_A	H	151	FE	1
7scp_A	D	153	FE	1
7scp_A	H	314	FE	1
7sf0_A	E	125	MG	0
7sf0_A	E	182	MG	0
7sf0_A	E	129	MG	0
7sf2_F	D	156	MG	0
7sf2_F	D	112	MG	0
7sfr_X	C	7	ZN	1
7sfr_X	C	51	ZN	1
7sfr_X	C	4	ZN	1
7sfr_X	C	54	ZN	1
7sfr_r	C	19	ZN	1
7sfr_r	H	59	ZN	1
7sfr_r	C	22	ZN	1
7sfr_r	C	56	ZN	1
7sgl_D	H	253	ZN	1
7sgl_D	C	271	ZN	1
7sgl_D	H	227	ZN	1
7sgl_D	C	255	ZN	1
7shg_B	D	229	MG	0
7shg_B	D	40	MG	0
7sj2_B	D	304	CA	0
7sj2_B	E	315	CA	0
7sj2_B	D	306	CA	0
7sjk_B	D	132	CA	0
7sjk_B	D	118	CA	0
7ske_A	D	250	CA	0
7ske_A	D	152	CA	0
7smg_D	D	53	MG	0
7smg_D	H	52	MG	0
7smg_D	D	109	MG	0
7smg_D	H	32	MG	0
7sog_B	H	22	NI	1
7sog_B	E	15	NI	1
7spq_A	D	255	CA	0
7sr2_A	H	40	ZN	1
7sr2_A	E	48	ZN	1
7srv_F	D	294	ZN	1
7srv_F	D	309	ZN	1
7srv_F	E	376	ZN	1
7srv_F	D	374	ZN	1
7srv_F	D	314	ZN	1
7stz_C	E	84	CA	0
7stz_C	D	115	CA	0
7stz_C	E	26	CA	0
7stz_C	D	151	CA	0
7stz_C	D	118	CA	0
7stz_C	D	82	CA	0
7stz_C	D	149	CA	0
7stz_C	D	210	CA	0
7stz_C	D	263	CA	0
7stz_C	D	261	CA	0
7stz_C	E	247	CA	0
7stz_C	E	306	CA	0
7stz_C	D	375	CA	0
7stz_C	E	343	CA	0
7stz_C	D	340	CA	0
7stz_C	D	430	CA	0
7stz_C	E	373	CA	0
7stz_C	D	532	CA	0
7stz_C	D	477	CA	0
7stz_C	D	479	CA	0
7stz_C	D	448	CA	0
7stz_C	E	412	CA	0
7stz_C	E	358	CA	0
7stz_C	D	451	CA	0
7stz_C	D	410	CA	0
7stz_C	D	228	CA	0
7stz_C	E	134	CA	0
7stz_C	E	197	CA	0
7stz_C	D	231	CA	0
7stz_C	D	195	CA	0
7stz_C	D	304	CA	0
7sze_C	H	76	FES	2
7sze_C	C	54	FES	2
7sze_C	H	56	FES	2
7sze_C	C	73	FES	2
7sze_C	D	279	FE	1
7sze_C	H	168	FE	1
7sze_C	H	163	FE	1
7t1a_A	D	252	CA	0
7t1u_B	D	50	ZN	1
7t1u_B	D	52	ZN	1
7t1u_B	C	98	ZN	1
7t30_F	C	63	FES	2
7t30_F	C	46	FES	2
7t30_F	C	35	FES	2
7t30_F	C	49	FES	2
7t30_F	C	150	SF4	2
7t30_F	C	147	SF4	2
7t30_F	C	153	SF4	2
7t30_F	C	201	SF4	2
7t30_F	C	194	SF4	2
7t30_F	C	157	SF4	2
7t30_F	C	191	SF4	2
7t30_F	C	197	SF4	2
7t30_F	C	228	SF4	2
7t30_F	C	235	SF4	2
7t30_F	C	263	SF4	2
7t30_F	C	231	SF4	2
7t30_F	C	108	SF4	2
7t30_F	C	102	SF4	2
7t30_F	C	99	SF4	2
7t30_F	H	97	SF4	2
7t30_G	C	454	SF4	2
7t30_G	C	457	SF4	2
7t30_G	C	500	SF4	2
7t30_G	C	460	SF4	2
7t30_G	C	530	FES	2
7t30_G	C	535	FES	2
7t30_G	H	524	FES	2
7t30_G	C	475	FES	2
7t30_G	C	437	FES	2
7t5t_A	E	130	ZN	1
7t5t_A	H	97	ZN	1
7t5t_A	C	114	ZN	1
7t5t_A	H	101	ZN	1
7t63_B	E	126	FE	1
7t63_B	E	88	FE	1
7t63_B	E	212	FE	1
7t63_B	H	129	FE	1
7t63_B	E	179	FE	1
7t91_B	C	10	ZN	1
7t91_B	H	28	ZN	1
7t91_B	C	5	ZN	1
7t91_B	H	23	ZN	1
7t91_B	C	38	ZN	1
7t91_B	C	43	ZN	1
7t91_B	H	59	ZN	1
7t91_B	H	63	ZN	1
7t9x_B	C	8	ZN	1
7t9x_B	C	11	ZN	1
7t9x_B	C	28	ZN	1
7t9x_B	C	31	ZN	1
7tbr_A	D	15	MG	0
7tbr_A	D	18	MG	0
7tbr_A	E	25	MG	0
7tcl_X	H	249	MN	1
7tcl_X	H	100	MN	1
7tcl_X	D	102	MN	1
7tg5_B	H	63	FE	1
7tg5_B	H	65	FE	1
7tg5_B	H	107	FE	1
7tgn_A	E	185	MG	0
7tgq_A	C	23	ZN	1
7tgq_A	C	29	ZN	1
7tgq_A	C	15	ZN	1
7tgq_A	H	33	ZN	1
7tiu_A	D	262	MG	0
7tol_A	C	52	FE	1
7tol_A	C	28	FE	1
7tol_A	C	31	FE	1
7tol_A	H	55	FE	1
7tol_A	C	92	SF4	2
7tol_A	C	99	SF4	2
7tol_A	C	96	SF4	2
7tol_A	H	102	SF4	2
7tol_A	C	474	SF4	2
7tol_A	C	489	SF4	2
7tol_A	C	357	SF4	2
7tu0_C	H	89	MN	1
7tu0_C	D	274	MN	1
7tu0_C	D	138	MN	1
7tu0_C	H	137	MN	1
7tw9_A	C	265	ZN	1
7tw9_A	C	258	ZN	1
7tw9_A	C	233	ZN	1
7tw9_A	H	268	ZN	1
7txy_H	H	41	FE	1
7txy_H	H	91	FE	1
7txy_H	E	279	FE	1
7u0t_A	D	177	CA	0
7u0t_A	E	184	CA	0
7u0t_A	D	173	CA	0
7u0t_A	D	175	CA	0
7u0t_A	D	218	CA	0
7u0t_A	D	216	CA	0
7u0t_A	D	214	CA	0
7u0t_A	E	225	CA	0
7u0t_A	E	115	CA	0
7u0t_A	D	106	CA	0
7u0t_A	D	104	CA	0
7u0t_A	D	138	CA	0
7u0t_A	D	136	CA	0
7u0t_A	E	142	CA	0
7u0t_A	E	147	CA	0
7u0v_A	H	2	NI	1
7u2s_B	D	165	ZN	1
7u2s_B	H	60	ZN	1
7u2s_B	H	62	ZN	1
7u2s_B	H	145	ZN	1
7u2s_B	H	219	ZN	1
7u2s_B	D	64	ZN	1
7u2s_B	H	65	ZN	1
7u5q_B	H	178	ZN	1
7u5q_B	H	222	ZN	1
7u5q_B	H	244	ZN	1
7u5q_B	D	174	ZN	1
7u67_F	H	68	MG	0
7u67_F	H	116	MG	0
7u67_F	D	267	MG	0
7uba_A	C	25	ZN	1
7uba_A	C	22	ZN	1
7uba_A	C	45	ZN	1
7uba_A	C	48	ZN	1
7uba_A	H	30	ZN	1
7uba_A	C	8	ZN	1
7uba_A	C	33	ZN	1
7uba_A	C	6	ZN	1
7ubj_B	C	83	ZN	1
7ubj_B	C	86	ZN	1
7ubj_B	C	57	ZN	1
7ubj_B	C	60	ZN	1
7uc3_A	D	127	MG	0
7uc3_A	D	129	MG	0
7uc3_A	D	125	MG	0
7uc3_A	D	133	MG	0
7ui4_A	C	389	ZN	1
7ui4_A	C	392	ZN	1
7ui4_A	C	387	ZN	1
7ui4_A	H	414	ZN	1
7uqu_BBB	D	35	CA	0
7uqu_BBB	D	86	CA	0
7uqu_BBB	D	33	CA	0
7us1_A	C	113	ZN	1
7us1_A	C	149	ZN	1
7us1_A	C	153	ZN	1
7us1_A	H	117	ZN	1
7us1_A	C	228	ZN	1
7us1_A	C	237	ZN	1
7us1_A	H	233	ZN	1
7us1_A	C	225	ZN	1
7us1_A	C	29	ZN	1
7us1_A	C	61	ZN	1
7us1_A	C	26	ZN	1
7us1_A	C	56	ZN	1
7us1_A	C	101	ZN	1
7us1_A	C	98	ZN	1
7us1_A	C	123	ZN	1
7us1_A	C	120	ZN	1
7us1_A	C	212	ZN	1
7us1_A	C	197	ZN	1
7us1_A	C	220	ZN	1
7us1_A	C	192	ZN	1
7us1_A	C	14	ZN	1
7us1_A	C	72	ZN	1
7us1_A	H	75	ZN	1
7us1_A	C	10	ZN	1
7utd_P	C	57	F3S	2
7utd_P	C	158	F3S	2
7utd_P	C	206	F3S	2
7utd_P	C	287	F3S	2
7utd_P	C	305	F3S	2
7utd_P	C	308	F3S	2
7utd_P	C	271	F3S	2
7utd_P	C	248	F3S	2
7utd_P	C	278	F3S	2
7uy6_D	C	571	ZN	1
7uy6_D	C	556	ZN	1
7uy6_D	C	574	ZN	1
7uy6_D	C	554	ZN	1
7uzp_B	H	11	ZN	1
7v09_A	E	142	MG	0
7v09_A	E	345	MG	0
7v09_A	E	228	MG	0
7v09_A	E	46	MG	0
7v09_A	E	289	MG	0
7v09_A	E	65	MG	0
7v0f_B	H	29	ZN	1
7v0f_B	H	69	ZN	1
7v0f_B	H	31	ZN	1
7v1x_C	E	269	CA	0
7v1x_C	D	32	CA	0
7v3k_C	E	94	CA	0
7v3k_C	D	93	CA	0
7v4y_A	E	144	ZN	1
7v4y_A	H	65	ZN	1
7v4y_A	H	69	ZN	1
7v52_A	E	215	FE	1
7v52_A	H	271	FE	1
7v52_A	H	213	FE	1
7v8f_B	C	53	ZN	1
7v8f_B	C	28	ZN	1
7v8f_B	C	26	ZN	1
7v8f_B	C	56	ZN	1
7v8f_B	C	11	ZN	1
7v8f_B	C	31	ZN	1
7v8f_B	C	34	ZN	1
7v8f_B	C	8	ZN	1
7v9o_A	E	352	ZN	1
7v9o_A	H	333	ZN	1
7v9o_A	H	329	ZN	1
7vbo_A	D	158	CA	0
7vbo_A	D	155	CA	0
7vbo_A	D	97	CA	0
7vi7_B	C	52	MG	0
7vi7_B	H	54	MG	0
7vi8_B	D	10	ZN	1
7vi8_B	H	60	ZN	1
7vi8_B	H	124	ZN	1
7vld_F	E	108	CA	0
7vld_F	D	134	CA	0
7vmx_B	H	11	ZN	1
7vmx_B	H	77	ZN	1
7vmx_B	E	70	ZN	1
7vmx_B	D	143	ZN	1
7vmx_B	D	144	ZN	1
7vnj_G	E	61	CA	0
7vnj_G	E	29	CA	0
7vnj_G	D	22	CA	0
7vnj_G	D	71	CA	0
7vnj_G	D	20	CA	0
7vnj_G	D	18	CA	0
7vnj_G	D	532	CA	0
7vob_C	C	270	SF4	2
7vob_C	C	289	SF4	2
7vob_C	C	334	SF4	2
7vob_C	C	337	SF4	2
7vp8_A	H	57	FE	1
7vp8_A	D	134	FE	1
7vp8_A	D	130	FE	1
7vpx_N	C	8	ZN	1
7vpx_N	H	23	ZN	1
7vpx_N	H	29	ZN	1
7vpx_N	C	5	ZN	1
7vsd_A	E	47	MG	0
7vsp_C	C	19	ZN	1
7vsp_C	C	39	ZN	1
7vsp_C	C	36	ZN	1
7vsp_C	C	16	ZN	1
7vsp_C	H	53	ZN	1
7vsp_C	H	44	ZN	1
7vsp_C	C	28	ZN	1
7vsp_C	D	31	ZN	1
7vsp_C	C	59	ZN	1
7vsp_C	C	82	ZN	1
7vsp_C	C	62	ZN	1
7vsp_C	C	79	ZN	1
7vsp_C	H	87	ZN	1
7vsp_C	D	74	ZN	1
7vsp_C	C	71	ZN	1
7vsp_C	H	96	ZN	1
7vu2_A	D	419	CA	0
7vu2_A	D	401	CA	0
7vu2_A	D	247	CA	0
7vud_A	H	543	NI	1
7vud_A	H	353	NI	1
7vud_A	H	239	NI	1
7vud_A	H	287	NI	1
7vut_B	D	19	CA	0
7vut_B	E	28	CA	0
7vut_B	D	17	CA	0
7vut_B	E	64	CA	0
7vut_B	D	55	CA	0
7vut_B	D	57	CA	0
7vut_B	D	53	CA	0
7vw2_B	H	49	CU	1
7vyn_C	C	95	SF4	2
7vyn_C	C	30	SF4	2
7vyn_C	C	125	SF4	2
7vyn_C	C	31	SF4	2
7vyn_M	C	102	SF4	2
7vyn_M	H	95	SF4	2
7vyn_M	C	99	SF4	2
7vyn_M	C	108	SF4	2
7vyn_M	C	153	SF4	2
7vyn_M	C	150	SF4	2
7vyn_M	C	147	SF4	2
7vyn_M	C	197	SF4	2
7vyn_M	C	46	FES	2
7vyn_M	C	35	FES	2
7vyn_M	C	49	FES	2
7vyn_M	C	63	FES	2
7vzg_B	C	12	SF4	2
7vzg_B	C	15	SF4	2
7vzg_B	C	9	SF4	2
7vzg_B	C	60	SF4	2
7vzg_B	C	51	SF4	2
7vzg_B	C	48	SF4	2
7vzg_B	C	19	SF4	2
7vzg_B	C	54	SF4	2
7vzr_a	D	731	CA	0
7vzr_a	D	858	CA	0
7vzr_a	E	765	CA	0
7vzr_a	C	695	SF4	2
7vzr_a	C	704	SF4	2
7w19_A	E	64	MG	0
7w19_A	D	76	MG	0
7w2i_B	D	117	MG	0
7w2i_B	E	92	MG	0
7w3r_A	C	176	ZN	1
7w3r_A	H	131	ZN	1
7w3r_A	C	129	ZN	1
7w3r_A	C	173	ZN	1
7w5e_C	H	65	FE	1
7w5e_C	E	121	FE	1
7w5e_C	H	9	FE	1
7w5e_C	E	6	FE	1
7w5e_C	D	47	FE	1
7w5f_B	E	294	MG	0
7w6b_A	D	49	MG	0
7w6b_A	D	213	MG	0
7w6b_A	D	108	CA	0
7w6b_A	D	144	CA	0
7w7h_B	H	288	ZN	1
7w7h_B	H	225	ZN	1
7w7h_B	H	290	ZN	1
7w7h_B	C	243	ZN	1
7w8j_G	E	520	FE	1
7w9u_C	H	91	ZN	1
7w9u_C	E	67	ZN	1
7w9u_C	E	48	ZN	1
7wbo_A	D	31	CA	0
7wbo_A	D	20	CA	0
7wbo_A	D	22	CA	0
7wbo_A	D	72	CA	0
7wbo_A	D	76	CA	0
7wbo_A	E	83	CA	0
7wbo_A	E	127	CA	0
7wbo_A	D	120	CA	0
7wbo_A	D	116	CA	0
7wdt_A	E	151	CA	0
7wdt_A	D	36	CA	0
7wg4_A	C	29	ZN	1
7wg4_A	C	26	ZN	1
7wg4_A	C	99	ZN	1
7wg4_A	C	98	ZN	1
7whf_G	D	24	CA	0
7whf_G	D	103	CA	0
7whf_G	D	59	CA	0
7whf_G	D	189	CA	0
7whf_G	D	71	CA	0
7whf_G	D	119	CA	0
7whf_G	D	221	CA	0
7whf_G	D	127	CA	0
7whf_G	D	137	CA	0
7whf_G	D	132	CA	0
7whf_G	D	138	CA	0
7whf_G	D	129	CA	0
7whf_G	E	177	CA	0
7whf_G	E	154	CA	0
7whf_G	D	155	CA	0
7wjl_A	D	199	ZN	1
7wjl_A	H	201	ZN	1
7wjl_A	D	336	ZN	1
7wld_K	D	121	CA	0
7wld_K	D	80	CA	0
7wmd_A	D	432	CA	0
7wmd_A	D	397	CA	0
7wmd_A	E	204	CA	0
7wmd_A	D	135	CA	0
7wpp_G	D	149	CA	0
7wpp_G	D	148	CA	0
7wpp_G	D	510	CA	0
7wpp_G	D	511	CA	0
7wpp_G	D	377	CA	0
7wrk_A	E	169	CA	0
7wrk_A	D	39	CA	0
7wrk_A	E	28	CA	0
7wrk_A	D	96	CA	0
7wrk_A	D	94	CA	0
7wss_A	E	432	ZN	1
7wss_A	H	408	ZN	1
7wss_A	H	404	ZN	1
7wss_A	E	373	CA	0
7wss_A	D	303	CA	0
7wss_A	E	389	CA	0
7wss_A	D	453	CA	0
7wss_A	E	85	CA	0
7wtz_y	C	269	ZN	1
7wtz_y	C	284	ZN	1
7wtz_y	C	272	ZN	1
7wtz_y	C	287	ZN	1
7ww4_A	D	472	CA	0
7ww4_A	E	250	CA	0
7wzv_B	C	194	SF4	2
7wzv_B	C	260	SF4	2
7wzv_B	C	213	SF4	2
7wzv_B	C	263	SF4	2
7x0r_B	D	332	ZN	1
7x0r_B	D	333	ZN	1
7x12_D	D	268	MN	1
7x12_D	D	245	MN	1
7x12_D	E	244	MN	1
7x2x_A	D	294	CA	0
7x2x_A	E	67	CA	0
7x8d_A	H	279	CO	1
7x8d_A	H	197	CO	1
7x8d_A	E	365	CO	1
7x9x_A	E	127	ZN	1
7x9x_A	E	130	ZN	1
7x9x_A	E	137	ZN	1
7x9x_A	E	39	ZN	1
7x9x_A	H	42	ZN	1
7x9x_A	E	50	ZN	1
7x9x_A	E	131	ZN	1
7x9x_A	E	18	FE	1
7x9x_A	E	51	FE	1
7x9x_A	H	54	FE	1
7x9x_A	E	95	FE	1
7xgj_A	H	130	ZN	1
7xgj_A	H	124	ZN	1
7xgj_A	H	120	ZN	1
7xgj_A	H	69	ZN	1
7xgj_A	H	84	ZN	1
7xgj_A	H	97	ZN	1
7xgj_A	D	71	ZN	1
7xgj_A	E	102	CA	0
7xgj_A	D	99	CA	0
7xgj_A	D	76	CA	0
7xgj_A	D	79	CA	0
7xgj_A	D	95	CA	0
7xgj_A	D	59	CA	0
7xgj_A	D	100	CA	0
7xgj_A	D	25	CA	0
7xgj_A	E	68	CA	0
7xgt_B	H	154	ZN	1
7xgt_B	D	206	ZN	1
7xgt_B	H	75	ZN	1
7xgt_B	H	77	ZN	1
7xgt_B	H	80	ZN	1
7xgt_B	H	269	ZN	1
7xgt_B	D	79	ZN	1
7xnx_Sf	C	50	ZN	1
7xnx_Sf	C	53	ZN	1
7xnx_Sf	C	30	ZN	1
7xnx_Sf	C	35	ZN	1
7xny_Lg	H	72	MG	0
7xny_Lg	C	48	ZN	1
7xny_Lg	C	82	ZN	1
7xny_Lg	C	85	ZN	1
7xny_Lg	C	45	ZN	1
7xp0_A	H	199	ZN	1
7xp0_A	D	128	ZN	1
7xp0_A	H	132	ZN	1
7xp0_A	H	177	ZN	1
7xrf_G	E	298	MN	1
7xrf_G	D	172	MN	1
7xrf_G	E	140	MN	1
7xrf_G	H	262	MN	1
7xrx_C	C	270	CA	0
7xrx_C	D	162	CA	0
7xrx_C	D	348	CA	0
7xrx_C	E	267	CA	0
7xrx_C	D	273	CA	0
7xv2_A	C	9	ZN	1
7xv2_A	C	31	ZN	1
7xv2_A	H	12	ZN	1
7xv2_A	C	28	ZN	1
7xv2_A	D	23	ZN	1
7xv2_A	H	37	ZN	1
7xv2_A	H	40	ZN	1
7xv2_A	C	20	ZN	1
7xv9_B	C	7	ZN	1
7xv9_B	C	24	ZN	1
7xv9_B	C	27	ZN	1
7xv9_B	C	10	ZN	1
7xv9_B	C	62	ZN	1
7xv9_B	C	59	ZN	1
7xv9_B	C	49	ZN	1
7xv9_B	C	43	ZN	1
7xx1_D	H	10	ZN	1
7xx1_D	D	33	ZN	1
7xx1_D	H	96	ZN	1
7y11_B	C	252	NI	1
7y11_B	C	250	NI	1
7y11_B	H	93	NI	1
7y11_B	C	258	NI	1
7y11_B	H	8	NI	1
7y11_B	D	6	NI	1
7y11_B	H	37	NI	1
7y3m_J	C	12	ZN	1
7y3m_J	H	25	ZN	1
7y3m_J	C	9	ZN	1
7y3m_J	H	29	ZN	1
7y3m_J	C	40	ZN	1
7y3m_J	C	37	ZN	1
7y3m_J	H	57	ZN	1
7y3m_J	H	53	ZN	1
7y3y_B	H	373	FE	1
7y3y_B	H	54	FE	1
7y3y_B	H	157	FE	1
7y3y_B	H	295	FE	1
7yer_A_1137_1383	H	210	ZN	1
7yer_A_1137_1383	C	13	ZN	1
7yer_A_1137_1383	H	208	ZN	1
7yer_A_1137_1383	C	16	ZN	1
7ygw_A	E	51	ZN	1
7ygw_A	D	40	ZN	1
7ygw_A	D	44	ZN	1
7ygw_A	D	80	ZN	1
7ygw_A	D	78	ZN	1
7ygw_A	E	87	ZN	1
7ygw_A	D	76	ZN	1
7ym0_B	D	48	CA	0
7ym0_B	E	46	CA	0
7ym0_B	E	148	CA	0
7ymo_A	C	146	ZN	1
7ymo_A	C	170	ZN	1
7ymo_A	C	149	ZN	1
7ymo_A	H	167	ZN	1
7ynx_B	C	43	ZN	1
7ynx_B	C	20	ZN	1
7ynx_B	C	40	ZN	1
7ynx_B	H	22	ZN	1
7ynx_B	C	34	ZN	1
7ynx_B	C	33	ZN	1
7ynx_B	H	50	ZN	1
7ynx_B	H	44	ZN	1
7ynx_B	C	62	ZN	1
7ynx_B	C	65	ZN	1
7ynx_B	C	78	ZN	1
7ynx_B	C	75	ZN	1
7ynx_B	H	101	ZN	1
7ynx_B	C	108	ZN	1
7ynx_B	C	87	ZN	1
7ynx_B	C	90	ZN	1
7ynx_B	C	102	ZN	1
7ynx_B	C	125	ZN	1
7ynx_B	C	105	ZN	1
7ynx_B	H	118	ZN	1
7ynx_B	H	166	ZN	1
7ynx_B	C	186	ZN	1
7ynx_B	C	164	ZN	1
7ynx_B	C	183	ZN	1
7ynx_B	C	172	ZN	1
7ynx_B	H	169	ZN	1
7ynx_B	C	145	ZN	1
7ynx_B	C	148	ZN	1
7ynx_B	C	136	ZN	1
7ynx_B	H	134	ZN	1
7ynx_B	C	119	ZN	1
7ynx_B	C	122	ZN	1
7ysh_A	D	781	ZN	1
7ysh_A	D	392	ZN	1
7ysh_A	C	705	ZN	1
7ysh_A	D	711	ZN	1
7ysi_A	C	8	ZN	1
7ysi_A	C	11	ZN	1
7ysi_A	C	28	ZN	1
7ysi_A	C	31	ZN	1
7yx8_B	H	263	ZN	1
7yx8_B	H	259	ZN	1
7yx8_B	E	277	ZN	1
7yxh_B	H	283	MN	1
7yxh_B	H	180	MN	1
7yxh_B	D	182	MN	1
7yzx_A	D	795	CA	0
7yzx_A	D	799	CA	0
7z36_B	C	213	ZN	1
7z36_B	C	250	ZN	1
7z36_B	C	247	ZN	1
7z36_B	H	215	ZN	1
7z36_B	C	221	ZN	1
7z36_B	C	218	ZN	1
7z36_B	C	198	ZN	1
7z36_B	C	195	ZN	1
7z36_B	H	280	ZN	1
7z36_B	C	300	ZN	1
7z36_B	C	277	ZN	1
7z36_B	C	297	ZN	1
7z36_B	H	305	ZN	1
7z36_B	C	292	ZN	1
7z36_B	H	308	ZN	1
7z36_B	C	289	ZN	1
7z5o_BBB	C	156	SF4	2
7z5o_BBB	C	11	SF4	2
7z5o_BBB	C	17	SF4	2
7z5o_BBB	C	14	SF4	2
7z5o_BBB	C	120	SF4	2
7z5o_BBB	C	81	SF4	2
7z5o_BBB	C	73	SF4	2
7z5o_BBB	C	76	SF4	2
7z5o_BBB	C	140	SF4	2
7z5o_BBB	C	152	SF4	2
7z5o_BBB	C	21	SF4	2
7z5o_BBB	C	137	SF4	2
7z5p_B	H	104	CU	1
7z5p_B	H	423	CU	1
7z5p_B	H	102	CU	1
7z5p_B	H	421	CU	1
7z5p_B	H	150	CU	1
7z5p_B	H	492	CU	1
7z5p_B	H	152	CU	1
7z5p_B	H	490	CU	1
7z5p_B	H	496	CU	1
7z5p_B	H	418	CU	1
7z5p_B	C	491	CU	1
7z6e_E	C	54	ZN	1
7z6e_E	H	5	ZN	1
7z6e_E	C	35	ZN	1
7z6e_E	C	38	ZN	1
7z6e_E	H	43	ZN	1
7z6e_E	C	46	ZN	1
7z6e_E	C	18	ZN	1
7z6e_E	C	21	ZN	1
7z6q_A	E	602	CA	0
7z6q_A	D	562	CA	0
7z6q_A	C	526	SF4	2
7z6q_A	C	535	SF4	2
7z6q_B	C	178	SF4	2
7z6q_B	C	184	SF4	2
7z6q_B	C	181	SF4	2
7z6q_B	C	149	SF4	2
7z6q_B	C	139	SF4	2
7z6q_B	C	142	SF4	2
7z6q_B	C	190	SF4	2
7z6q_B	C	145	SF4	2
7z6s_E	H	279	ZN	1
7z6s_E	E	315	ZN	1
7z6s_E	H	284	ZN	1
7z9f_X	E	51	CA	0
7z9f_X	E	61	CA	0
7zc0_AAA	D	369	CA	0
7zc0_AAA	E	363	CA	0
7zc0_AAA	H	404	CA	0
7zd3_D	C	87	ZN	1
7zd3_D	D	141	ZN	1
7zd3_D	H	325	ZN	1
7zee_A	D	44	MG	0
7zee_A	D	231	MG	0
7zee_A	D	42	MG	0
7zel_B	C	348	ZN	1
7zel_B	C	349	ZN	1
7zel_B	C	314	ZN	1
7zel_B	H	312	ZN	1
7zg8_BBB	D	334	ZN	1
7zg8_BBB	H	340	ZN	1
7zg8_BBB	D	319	ZN	1
7zg8_BBB	C	353	ZN	1
7zgm_A	D	610	CA	0
7zgm_A	E	568	CA	0
7ziy_B	C	259	CA	0
7zj3_J	C	47	ZN	1
7zj3_J	C	24	ZN	1
7zj3_J	C	44	ZN	1
7zj3_J	C	27	ZN	1
7zj3_J	H	41	ZN	1
7zj3_J	C	64	ZN	1
7zj3_J	C	39	ZN	1
7zj3_J	C	61	ZN	1
7zkc_A	D	251	CA	0
7zkc_A	D	120	CA	0
7zkc_A	D	118	CA	0
7zm7_H	C	202	FES	2
7zm7_H	C	240	FES	2
7zm7_H	C	244	FES	2
7zm7_H	C	197	FES	2
7zm7_M	H	125	ZN	1
7zm7_M	C	116	ZN	1
7zm7_M	C	140	ZN	1
7zm7_M	C	143	ZN	1
7zmx_B	C	36	ZN	1
7zmx_B	C	9	ZN	1
7zmx_B	C	11	ZN	1
7zmx_B	H	33	ZN	1
7zmx_B	C	49	ZN	1
7zmx_B	C	27	ZN	1
7zmx_B	C	22	ZN	1
7zmx_B	C	52	ZN	1
7znp_A	D	197	MG	0
7zob_H	C	52	ZN	1
7zob_H	C	90	ZN	1
7zob_H	C	87	ZN	1
7zqe_M	C	129	CU	1
7zqe_M	H	132	CU	1
7zqe_M	H	84	CU	1
7zqy_C	C	94	ZN	1
7zqy_C	C	91	ZN	1
7zrp_C	D	21	CA	0
7zrp_C	D	19	CA	0
7zrp_C	E	30	CA	0
7zrp_C	D	23	CA	0
7zrp_C	D	55	CA	0
7zrp_C	D	57	CA	0
7zrp_C	E	66	CA	0
7zrp_C	D	92	CA	0
7zrp_C	E	103	CA	0
7zrp_C	D	94	CA	0
7zrp_C	D	132	CA	0
7zrp_C	E	139	CA	0
7zrp_C	D	128	CA	0
7zrp_C	D	130	CA	0
7zrp_C	E	13	ZN	1
7zrp_C	E	113	ZN	1
7zrp_C	D	79	ZN	1
7zrp_C	D	77	ZN	1
7zrp_C	E	83	ZN	1
7zvm_A	H	84	MG	0
7zvm_A	H	45	MG	0
7zvm_A	E	50	MG	0
7zw0_Lj	C	83	ZN	1
7zw0_Lj	C	46	ZN	1
7zw0_Lj	C	43	ZN	1
7zw0_sN	C	67	ZN	1
7zw0_sN	C	64	ZN	1
7zw0_sN	C	44	ZN	1
7zw0_sN	C	49	ZN	1
7zw0_sh	C	641	ZN	1
7zw0_sh	C	673	ZN	1
7zw0_sh	C	643	ZN	1
7zw0_sh	C	669	ZN	1
7zw0_sh	H	616	ZN	1
7zw0_sh	C	633	ZN	1
7zw0_sh	C	652	ZN	1
7zw0_sh	C	614	ZN	1
7zw0_sh	H	623	ZN	1
7zw0_sh	C	618	ZN	1
7zw0_sh	C	607	ZN	1
7zw0_sh	C	585	ZN	1
7zw0_sh	C	603	ZN	1
7zw0_sh	C	622	ZN	1
7zw0_sh	H	587	ZN	1
7zw0_sh	C	578	ZN	1
7zw0_sh	C	589	ZN	1
7zw0_sh	H	594	ZN	1
7zw0_sh	C	599	ZN	1
7zw0_sh	C	593	ZN	1
7zw0_sh	C	574	ZN	1
7zw0_sh	C	557	ZN	1
7zw0_sh	C	555	ZN	1
7zw0_sh	H	530	ZN	1
7zw0_sh	C	528	ZN	1
7zw0_sh	C	547	ZN	1
7zw0_sh	C	567	ZN	1
7zw0_sh	C	544	ZN	1
7zw0_sh	C	518	ZN	1
7zw0_sh	H	538	ZN	1
7zw0_sh	C	507	ZN	1
7zw0_sh	C	484	ZN	1
7zw0_sh	C	467	ZN	1
7zw0_sh	H	470	ZN	1
7zw0_sh	C	461	ZN	1
7zw0_sh	H	477	ZN	1
7zw0_sh	C	472	ZN	1
7zw0_sh	C	481	ZN	1
7zw0_sh	C	457	ZN	1
7zw0_sh	C	416	ZN	1
7zw0_sh	H	419	ZN	1
7zw0_sh	C	421	ZN	1
7zw0_sh	C	410	ZN	1
7zw0_sh	C	426	ZN	1
7zw0_sh	H	455	ZN	1
7zw0_sh	C	425	ZN	1
7zw0_sh	C	406	ZN	1
7zw0_sh	C	387	ZN	1
7zw0_sh	C	389	ZN	1
7zw0_sh	C	166	ZN	1
7zw0_sh	C	149	ZN	1
7zw0_sh	C	131	ZN	1
7zw0_sh	C	133	ZN	1
7zw0_sh	C	184	ZN	1
7zw0_sh	C	205	ZN	1
7zw0_sh	C	224	ZN	1
7zw0_sh	C	182	ZN	1
7zw0_sh	C	305	ZN	1
7zw0_sh	C	250	ZN	1
7zw0_sh	C	286	ZN	1
7zw0_sh	C	248	ZN	1
7zw0_sh	C	260	ZN	1
7zw0_sh	C	215	ZN	1
7zw0_sh	H	218	ZN	1
7zw0_sh	C	232	ZN	1
7zw0_sh	H	225	ZN	1
7zw0_sh	C	229	ZN	1
7zw0_sh	C	209	ZN	1
7zw0_sh	C	220	ZN	1
7zw0_sh	C	317	ZN	1
7zw0_sh	H	299	ZN	1
7zw0_sh	C	344	ZN	1
7zw0_sh	C	329	ZN	1
7zw0_sh	C	351	ZN	1
7zw0_sh	C	370	ZN	1
7zw0_sh	C	327	ZN	1
7zw0_sh	H	371	ZN	1
7zw0_sh	C	366	ZN	1
7zw0_sh	C	355	ZN	1
7zw0_sh	H	364	ZN	1
7zw0_sh	C	379	ZN	1
7zw0_sh	C	361	ZN	1
7zw0_sh	C	116	ZN	1
7zw0_sh	C	86	ZN	1
7zw0_sh	C	83	ZN	1
7zw0_sh	C	113	ZN	1
7zw0_sh	C	70	ZN	1
7zw0_sh	C	67	ZN	1
7zw0_sh	C	94	ZN	1
7zw0_sh	D	91	ZN	1
7zw0_sh	H	167	ZN	1
7zw0_sh	C	162	ZN	1
7zw0_sh	H	171	ZN	1
7zw0_sh	C	153	ZN	1
7zwd_b	H	318	ZN	1
7zwd_b	H	312	ZN	1
7zwd_b	C	220	ZN	1
7zwd_b	C	316	ZN	1
7zwd_b	C	353	ZN	1
7zwd_b	C	379	ZN	1
7zwd_b	C	356	ZN	1
7zwd_b	C	382	ZN	1
7zyv_L	H	159	FES	2
7zyv_L	C	157	FES	2
7zyv_L	H	178	FES	2
7zyv_L	C	175	FES	2
8a1b_A	H	148	MN	1
8a1b_A	H	159	MN	1
8a1b_A	H	161	MN	1
8a22_AD	C	13	ZN	1
8a22_AD	H	37	ZN	1
8a22_AD	C	10	ZN	1
8a22_AD	C	31	ZN	1
8a28_B	H	121	ZN	1
8a28_B	D	16	ZN	1
8a28_B	H	127	ZN	1
8a28_B	H	117	ZN	1
8a30_A	E	624	MG	0
8a30_A	E	634	MG	0
8a3d_d	C	18	ZN	1
8a3d_d	C	36	ZN	1
8a3d_d	C	33	ZN	1
8a3d_d	C	21	ZN	1
8a3d_i	C	76	ZN	1
8a3d_i	C	11	ZN	1
8a3d_i	C	71	ZN	1
8a3d_i	C	14	ZN	1
8a3d_j	C	38	ZN	1
8a3d_j	C	59	ZN	1
8a3d_j	C	41	ZN	1
8a3d_j	C	56	ZN	1
8a58_D	C	53	ZN	1
8a58_D	H	32	ZN	1
8a58_D	C	50	ZN	1
8a58_D	C	30	ZN	1
8a58_D	C	15	ZN	1
8a58_D	C	35	ZN	1
8a58_D	C	18	ZN	1
8a58_D	C	38	ZN	1
8a5f_A	C	215	SF4	2
8a5f_A	C	205	SF4	2
8a5f_A	C	221	SF4	2
8a5f_A	C	212	SF4	2
8a5i_5	C	45	ZN	1
8a5i_5	C	29	ZN	1
8a5i_5	C	32	ZN	1
8a5i_5	C	42	ZN	1
8a8d_B	C	336	ZN	1
8a8d_B	H	338	ZN	1
8a8d_B	C	324	ZN	1
8a8d_B	C	327	ZN	1
8a8d_B	E	149	CA	0
8acq_L	H	181	CU	1
8acq_L	H	75	CU	1
8acq_L	H	73	CU	1
8ad2_C	D	10	ZN	1
8ad2_C	E	49	ZN	1
8ad2_C	E	138	ZN	1
8ajq_G	C	33	ZN	1
8ajq_G	C	30	ZN	1
8ajq_G	C	28	ZN	1
8ajq_G	C	67	ZN	1
8ajq_G	C	9	ZN	1
8ajq_G	C	11	ZN	1
8ajq_G	C	70	ZN	1
8ajy_C	D	191	CA	0
8ajy_C	D	136	CA	0
8ajy_D	D	32	CA	0
8ajy_D	D	30	CA	0
8ajy_D	D	41	CA	0
8ajy_D	D	80	CA	0
8ajy_D	D	69	CA	0
8ajy_D	D	73	CA	0
8amq_A	C	22	F3S	2
8amq_A	C	16	F3S	2
8amq_A	C	60	F3S	2
8amq_A	H	78	NI	1
8amq_A	D	71	NI	1
8amq_A	H	76	NI	1
8amt_AAA	H	38	MN	1
8amt_AAA	H	56	MN	1
8amt_AAA	D	41	MN	1
8amt_AAA	H	54	MN	1
8au6_A	E	290	CA	0
8au6_A	D	234	CA	0
8axi_B	D	278	CA	0
8axi_B	E	277	CA	0
8axi_B	E	267	CA	0
8aye_4	C	39	ZN	1
8aye_4	C	15	ZN	1
8aye_4	C	17	ZN	1
8aye_4	C	36	ZN	1
8ayr_B	D	586	CA	0
8ayr_B	E	697	CA	0
8ayr_B	D	588	CA	0
8ayr_B	C	482	CA	0
8ayr_B	D	387	CA	0
8b0x_3	C	13	ZN	1
8b0x_3	C	26	ZN	1
8b0x_3	H	32	ZN	1
8b0x_3	C	10	ZN	1
8b1n_B	E	169	MG	0
8b1n_B	E	178	MG	0
8b1n_B	E	117	MG	0
8b1n_B	E	170	MG	0
8b6g_CB	C	126	FES	2
8b6g_CB	C	129	FES	2
8b6g_CB	C	121	FES	2
8b6g_CB	C	141	FES	2
8b6g_CB	C	281	SF4	2
8b6g_CB	C	214	SF4	2
8b6g_CB	C	217	SF4	2
8b6g_CB	C	220	SF4	2
8b6g_CB	C	277	F3S	2
8b6g_CB	C	224	F3S	2
8b6g_CB	C	271	F3S	2
8b6g_CB	D	252	CA	0
8b6g_CB	D	249	CA	0
8b6j_e	C	215	FES	2
8b6j_e	C	196	FES	2
8b6j_e	C	217	FES	2
8b6j_e	H	198	FES	2
8b6j_e	H	218	FES	2
8b6j_e	C	201	FES	2
8bal_F	C	205	ZN	1
8bal_F	E	140	ZN	1
8bal_F	C	208	ZN	1
8bal_F	C	164	ZN	1
8beg_B	D	390	MG	0
8beg_B	E	393	MG	0
8big_A	H	301	NI	1
8bj8_A	C	380	SF4	2
8bj8_A	C	177	SF4	2
8bj8_A	C	232	SF4	2
8bj8_A	C	376	SF4	2
8bj8_A	C	67	SF4	2
8bj8_A	C	70	SF4	2
8bj8_A	C	64	SF4	2
8bj8_A	C	43	SF4	2
8bj8_A	C	36	SF4	2
8bj8_A	C	39	SF4	2
8bj8_A	C	74	SF4	2
8bj8_A	C	33	SF4	2
8bpc_B	D	174	CA	0
8bpc_B	H	178	CA	0
8bpc_B	D	176	CA	0
8bpc_C	C	288	ZN	1
8bpc_C	C	314	ZN	1
8bpc_C	C	291	ZN	1
8bpc_C	H	317	ZN	1
8bpc_C	C	299	ZN	1
8bpc_C	C	276	ZN	1
8bpc_C	C	273	ZN	1
8bpc_C	H	296	ZN	1
8brs_B	D	335	CA	0
8brs_B	D	339	CA	0
8brs_B	D	343	CA	0
8brs_B	E	255	CA	0
8brs_B	D	75	CA	0
8bvl_B	C	10	ZN	1
8bvl_B	C	25	ZN	1
8bvl_B	C	28	ZN	1
8bvl_B	C	5	ZN	1
8bvl_B	C	99	ZN	1
8bvl_B	C	84	ZN	1
8bvl_B	C	102	ZN	1
8bvl_B	C	81	ZN	1
8bvl_B	C	45	ZN	1
8bvl_B	H	40	ZN	1
8bvl_B	C	36	ZN	1
8bvl_B	C	33	ZN	1
8byk_A	H	347	ZN	1
8byk_A	C	300	ZN	1
8byk_A	C	346	ZN	1
8byk_A	H	444	ZN	1
8c01_o	C	325	ZN	1
8c01_o	C	303	ZN	1
8c01_o	C	322	ZN	1
8c01_o	C	306	ZN	1
8c0i_AAA	D	50	MG	0
8c0i_AAA	E	46	MG	0
8c10_A	D	183	MG	0
8c10_A	D	181	MG	0
8c9v_A	D	128	MG	0
8c9v_A	D	154	MG	0
8csp_E	C	104	FES	2
8css_7	C	346	SF4	2
8css_7	C	403	SF4	2
8css_7	C	332	SF4	2
8css_7	C	338	SF4	2
8cuc_G	C	41	ZN	1
8cuc_G	H	58	ZN	1
8cuc_G	H	54	ZN	1
8cuc_G	C	38	ZN	1
8cuc_G	H	30	ZN	1
8cuc_G	H	26	ZN	1
8cuc_G	C	10	ZN	1
8cuc_G	C	13	ZN	1
8cvj_16	E	50	MG	0
8cvj_16	C	15	ZN	1
8cvj_16	C	12	ZN	1
8cvj_16	C	39	ZN	1
8cvj_16	C	42	ZN	1
8cvl_1W	E	77	MG	0
8cvl_1W	H	101	MG	0
8cvl_1W	D	76	MG	0
8cvl_1Y	C	98	ZN	1
8cvl_1Y	C	75	ZN	1
8cvl_1Y	C	78	ZN	1
8cvl_1Y	C	101	ZN	1
8cvl_2d	C	8	SF4	2
8cvl_2d	C	11	SF4	2
8cvl_2d	C	30	SF4	2
8cvl_2d	C	25	SF4	2
8cvl_2n	C	26	ZN	1
8cvl_2n	C	39	ZN	1
8cvl_2n	C	42	ZN	1
8cvl_2n	C	23	ZN	1
8cwt_B	H	5	NI	1
8cwt_B	H	7	NI	1
8cwt_B	H	2	NI	1
8cwt_B	H	3	NI	1
8cwt_E	C	52	SF4	2
8cwt_E	C	61	SF4	2
8cwt_E	C	22	SF4	2
8cwt_E	C	55	SF4	2
8cx0_A	C	290	ZN	1
8cx0_A	C	287	ZN	1
8cx0_A	H	256	ZN	1
8cx0_A	C	96	ZN	1
8cx0_A	C	99	ZN	1
8cx0_A	H	64	ZN	1
8cx0_B	H	107	ZN	1
8cx0_B	C	132	ZN	1
8cx0_B	H	138	ZN	1
8cx0_B	C	113	ZN	1
8d1e_E	D	303	CA	0
8d1e_E	D	300	CA	0
8d1i_E	D	300	CA	0
8d1i_E	D	303	CA	0
8d1x_F	E	333	MN	1
8d1x_F	D	331	MN	1
8d1x_F	D	254	MN	1
8d3z_A	H	365	MN	1
8d3z_A	D	261	MN	1
8d3z_A	H	363	MN	1
8d8l_0	C	399	SF4	2
8d8l_0	C	512	SF4	2
8d8l_0	C	378	SF4	2
8d8l_0	C	372	SF4	2
8d8l_B	D	346	MG	0
8d8l_B	D	362	MG	0
8d8l_B	D	363	MG	0
8d9p_A	E	134	MN	1
8d9p_A	H	137	MN	1
8d9p_A	E	160	MN	1
8d9p_A	E	63	MN	1
8d9p_A	H	66	MN	1
8d9p_A	E	33	MN	1
8dcm_C	E	221	CA	0
8dcm_C	D	180	CA	0
8dcm_C	D	182	CA	0
8dcm_C	D	231	CA	0
8dcm_C	E	189	CA	0
8dcm_C	D	178	CA	0
8dcm_C	D	581	CA	0
8dcm_C	D	692	CA	0
8deo_B	D	119	CA	0
8deo_B	D	129	CA	0
8df2_D	H	222	ZN	1
8df2_D	H	226	ZN	1
8df2_D	H	232	ZN	1
8df2_D	D	346	CA	0
8df2_D	D	338	CA	0
8dge_D	E	253	CA	0
8dge_D	E	335	CA	0
8dge_D	D	353	CA	0
8dge_D	H	416	MN	1
8dge_D	D	425	MN	1
8dhl_B	D	764	CA	0
8dhl_B	D	772	CA	0
8dhl_B	D	74	CA	0
8dhl_B	D	78	CA	0
8djh_A	E	10	ZN	1
8djh_A	D	14	ZN	1
8djh_A	E	32	ZN	1
8djh_A	H	34	ZN	1
8dk0_A	D	231	CA	0
8dk0_A	E	17	CA	0
8dqn_G	E	158	ZN	1
8dqn_G	H	226	ZN	1
8dqn_G	H	197	ZN	1
8dqn_G	D	285	ZN	1
8dqn_G	H	63	ZN	1
8dqn_G	H	65	ZN	1
8dte_A	D	101	MG	0
8dtn_H	H	26	ZN	1
8dtn_H	C	5	ZN	1
8dtn_H	H	21	ZN	1
8dtn_H	C	8	ZN	1
8dze_F	C	405	ZN	1
8dze_F	C	444	ZN	1
8dze_F	C	402	ZN	1
8dze_F	C	445	ZN	1
8e51_C	D	89	CA	0
8e51_C	D	163	CA	0
8e51_C	D	125	CA	0
8e51_C	E	31	CA	0
8e51_C	D	122	CA	0
8e51_C	E	32	CA	0
8e51_C	D	87	CA	0
8e51_C	D	161	CA	0
8e51_C	D	219	CA	0
8e51_C	E	248	CA	0
8e51_C	E	141	CA	0
8e51_C	D	240	CA	0
8e51_C	E	206	CA	0
8e51_C	D	243	CA	0
8e5d_A	E	91	MG	0
8e60_A	D	33	MN	1
8e7f_A	D	348	CA	0
8e7f_A	D	355	CA	0
8e7f_A	E	17	CA	0
8e7f_A	E	56	CA	0
8e7f_A	D	97	CA	0
8e7f_A	E	525	CA	0
8e7f_A	D	533	CA	0
8eaj_F	C	149	ZN	1
8eaj_F	H	144	ZN	1
8eaj_F	C	174	ZN	1
8eaj_F	C	171	ZN	1
8ecy_H	E	195	MN	1
8ecy_H	E	135	MN	1
8ecy_H	E	202	MN	1
8ecy_H	E	337	MN	1
8ecy_H	E	133	MN	1
8ecy_H	H	252	MN	1
8edk_A	D	89	CA	0
8ein_D	E	43	ZN	1
8ein_D	H	40	ZN	1
8ein_D	H	169	ZN	1
8em4_B_219_1224	D	77	CA	0
8em4_B_219_1224	E	78	CA	0
8em4_B_219_1224	D	67	CA	0
8em4_B_219_1224	D	71	CA	0
8em4_B_27_103	D	31	CA	0
8em4_B_27_103	D	21	CA	0
8em4_B_27_103	E	32	CA	0
8em4_B_27_103	D	25	CA	0
8em4_B_3033_3880	E	124	CA	0
8em4_B_3033_3880	D	121	CA	0
8em4_B_219_1224	D	23	CA	0
8em4_B_219_1224	D	27	CA	0
8em4_B_219_1224	D	25	CA	0
8em4_B_219_1224	D	359	CA	0
8em4_B_3992_4413	E	20	CA	0
8em4_B_3992_4413	D	17	CA	0
8em4_B_3033_3880	E	82	CA	0
8em4_B_3033_3880	D	97	CA	0
8em4_B_3033_3880	E	833	CA	0
8em4_B_3033_3880	D	831	CA	0
8em4_B_3033_3880	D	841	CA	0
8em4_B_3033_3880	D	835	CA	0
8em4_B_3033_3880	E	842	CA	0
8em4_B_3033_3880	D	787	CA	0
8em4_B_3033_3880	D	791	CA	0
8em4_B_3033_3880	D	797	CA	0
8em4_B_3033_3880	E	798	CA	0
8em4_B_3033_3880	D	752	CA	0
8em4_B_3033_3880	E	759	CA	0
8em4_B_3033_3880	D	758	CA	0
8em4_B_3033_3880	D	748	CA	0
8em4_B_3033_3880	E	750	CA	0
8em4_B_3033_3880	D	719	CA	0
8em4_B_3033_3880	D	709	CA	0
8em4_B_3033_3880	D	713	CA	0
8em4_B_3033_3880	E	720	CA	0
8em4_B_3033_3880	D	673	CA	0
8em4_B_3033_3880	D	679	CA	0
8em4_B_3033_3880	E	680	CA	0
8em4_B_3033_3880	D	628	CA	0
8em4_B_3033_3880	D	624	CA	0
8em4_B_3033_3880	D	626	CA	0
8em4_B_3033_3880	E	635	CA	0
8em4_B_3033_3880	D	634	CA	0
8em4_B_3033_3880	D	593	CA	0
8em4_B_3033_3880	E	594	CA	0
8em4_B_3033_3880	D	587	CA	0
8em4_B_3033_3880	D	583	CA	0
8em4_B_3033_3880	D	546	CA	0
8em4_B_3033_3880	D	552	CA	0
8em4_B_3033_3880	E	553	CA	0
8em4_B_3033_3880	D	68	CA	0
8em4_B_3033_3880	D	74	CA	0
8em4_B_3033_3880	E	75	CA	0
8em4_B_3033_3880	D	506	CA	0
8em4_B_3033_3880	D	502	CA	0
8em4_B_3033_3880	E	513	CA	0
8em4_B_3033_3880	D	512	CA	0
8em4_B_3033_3880	D	31	CA	0
8em4_B_3033_3880	E	32	CA	0
8em4_B_3033_3880	D	25	CA	0
8em4_B_3033_3880	D	23	CA	0
8em4_B_3033_3880	D	21	CA	0
8em4_B_3033_3880	D	261	CA	0
8em4_B_3033_3880	E	290	CA	0
8em4_B_219_1224	D	915	CA	0
8em4_B_219_1224	D	913	CA	0
8em4_B_219_1224	E	922	CA	0
8em4_B_219_1224	D	911	CA	0
8em4_B_219_1224	D	921	CA	0
8em4_B_219_1224	E	962	CA	0
8em4_B_219_1224	D	961	CA	0
8em4_B_219_1224	D	953	CA	0
8em4_B_219_1224	D	951	CA	0
8em4_B_219_1224	D	955	CA	0
8em4_B_219_1224	D	836	CA	0
8em4_B_219_1224	D	830	CA	0
8em4_B_219_1224	E	837	CA	0
8em4_B_219_1224	D	826	CA	0
8em4_B_219_1224	D	872	CA	0
8em4_B_219_1224	D	878	CA	0
8em4_B_219_1224	E	879	CA	0
8em4_B_219_1224	D	868	CA	0
8em4_B_219_1224	D	33	CA	0
8em4_B_219_1224	E	34	CA	0
8em4_B_27_103	D	63	CA	0
8em4_B_27_103	D	71	CA	0
8em4_B_27_103	E	72	CA	0
8em4_B_27_103	D	61	CA	0
8em4_B_27_103	D	65	CA	0
8em4_B_219_1224	D	994	CA	0
8em4_B_219_1224	D	990	CA	0
8em4_B_219_1224	D	1000	CA	0
8em4_B_219_1224	E	1001	CA	0
8em4_B_219_1224	D	672	CA	0
8epv_A	E	123	ZN	1
8epv_A	E	120	ZN	1
8epv_A	E	119	ZN	1
8ew1_C	E	45	CA	0
8ew1_C	D	258	CA	0
8f70_A	D	554	CA	0
8f70_A	D	558	CA	0
8f70_A	D	538	CA	0
8f70_A	D	274	CA	0
8f70_A	D	254	CA	0
8f70_A	D	270	CA	0
8fei_A	H	268	FE	1
8fei_A	D	78	FE	1
8fei_A	D	413	FE	1
8fei_A	H	610	FE	1
8ffu_D	D	68	MG	0
8fny_C	H	242	ZN	1
8fny_C	H	190	ZN	1
8fny_C	C	244	ZN	1
8fny_C	C	248	ZN	1
8fum_G	H	219	FE	1
8fum_G	E	273	FE	1
8fum_G	H	44	FE	1
8fum_G	D	346	FE	1
8fum_G	D	42	FE	1
8fun_D	E	264	MN	1
8fun_D	D	336	MN	1
8fun_D	H	26	MN	1
8fun_D	D	24	MN	1
8fun_D	H	210	MN	1
8fun_D	H	339	MN	1
8fzk_C	D	320	MG	0
8g44_A	H	63	ZN	1
8g44_A	C	41	ZN	1
8g44_A	C	38	ZN	1
8g44_A	H	57	ZN	1
8g44_A	C	46	ZN	1
8g44_A	C	29	ZN	1
8g44_A	C	26	ZN	1
8g44_A	H	53	ZN	1
8g44_A	C	79	ZN	1
8g44_A	C	6	ZN	1
8g44_A	C	76	ZN	1
8g44_A	H	8	ZN	1
8g46_B	C	182	ZN	1
8g46_B	C	103	ZN	1
8g46_B	C	106	ZN	1
8g46_B	C	180	ZN	1
8gps_A	H	183	MG	0
8gps_A	D	181	MG	0
8gps_A	D	160	MG	0
8gst_D	E	129	MG	0
8gst_D	E	131	MG	0
8gst_D	D	160	MG	0
8gzc_B	C	101	ZN	1
8gzc_B	H	98	ZN	1
8gzc_B	C	7	ZN	1
8gzc_B	C	6	ZN	1
8gzc_B	C	90	ZN	1
8gzc_B	C	118	ZN	1
8gzc_B	C	93	ZN	1
8gzc_B	C	115	ZN	1
8gzc_B	C	47	ZN	1
8gzc_B	C	44	ZN	1
8gzc_B	C	20	ZN	1
8gzc_B	C	26	ZN	1
8gzh_D	C	70	ZN	1
8gzh_D	C	72	ZN	1
8gzh_D	C	85	ZN	1
8h3x_C	D	193	ZN	1
8h3x_C	H	351	ZN	1
8h3x_C	H	347	ZN	1
8h3x_C	H	357	ZN	1
8h6s_B	E	124	MG	0
8h6s_B	D	262	MG	0
8h8s_N	H	289	CU	1
8h8s_N	H	290	CU	1
8h8s_N	H	239	CU	1
8h8s_N	H	367	MG	0
8h8s_N	D	368	MG	0
8h8s_N	E	39	CA	0
8h97_A	D	436	CA	0
8h97_A	D	593	CA	0
8h97_A	D	434	CA	0
8hfb_B	H	63	NI	1
8hfb_B	H	61	NI	1
8hfb_B	H	102	NI	1
8hfb_B	E	68	NI	1
8hfb_B	H	235	NI	1
8hfb_B	H	233	NI	1
8hfb_B	H	274	NI	1
8hfb_B	E	240	NI	1
8him_A_321_1232	D	130	MG	0
8him_A_321_1232	D	128	MG	0
8him_A_321_1232	D	132	MG	0
8him_A_321_1232	C	683	ZN	1
8him_A_321_1232	H	617	ZN	1
8him_A_321_1232	C	668	ZN	1
8him_A_321_1232	H	619	ZN	1
8hu6_C	H	216	ZN	1
8hu6_C	D	562	ZN	1
8hu6_C	H	218	ZN	1
8hu6_C	H	485	ZN	1
8hua_A	H	239	CU	1
8hua_A	H	288	CU	1
8hua_A	H	289	CU	1
8i5s_A	D	559	CA	0
8i5s_A	D	567	CA	0
8i5s_A	D	563	CA	0
8i5s_A	D	561	CA	0
8ia0_CQ	C	5	ZN	1
8ia0_CQ	C	8	ZN	1
8ia0_CQ	C	35	ZN	1
8ia0_CQ	C	31	ZN	1
8ifo_F	C	57	ZN	1
8ifo_F	C	41	ZN	1
8ifo_F	C	47	ZN	1
8ifo_F	C	60	ZN	1
8ifo_F	C	5	ZN	1
8ifo_F	C	8	ZN	1
8ifo_F	C	25	ZN	1
8ifo_F	C	22	ZN	1
8im8_D	D	206	CA	0
8im8_D	D	202	CA	0
8im8_D	D	226	CA	0
8im8_D	D	405	CA	0
8im8_D	H	463	CA	0
8ood_A	H	99	MG	0
8sa8_B	E	351	MG	0
8slg_B	C	113	ZN	1
8slg_B	C	145	ZN	1
8slg_B	C	110	ZN	1
8slg_B	C	148	ZN	1
